COSMETIC_REPORT_SEQ,ITEM_NAME,ENTP_NAME,report_date
2008000277,핫스탑플러스선크림에스피에프33,정산생명공학(주),2008-10-30 00:00:00
2008000278,허브선크림,정산생명공학(주),2008-10-30 00:00:00
2008000279,엔찬트엠에프선크림,정산생명공학(주),2008-10-30 00:00:00
2008001543,"닥터랩유브이퍼펙트선크림에스피에프35,피에이++",한국콜마주식회사,2008-12-29 00:00:00
2009001641,리더스클리니에라이프소스선크림,디케이화장품,2009-03-04 00:00:00
2009001830,리더스클리니에라이프소스선크림에스피에프50플러스피에이플러스플러스플러스,디케이화장품,2009-03-10 00:00:00
2009002643,리더스메디유센시티브선크림에스피에프50플러스피에이플러스플러스플러스,디케이화장품,2009-04-06 00:00:00
2009002910,카리오페프로텍션선크림에스피에프39,유씨엘(주),2009-04-14 00:00:00
2009003637,베이비돌즈퓨어선크림에스피에프27,(주)하나코스,2009-05-13 00:00:00
2009003982,미셀선세리선크림에스피에프50플러스피에이플러스플러스플러스,디케이화장품,2009-05-28 00:00:00
2009007297,지오셈프레해피&플리즈프리뷰선크림에스피에프50+피에이+++,라미화장품(주),2009-09-23 00:00:00
2010005737,헬리오가드선크림(에스피에프50플러스피에이플러스플러스플러스),디케이화장품,2010-06-08 00:00:00
2011005615,유브이퍼펙트트리플프로텍션선크림에스피에프50/피에이플러스플러스플러스,디케이화장품,2011-05-02 00:00:00
2011005871,벨리시모선크림(에스피에프50플러스피에이플러스플러스플러스),디케이화장품,2011-05-11 00:00:00
2012004163,퍼펙트선크림,(주)피코바이오,2012-04-20 00:00:00
2012006597,센시티브선크림,(주)피코바이오,2012-08-16 00:00:00
2012009356,아바타선크림,(주)코스메카코리아,2012-11-13 00:00:00
2012009455,페리페라아쿠아원더선크림,(주)코스메카코리아,2012-11-13 00:00:00
2012010242,천년비책고윤진홍선크림,엔프라니주식회사,2012-11-20 00:00:00
2013000426,수려한정율선크림,(주)엘지생활건강,2013-01-03 00:00:00
2013007973,네츄럴미네랄선크림50,(주)미네랄바이오,2013-02-04 00:00:00
2012009506,지24기능성선크림,(주)코스메카코리아,2012-11-13 00:00:00
2012009533,에스쁘아마일드선크림,(주)코스메카코리아,2012-11-13 00:00:00
2012009976,오퍼스비즈인컬러선크림,(주)코스메카코리아,2012-11-16 00:00:00
2013008322,소르띠에인텐션선크림,더라미주식회사,2013-02-04 00:00:00
2013008356,소르띠에인텐션선크림,더라미주식회사,2013-02-04 00:00:00
2013010230,후루디아데일리솔루션선크림,(주)웰코스,2013-02-08 00:00:00
2013011073,디티에스메디선크림에스피에프40피에이++,(주)디티에스엠지,2013-02-13 00:00:00
2013011406,포쉬에선크림,오마샤리프화장품주식회사,2013-02-14 00:00:00
2013012575,아이오페마일드선크림,(주)아모레퍼시픽,2013-02-18 00:00:00
2013012581,마몽드내추럴선크림,(주)아모레퍼시픽,2013-02-18 00:00:00
2013012586,베리떼데일리선크림에스피에프35피에이++,(주)아모레퍼시픽,2013-02-18 00:00:00
2013013382,해피바스비오베베순한선크림,(주)아모레퍼시픽,2013-02-20 00:00:00
2013014802,베리떼레포츠선크림에스피에프50+피에이+++,(주)아모레퍼시픽,2013-02-28 00:00:00
2012010608,아토베베베이비선크림에스피에프30피에이++,한국콜마(주),2012-11-26 00:00:00
2012010615,포토덤레이저에스피에프50+선크림,바이오더마코리아 유한회사,2012-11-26 00:00:00
2012010618,리빙코스모그린마일드선크림,한국콜마(주),2012-11-26 00:00:00
2013015487,뷰나보송보송퓨어스킨파우더리선크림,(주)누보르코스메틱,2013-03-08 00:00:00
2013015618,유브이퍼펙트커버선크림,(주)에스테틱하우스,2013-03-11 00:00:00
2012010628,네이처리퍼블릭윈터선크림,한국콜마(주),2012-11-26 00:00:00
2012011504,퍼펙트선쉴드페이스선크림,(주)엘지생활건강,2012-12-07 00:00:00
2012011740,에바스비타민올인원선크림,(주)에바스코스메틱,2012-12-12 00:00:00
2013016477,리리코스옴므마린선크림에스피에프50+피에이+++,(주)아모레퍼시픽,2013-03-21 00:00:00
2013016513,아리얼틴스킨선크림,(주)뷰티팩토리,2013-03-21 00:00:00
2013016516,아리얼유브이세이프티모이스처라이징선크림,(주)뷰티팩토리,2013-03-21 00:00:00
2012011965,비욘드트루에코선크림,(주)엘지생활건강,2012-12-17 00:00:00
2012012009,더히스토리오브후공진향진해윤선크림팩트,(주)엘지생활건강,2012-12-17 00:00:00
2012012066,수려한효발효선크림,(주)엘지생활건강,2012-12-17 00:00:00
2013016877,칼리유비무환선크림,한국화장품(주),2013-03-27 00:00:00
2013017628,에이.케어오일컷선크림,(주)아이미스,2013-04-09 00:00:00
2012012070,더히스토리오브후공진향설미백선크림,(주)엘지생활건강,2012-12-17 00:00:00
2012012071,수려한비책순백선크림,(주)엘지생활건강,2012-12-17 00:00:00
2013000180,인텐스케어스네일선크림,(주)토니모리,2013-01-02 00:00:00
2013017785,베이비돌즈퓨어선크림,(주)데레온코스메틱,2013-04-10 00:00:00
2013017838,"라꾸베영키토선크림에스피에프30,피에이++",해피랜드코퍼레이션(주),2013-04-11 00:00:00
2013018170,NBi-5SCI디엔에이디에스선크림SPF30PA++,삼성메디코스주식회사,2013-04-17 00:00:00
2013020008,시크릿키데일리에어라이트씨씨선크림에스피에프45피에이+++,(주)시크릿키,2013-06-04 00:00:00
2013020430,참존스킨타운선크림마스터,(주)참존,2013-06-18 00:00:00
2013023965,새콤달콤핸드크림사과향의손주름개선크림,(주)내츄럴코리아,2013-09-30 00:00:00
2013000330,케어존닥터솔루션아큐어선크림,(주)엘지생활건강,2013-01-03 00:00:00
2013000407,나나스비샤이니선크림,(주)엘지생활건강,2013-01-03 00:00:00
2013000445,더히스토리오브후공진향군자양선크림,(주)엘지생활건강,2013-01-03 00:00:00
2013023968,새콤달콤핸드크림복숭아향의손주름개선크림,(주)내츄럴코리아,2013-09-30 00:00:00
2013026912,더마란스비타선크림,(주)양스코스메틱,2013-12-19 00:00:00
2013000447,보닌더스타일워셔블선크림,(주)엘지생활건강,2013-01-03 00:00:00
2013000452,오휘포맨레포츠선크림,(주)엘지생활건강,2013-01-03 00:00:00
2013000479,이자녹스엑스투디투링클선크림,(주)엘지생활건강,2013-01-03 00:00:00
2014001159,수려한비책진자단비책선크림,(주)엘지생활건강,2014-02-07 00:00:00
2014002231,수려한자단비책선크림,(주)엘지생활건강,2014-03-05 00:00:00
2013000485,비욘드키즈에코선크림,(주)엘지생활건강,2013-01-03 00:00:00
2013000489,비욘드피토가닉선크림,(주)엘지생활건강,2013-01-03 00:00:00
2013000548,수려한예하선크림,(주)엘지생활건강,2013-01-03 00:00:00
2014007073,샤라샤라페어리스메이크업시너지선크림,(주)카버코리아,2014-06-19 00:00:00
2014011345,히라스네이쳐오일프리선크림,주식회사더제냐코스메틱,2014-10-21 00:00:00
2013000553,수려한비책자단선크림홍,(주)엘지생활건강,2013-01-03 00:00:00
2013000556,수려한비책자단선크림,(주)엘지생활건강,2013-01-03 00:00:00
2013001043,비에타포맨토탈파워선크림,(주)마임,2013-01-07 00:00:00
2015005264,스템시크릿골드스킨리바이탈라이징선크림,(주)미래셀바이오,2015-04-14 00:00:00
2013001080,네이처리퍼블릭유브이락플라워마일드선크림,(주)네이처리퍼블릭,2013-01-08 00:00:00
2013001161,이자녹스씨케이선케어365어드밴스드선크림,(주)엘지생활건강,2013-01-08 00:00:00
2013001165,이자녹스선케어365어드밴스드선크림,(주)엘지생활건강,2013-01-08 00:00:00
2015015462,보나메두사알피틴티드선크림,보나메두사,2015-11-25 00:00:00
2016003977,수려한비책진생선크림,(주)엘지생활건강,2016-03-30 00:00:00
2013001202,더히스토리오브후공진향해윤선크림에스피에프50플러스,(주)엘지생활건강,2013-01-08 00:00:00
2013001284,비에타선케어바디선크림에스피에프50+피에이+++,(주)마임,2013-01-08 00:00:00
2013001394,유브이선셋데일리선크림,(주)토니모리,2013-01-08 00:00:00
2016009920,휘향주름개선크림,(주)오브이코스(OVCOS),2016-07-21 00:00:00
2016011854,세라마이드개선크림,수랩,2016-11-28 00:00:00
2016013249,루지스운구엔뚬프리미엄주름개선크림,주식회사벨라비타,2016-09-30 00:00:00
2016015399,닥터영유브이컷앤울트라라이트선크림,(주)티디씨,2016-11-14 00:00:00
2013001537,네이처리퍼블릭유브이락플라워키즈앤주니어선크림,(주)네이처리퍼블릭,2013-01-10 00:00:00
2013001539,네이처리퍼블릭유브이락플라워3-프루프선크림,(주)네이처리퍼블릭,2013-01-10 00:00:00
2013002242,효연자양미하선크림,(주)웰코스,2013-01-15 00:00:00
2016017376,히라스네이처오일프리선크림,주식회사더제냐코스메틱,2016-12-23 00:00:00
2013002246,효연자양미하아이선크림,(주)웰코스,2013-01-15 00:00:00
2013002453,네이처리퍼블릭비베놈선크림,(주)네이처리퍼블릭,2013-01-16 00:00:00
2013002745,프라임가드페이스선크림,쏘내추럴(주),2013-01-16 00:00:00
2017006655,달기선크림,(주)바이오코스텍,2017-05-22 00:00:00
2017007486,코코앤코아보카도화이트광채선크림,(주)에코자임,2017-05-31 00:00:00
2017020900,프레스킨썬샤인선크림에스피에프50+피에이+++,(주)켐코,2017-10-25 00:00:00
2013002764,네이처리퍼블릭유브이락플라워데일리파워풀선크림,(주)네이처리퍼블릭,2013-01-16 00:00:00
2013002798,세이온더바디패밀리앤바디선크림,(주)엘지생활건강,2013-01-16 00:00:00
2013002826,세이온더바디퍼펙트아웃도어선크림,(주)엘지생활건강,2013-01-16 00:00:00
2018012656,내츄럴톤업선크림,주식회사에버루파랩,2018-07-20 00:00:00
2018014984,더메이런유브이디펜스하이프로텍션선크림,제이웨이아이엔티주식회사,2018-09-03 00:00:00
2018016728,제이부띠선크림,(주)바이오솔루션,2018-10-10 00:00:00
2018020233,닥터리오브나미백주름개선크림,(주)엔제이와이생명공학,2018-12-14 00:00:00
2019005954,리브코이스트롱쉴드선크림,제이인터네셔널(J International),2019-04-02 00:00:00
2013002838,세이온더바디토탈케어비비선크림,(주)엘지생활건강,2013-01-16 00:00:00
2013002860,비욘드맥스라이트데일리선크림,(주)엘지생활건강,2013-01-16 00:00:00
2013002872,"비욘드오,마이!선크림",(주)엘지생활건강,2013-01-16 00:00:00
2019008414,디오프러스휘향주름개선크림,(주)오브이코스(OVCOS),2019-05-13 00:00:00
2013002907,키즈웰마일드선크림,풀무원건강생활(주),2013-01-16 00:00:00
2013003309,라비다선솔루션쿨링선크림팩트아이알에프25,(주)코리아나화장품,2013-01-18 00:00:00
2013003387,샤라샤라선가드패밀리선크림,(주)카버코리아,2013-01-19 00:00:00
2020006886,미키움안티유브이선크림,송죽화장품,2020-04-21 00:00:00
2020009423,결알파프로텍션선크림,(주)오베라,2020-06-04 00:00:00
2021010700,청정매직에프포글라브리딘플러스선크림,한스텍(주),2021-03-10 00:00:00
2013003425,아름연데일리유브이디펜스선크림,(주)신안코스메틱,2013-01-21 00:00:00
2013003451,텐세컨즈하이드레이팅선크림,(주)코리아나화장품,2013-01-21 00:00:00
2013003462,인텐시브케어마일드선크림,(주)네오팜,2013-01-21 00:00:00
2022006882,물들임프리미엄바이옴선크림,(주)물들임,2022-04-14 00:00:00
2022008091,닥터영유브이케어앤울트라라이트선크림,(주)티디씨,2022-05-04 00:00:00
2022011658,리프원톤업선크림,주식회사 리프원,2022-06-27 00:00:00
2022013750,동안레시피유브이디렉터순한무기자차톤업선크림,주식회사 해그린바이오,2022-07-25 00:00:00
2013003533,비취가인홍윤진미백링클선크림,(주)코리아나화장품,2013-01-21 00:00:00
2013003697,코리아나프리미엄선솔루션쿨링선크림팩트아이알에프25,(주)코리아나화장품,2013-01-21 00:00:00
2023015511,아템포마일드선크림SPF50+PA++++,주식회사한양네트웍스,2023-03-21 00:00:00
2023019093,트루아일랜드알래스카아쿠아히아루론선크림,(주)조이코스,2023-05-04 00:00:00
2023019551,리엑셀멀티선크림,주식회사엘비코스메틱,2023-05-10 00:00:00
2023028465,화윤설모이스처선크림,주식회사 오키,2023-07-20 00:00:00
2023040886,공주스킨비타유브이퍼펙트선크림,필레코리아,2023-12-04 00:00:00
2024001354,줄리안데이유브이프로텍터톤업선크림,주식회사엘비코스메틱,2024-01-10 00:00:00
2024011327,오르띠에매일촉촉순선크림,(주)익성,2024-03-27 00:00:00
2013003882,프로랑스화이트닝선크림,(주)프로랑스화장품,2013-01-21 00:00:00
2013003989,바닐라코헬로써니데이즈선크림,㈜에프앤코,2013-01-21 00:00:00
2013004550,유브이엑스울트라라이트선크림,(주)더샘인터내셔날,2013-01-23 00:00:00
2024016164,케이비바이오할로덤주름개선크림마스크,주식회사케이비바이오,2024-05-07 00:00:00
2024017421,선크림콜마,한국콜마(주),2024-05-13 00:00:00
2013004564,닥터뷰티이온화이트닝알파선크림,(주)더샘인터내셔날,2013-01-23 00:00:00
2013005054,토소웅소프트터치선크림,(주)만통,2013-01-25 00:00:00
2013006392,구달아마조니아아사이베리선크림,(주)클리오,2013-01-30 00:00:00
2024022741,마리글레르선크림,(주)터치미코리아,2024-06-23 00:00:00
2024041841,큐라힐눈편한선크림,주식회사큐라힐바이오,2024-11-08 00:00:00
2024045802,비올레디아실키톤업선크림,(주)이엘뷰티앤바이오,2024-11-20 00:00:00
2025004957,캡슐톤업선크림,하나글로벌,2025-01-23 00:00:00
2025013619,에스터쿱리페어링선크림,(주)셀렉스,2025-02-28 00:00:00
2013006579,한스킨선크림에스피에프50+피에이+++,(주)셀트리온스킨큐어,2013-01-31 00:00:00
2013006938,스킨푸드풋사과워터프루프선크림에스피에프50+피에이+++,주식회사스킨푸드,2013-02-01 00:00:00
2013007249,오션유브이퍼펙트선크림,한국화장품(주),2013-02-01 00:00:00
2025043176,이엘뷰티앤바이오채빛수분톤업선크림,(주)이엘뷰티앤바이오,2025-05-22 00:00:00
2013007271,예화선차윤선크림,한국화장품(주),2013-02-01 00:00:00
2013007286,오션임프루브드선크림,한국화장품(주),2013-02-01 00:00:00
2013007358,산심수백선크림,한국화장품(주),2013-02-01 00:00:00
2025043882,시지에프디톡스톤업선크림에스피에프50+피에이+++,상진화학,2025-05-27 00:00:00
2025043883,케이레시피유브이에이유브이비선크림에스피에프50+피에이+++,상진화학,2025-05-27 00:00:00
2013007410,산심선크림,한국화장품(주),2013-02-01 00:00:00
2013007482,파메스울트라선크림,한국화장품(주),2013-02-01 00:00:00
2013007514,세라케어데일리선크림,세라케어,2013-02-01 00:00:00
2025043915,메딕프로유브이에이유브이비톤업선크림에스피에프50+피에이+++,상진화학,2025-05-27 00:00:00
2025051420,뉴트리퀘스트유브이프로텍터톤업선크림,주식회사엘비코스메틱,2025-07-14 00:00:00
2025058601,공스킨이지에프주름개선크림,(주)나담코스,2025-08-08 00:00:00
2025058604,공스킨콜라겐주름개선크림,(주)나담코스,2025-08-08 00:00:00
2013007532,산심휘백선크림,한국화장품(주),2013-02-01 00:00:00
2013007604,네이처리퍼블릭플레저가든옴므스포츠선크림에스피에프50+피에이+++,(주)네이처리퍼블릭,2013-02-01 00:00:00
2013007880,에이쓰리에프온마일드선크림포키즈,한국화장품(주),2013-02-03 00:00:00
2025058661,공스킨비타민주름개선크림,(주)나담코스,2025-08-08 00:00:00
2025073861,할라비멀티레이어선크림,주식회사엘비코스메틱,2025-09-29 00:00:00
2025074895,바나나보트선크림,한수위 HANSUWI,2025-10-02 00:00:00
2026010356,오레아더마글로우톤업선크림,비코빅,2026-04-13 00:00:00
2013008110,레브쌍내추럴미네랄선크림,보보화장품,2013-02-04 00:00:00
2013008143,니오베더빅터센슈얼옴므선크림에스피에프50+피에이+++,(주)니오베코스메틱,2013-02-04 00:00:00
2013008167,플라워톡스퍼팩트유브이선크림,(주)쿠지인터내셔널,2013-02-04 00:00:00
2013009580,셀라리스퍼펙트선크림에스피에프50+피에이+++,엔프라니주식회사,2013-02-05 00:00:00
2013009624,페리페라아임오케이선크림,(주)클리오,2013-02-06 00:00:00
2013009731,엔프라니프라니엘화이트알엑스선크림에스피에프50+피에이+++,엔프라니주식회사,2013-02-06 00:00:00
2013009847,프라벨선크림,페이스온셀팜,2013-02-06 00:00:00
2013009930,베니넷유브이프로텍티브워터드롭선크림에스피에프40피에이++,아이뷰,2013-02-07 00:00:00
2013010186,스킨아이물방울선크림에스피에프40피에++,스킨아이,2013-02-07 00:00:00
2013010217,골드키위선크림에스피에프50+피에이+++,주식회사스킨푸드,2013-02-08 00:00:00
2013010222,화안애내추럴선크림에스피에프40피에이++,(주)카임화장품,2013-02-08 00:00:00
2013010343,이시오에프리미엄페이스앤드바디선크림,(주)화진화장품,2013-02-08 00:00:00
2013010726,아름다운샘연명현미백선크림,(주)더샘인터내셔날,2013-02-12 00:00:00
2013010727,닥터뷰티셀리뉴선크림,(주)더샘인터내셔날,2013-02-12 00:00:00
2013010772,피씨에이유브이디펜스선크림,(주)라피부,2013-02-12 00:00:00
2013010820,멀티퍼펙트선크림,(주)엔돌핀코스메틱,2013-02-12 00:00:00
2013010873,토마토선크림에스피에프36피에이++,주식회사스킨푸드,2013-02-12 00:00:00
2013011066,라이스앤뷰티선크림,(주)나우코스,2013-02-13 00:00:00
2013011068,듀앤듀화이트페이스선크림,(주)나우코스,2013-02-13 00:00:00
2013011100,인텐시브선크림에스피에프50+피에이+++,(주)나우코스,2013-02-13 00:00:00
2013011108,미니페이스선크림에스피에프50+피에이+++,(주)나우코스,2013-02-13 00:00:00
2013011344,마자린위드캐비어마일드선크림,(주)코스모코스,2013-02-13 00:00:00
2013011631,해피바스비오베베선크림,(주)아모레퍼시픽,2013-02-14 00:00:00
2013011645,아톰미선크림화이트,애터미(주),2013-02-14 00:00:00
2013011650,아톰미선크림,애터미(주),2013-02-14 00:00:00
2013011659,아톰미선크림베이지,애터미(주),2013-02-14 00:00:00
2013011716,더히스토리오브후공진향설미백안색선크림,(주)엘지생활건강,2013-02-14 00:00:00
2013011807,아이오페선크림팩트,(주)아모레퍼시픽,2013-02-15 00:00:00
2013011829,닥터오라클유브이프로텍트선크림,오라클코스메틱(주),2013-02-15 00:00:00
2013011927,효시아화이트큐어빈브라이트닝선크림,(주)아모레퍼시픽,2013-02-15 00:00:00
2013011947,한율고결미백선크림,(주)아모레퍼시픽,2013-02-15 00:00:00
2013012018,소라비밸런싱선크림,(주)아마란스,2013-02-15 00:00:00
2013012216,설화수수율선크림,(주)아모레퍼시픽,2013-02-15 00:00:00
2013012311,선크림에스피에프50선블럭,테라에코,2013-02-15 00:00:00
2013012315,카모밀라선크림,(주)더마피아바이오앤뷰티,2013-02-15 00:00:00
2013012410,마몽드데일리모이스처선크림,(주)아모레퍼시픽,2013-02-18 00:00:00
2013012411,마몽드데일리베이스플러스선크림,(주)아모레퍼시픽,2013-02-18 00:00:00
2013012416,효시아데일리선크림,(주)아모레퍼시픽,2013-02-18 00:00:00
2013012431,한율은결선크림,(주)아모레퍼시픽,2013-02-18 00:00:00
2013012563,해피바스해피키즈야외놀이선크림,(주)아모레퍼시픽,2013-02-18 00:00:00
2013013044,샤라샤라올데이산뜻선크림,(주)카버코리아,2013-02-19 00:00:00
2013013305,바비펫수분촉촉워터드롭선크림,(주)데레온코스메틱,2013-02-20 00:00:00
2013013307,아리얼유브이세이프티코튼선크림,(주)뷰티팩토리,2013-02-20 00:00:00
2013013318,바비펫인디걸티트리트러블캐치선크림,(주)데레온코스메틱,2013-02-20 00:00:00
2013013322,바비펫시크릿레시피끈적이지않는선크림,(주)데레온코스메틱,2013-02-20 00:00:00
2013013364,바비펫티트리잇트러블캐치선크림(에스피에프35/피에이++),(주)데레온코스메틱,2013-02-20 00:00:00
2013013437,피톤치드선크림,(주)내츄럴코리아,2013-02-21 00:00:00
2013013649,프라셀선제로선크림에스피에프50+피에이++,(주)프라셀,2013-02-21 00:00:00
2013013670,자빈큐텐아스타크선크림,(주)해피엘앤비,2013-02-22 00:00:00
2013013700,이시오에프레쉬선크림,(주)화진화장품,2013-02-22 00:00:00
2013013715,미가비앱솔루트슈프림선크림,(주)미가코스메틱,2013-02-22 00:00:00
2013013781,프로랑스아쿠아플러스선크림,(주)프로랑스화장품,2013-02-22 00:00:00
2013013893,이노이브플러스울트라선크림,이노이브코리아(주),2013-02-22 00:00:00
2013013916,다보프리미엄인텐스샤이닝선크림에스피에프50+피에이+++,(주)넥슨화장품,2013-02-25 00:00:00
2013013934,로티레브소프트터치선크림에스피에프50+피에이+++,(주)한국자이화장품,2013-02-25 00:00:00
2013013939,푸드어홀릭내추럴롱래스팅선크림,베로베(주),2013-02-25 00:00:00
2013013956,에뿌에브리데이페펙트선크림,베로베(주),2013-02-25 00:00:00
2013014368,리니시에더블유389크리스탈화이트선크림에스피에프32피에이++,(주)유니베라,2013-02-27 00:00:00
2013014385,팸퍼드걸선크림,(주)한국쉬즈라인,2013-02-27 00:00:00
2013014425,더샘에코어스카렌듈라페이스앤바디선크림,(주)더샘인터내셔날,2013-02-27 00:00:00
2013014472,해피바스아쿠아선크림,(주)아모레퍼시픽,2013-02-27 00:00:00
2013014505,설화수정양선크림,(주)아모레퍼시픽,2013-02-27 00:00:00
2013014642,바비펫슈퍼유브이디펜스선크림(에스피에프50/++),(주)데레온코스메틱,2013-02-28 00:00:00
2013014999,맨즈시크릿엑스퍼트유브이선크림,(주)쿠지인터내셔널,2013-03-05 00:00:00
2013015002,쿠지오토스키니선크림,(주)쿠지인터내셔널,2013-03-05 00:00:00
2013015027,아리따움파라솔파워풀선크림,(주)아모레퍼시픽,2013-03-05 00:00:00
2013015252,에코어스카렌듈라라이트선크림,(주)더샘인터내셔날,2013-03-07 00:00:00
2013015341,3제이알로에위드아이디얼선크림,(주)테라선,2013-03-07 00:00:00
2013015874,나이스휘크렘솔레르앙팡어린이선크림,청호나이스(주),2013-03-13 00:00:00
2013015985,바세린울트라프로텍터페이스앤바디선크림,애경산업(주),2013-03-14 00:00:00
2013016117,비앤에프비저블이펙트세범프리선크림,애경산업(주),2013-03-14 00:00:00
2013016510,디28지지트윙클허니선크림,(주)파이온텍,2013-03-21 00:00:00
2013016629,메가비앱솔루트슈프림선크림,(주)지에스엘,2013-03-22 00:00:00
2013016642,알로에베라선크림,(주)알로에베라코리아,2013-03-22 00:00:00
2013016732,베리떼아쿠아선크림,(주)아모레퍼시픽,2013-03-25 00:00:00
2013016830,참인셀멀티선크림,(주)참존,2013-03-26 00:00:00
2013016872,지니내추럴비비선크림,(주)지니디지로그,2013-03-26 00:00:00
2013016887,오션마일드선크림포키즈,한국화장품(주),2013-03-27 00:00:00
2013016888,이뎀마일드선크림포키즈,한국화장품(주),2013-03-27 00:00:00
2013016899,레드진사이언스오브랑퍼펙트에센셜선크림,(주)케이지씨라이프앤진,2013-03-27 00:00:00
2013016900,레드진사이언스오브랑마일드에센셜선크림,(주)케이지씨라이프앤진,2013-03-27 00:00:00
2013017034,스마트내추럴선크림에스피에프50/피에이+++,엘디아,2013-03-29 00:00:00
2013017044,아벤앱솔루트선크림,(주)케이심바이오,2013-03-29 00:00:00
2013017135,어퓨퓨어블록내추럴데일리선크림,(주)에이블씨엔씨,2013-04-01 00:00:00
2013017364,슈퍼유브이프로텍션선크림,(주)갤럭시인터네셔날,2013-04-03 00:00:00
2013017428,더연설렘가득연꽃선크림,(주)더연,2013-04-04 00:00:00
2013017481,아이오페화이트젠선크림,(주)아모레퍼시픽,2013-04-04 00:00:00
2013017622,아이미스퍼펙트유브이선크림,(주)아이미스,2013-04-09 00:00:00
2013017682,코리아나마일드유브이키즈선크림,(주)코리아나화장품,2013-04-09 00:00:00
2013017818,바비걸즈끈적이지않는선크림,(주)데레온코스메틱,2013-04-10 00:00:00
2013018184,에코어스카렌듈라파워선크림,(주)더샘인터내셔날,2013-04-18 00:00:00
2013018197,분스올프루프선크림에스피에프50+피에이+++,(주)이마트,2013-04-18 00:00:00
2013018220,애터미선크림,애터미(주),2013-04-18 00:00:00
2013018260,닥터엠엘이유브이선크림,(주)네오팜,2013-04-19 00:00:00
2013018300,동인비퍼펙트선크림,(주)케이지씨라이프앤진,2013-04-19 00:00:00
2013018356,페어리스메이크업시너지선크림,(주)카버코리아,2013-04-22 00:00:00
2013018407,비앤에프액티브이스트유브이디펜스선크림,애경산업(주),2013-04-23 00:00:00
2013018418,퓨어가닉에코마일드선크림,메디앙스(주),2013-05-06 00:00:00
2013018889,베이비모멘트선크림에스피에프36피에이투플러스,트러스메틱스주식회사,2013-05-07 00:00:00
2013018977,케어존에이알에이치더마리페어선크림,(주)엘지생활건강,2013-05-08 00:00:00
2013019428,네이처리퍼블릭트리플이엑스선크림,(주)네이처리퍼블릭,2013-05-22 00:00:00
2013019627,시크릿키하이래스팅선크림에스피에프50+피에이+++,(주)시크릿키,2013-05-23 00:00:00
2013019851,리리코스옴므마린에너지선크림,(주)아모레퍼시픽,2013-05-30 00:00:00
2013020352,하이맘선크림,제이더블유중외제약(주),2013-06-14 00:00:00
2013020390,울트라유브이퍼펙트선크림에스피에프40피에이++,엘디아,2013-06-17 00:00:00
2013020428,디티알티선크림셀프디펜스,해브앤비(유),2013-06-18 00:00:00
2013020515,루크릿내추럴에이치지선크림,웰스랜드,2013-06-20 00:00:00
2013020516,루크릿내추럴에이치지선크림,웰스랜드,2013-06-20 00:00:00
2013020558,분스수퍼아쿠아선크림에스피에프50+피에이+++,(주)이마트,2013-06-21 00:00:00
2013020694,이지함유브이퍼팩트선크림에스피에프50+피에이+++,(주)이지함화장품,2013-06-26 00:00:00
2013020911,던롭액티브프러텍션선크림에스피에프50+피에이+++,디씨케이,2013-07-02 00:00:00
2013021011,울트라멀티액션선크림,(주)에바스코스메틱,2013-07-03 00:00:00
2013021311,에코시아알로에베라마일드선크림,(주)제이어스,2013-07-10 00:00:00
2013021439,다나한수선크림에스피에프40피에이투플러스,(주)코스모코스,2013-07-15 00:00:00
2013021618,테라피아유브이화이트아쿠아선크림,(주)에치엔지,2013-07-19 00:00:00
2013022070,미소지음퍼펙트선크림,(주)피코바이오,2013-08-02 00:00:00
2013022182,엘퓨어멀티퍼펙션내츄럴데일리선크림,(주)미도화장품,2013-08-07 00:00:00
2013022432,리바이탈프로폴리스앱솔루트슈프림선크림,(주)뷰티솔루션,2013-08-19 00:00:00
2013022614,한비슬선크림,옥시젠디벨롭먼트(주),2013-08-22 00:00:00
2013022752,더연제주감귤한라봉에너지올데이선크림,(주)더연,2013-08-27 00:00:00
2013023002,에피힐포스트레이저선크림,오라클코스메틱(주),2013-09-03 00:00:00
2013023027,로라로세선크림,(주)비엔코스,2013-09-03 00:00:00
2013024329,벨리시모선크림,지디케이화장품(주),2013-10-08 00:00:00
2013024442,한가닉퍼펙트선크림,(주)현대이노베이션,2013-10-14 00:00:00
2013024448,자이모겐롱래스팅파워선크림,(주)콧데,2013-10-16 00:00:00
2013024519,엠엘이선크림에스피에프24피에이++,(주)네오팜,2013-10-14 00:00:00
2013024626,자이모겐어성초발효선크림,(주)콧데,2013-10-16 00:00:00
2013025807,비비야선크림,(주)한국생명과학연구소,2013-11-22 00:00:00
2013025930,벨라마오리엔탈어드밴스선크림,(주)아마르떼,2013-12-09 00:00:00
2013025993,티스킨트러블솔루션데일리선크림,엔씨엔,2013-11-29 00:00:00
2013026607,리뉴미코스메틱 트리플 프로텍션 선크림,(주)닥터뷰,2013-12-11 00:00:00
2013026608,리뉴미코스메틱 오일프리 선크림,(주)닥터뷰,2013-12-13 00:00:00
2013026922,페이스플러스화이트스노우선크림,(주)에이텍,2013-12-20 00:00:00
2013026980,더퓨어아임키즈야외놀이선크림,메디앙스(주),2013-12-23 00:00:00
2013027054,페이스플럭스화이트스노우선크림,(주)에이텍,2013-12-24 00:00:00
2014000006,한율흰감국미백선크림,(주)아모레퍼시픽,2014-01-02 00:00:00
2014000279,이스트밸리컨트리클럽모이스쳐라이징선크림,(주)가시,2014-01-09 00:00:00
2014000281,아미니모이스쳐라이징선크림,(주)가시,2014-01-09 00:00:00
2014000284,마몽드워셔블선크림,(주)아모레퍼시픽,2014-01-09 00:00:00
2014000506,안딸리아선크림,(주)휴앤코스메틱,2014-01-15 00:00:00
2014000509,스킨포유선크림,(주)프로유화장품,2014-01-21 00:00:00
2014000558,G-I마일드선크림,고든코스메틱,2014-01-17 00:00:00
2014000569,고든마일드선크림,고든코스메틱,2014-02-03 00:00:00
2014000919,그린핑거마일드앤퓨어선크림,유한킴벌리(주),2014-01-28 00:00:00
2014001118,엑시몬프리미엄선크림에스피에프50+피에이+++,피어리스상사(주),2014-02-06 00:00:00
2014001135,피토센스울트라모이스춰-리치선크림,(주)디자인플래닛,2014-02-11 00:00:00
2014001288,함셀-엑스리쥬버네이션워터드롭선크림,스킨아이,2014-02-11 00:00:00
2014001304,더샘에코어스파워라이트선크림,(주)더샘인터내셔날,2014-02-11 00:00:00
2014001312,더샘에코어스파워페이스앤바디선크림,(주)더샘인터내셔날,2014-02-11 00:00:00
2014001342,에이에이치씨절대세범컨트롤선크림,(주)카버코리아,2014-02-12 00:00:00
2014001523,일리프레쉬모이스춰선크림,(주)아모레퍼시픽,2014-02-17 00:00:00
2014001600,프리비아브이-페이스선크림,(주)프리비아스킨랩,2014-02-18 00:00:00
2014001755,마몽드에브리데이선크림,(주)아모레퍼시픽,2014-02-21 00:00:00
2014002038,니오베촉촉선크림,(주)니오베코스메틱,2014-02-28 00:00:00
2014002224,에코뮤 선크림 SPF 29 PA++,(주)아가방앤컴퍼니,2014-03-05 00:00:00
2014002394,워터프루프퍼펙트선크림,(주)피코바이오,2014-03-10 00:00:00
2014002395,에이트루블랙티올데이롱선크림,(주)더트루메틱,2014-03-09 00:00:00
2014002423,동인비모이스처선크림,(주)케이지씨라이프앤진,2014-03-10 00:00:00
2014002653,선세리선크림,지디케이화장품(주),2014-03-14 00:00:00
2014002657,에떼리얼유브이선크림,지디케이화장품(주),2014-03-14 00:00:00
2014002832,카트린소프트선크림,(주)엔앤비랩,2014-03-19 00:00:00
2014003746,에이에이치씨프리미엄인텐스샤이닝선크림50,(주)카버코리아,2014-04-10 00:00:00
2014003811,스네일에센셜선크림,(주)더샘인터내셔날,2014-04-14 00:00:00
2014003853,다만내츄럴데일리선크림,(주)씨엔티드림,2014-04-14 00:00:00
2014004375,그레쎄디알셀라이트앱솔루트선크림,(주)미가코스메틱,2014-05-21 00:00:00
2014004892,"메이크업헬퍼레몬밤워터선크림(그린,중건성)",(주)디에스비코리아,2014-05-01 00:00:00
2014004893,"메이크업헬퍼레몬밤워터선크림(그린,지복합성)",(주)디에스비코리아,2014-05-01 00:00:00
2014004894,"메이크업헬퍼레몬밤워터선크림(베이지,중건성)",(주)디에스비코리아,2014-05-01 00:00:00
2014004895,"메이크업헬퍼레몬밤선크림(베이지,지복합성)",(주)디에스비코리아,2014-05-01 00:00:00
2014004896,"메이크업헬퍼레몬밤선크림(핑크,중건성)",(주)디에스비코리아,2014-05-01 00:00:00
2014004897,"메이크업헬퍼레몬밤선크림(핑크,지복합성)",(주)디에스비코리아,2014-05-02 00:00:00
2014004914,"닥터에스떼익스트림큐어선크림에스피에프50+,피에이+++",더마텍코리아(주),2014-05-02 00:00:00
2014005338,"메이크업헬퍼레몬밤워터선크림(베이지,지복합성)",(주)디에스비코리아,2014-05-09 00:00:00
2014005341,"메이크업헬퍼레몬밤워터선크림(핑크,지복합성)",(주)디에스비코리아,2014-05-09 00:00:00
2014005572,천연미네랄선크림50,(주)미네랄바이오,2014-05-15 00:00:00
2014005603,베베가닉선크림,베베가닉,2014-05-15 00:00:00
2014005682,토니모리인텐스케어스네일선크림,(주)토니모리,2014-05-15 00:00:00
2014005793,닥터자르트더마엑스퍼트선크림,해브앤비(유),2014-05-20 00:00:00
2014005811,민감수용성선크림,(주)피코바이오,2014-05-20 00:00:00
2014005891,힐리프말그미선크림,(주) 리오엘리,2014-05-21 00:00:00
2014006021,디알엠제이리얼뮤신리스토어선크림,(주)카버코리아,2014-05-23 00:00:00
2014006050,데일리선크림,(주)피코바이오,2014-05-23 00:00:00
2014006210,자연에서온편지선크림,주식회사유한코스메틱,2014-05-28 00:00:00
2014006215,뉴톤데일리디펜스선크림에스피에프50피에이+++,(주)바이오에프디엔씨,2014-05-28 00:00:00
2014006258,시크릿키유브이컷하이프로텍션선크림,(주)시크릿키,2014-05-28 00:00:00
2014006733,라라비스선크림,(주)퓨어코스,2014-06-12 00:00:00
2014006273,벨라루시휘핑소프트선크림밤에스피에프50+피에이+++,(주)에버코스,2014-05-29 00:00:00
2014006735,아토치드편백선크림,(주)퓨어코스,2014-06-12 00:00:00
2014006736,아토치드네추럴선크림,(주)퓨어코스,2014-06-12 00:00:00
2014006737,스킨아트네츄럴선크림,(주)퓨어코스,2014-06-12 00:00:00
2014006931,아토아이베이비선크림,옥시젠디벨롭먼트(주),2014-06-16 00:00:00
2014007025,유리피부더블마일드피지컬선크림,(주)이지티코리아,2014-06-18 00:00:00
2014007080,유리피부더블마일드피지컬선크림,(주)이지티코리아,2014-06-19 00:00:00
2014007211,디아스마트선크림,몽베르코스메틱,2014-06-24 00:00:00
2014007219,루비크라운세븐원더선크림,(주)라피부,2014-06-24 00:00:00
2014007296,내추럴유브이퍼팩트선크림에스피에프45피에이+++,엘디아,2014-06-26 00:00:00
2014007648,퓨어센서티브선크림,스킨메디코리아,2014-07-08 00:00:00
2014007736,랑스베리피토에센스선크림,(주)에포코리아,2014-07-11 00:00:00
2014007744,수에르시티선크림,에스디엠코스메틱(나도미인),2014-07-11 00:00:00
2014008070,시자르선크림,(주)시자르,2014-07-21 00:00:00
2014008091,레노마레포츠선크림,더라미주식회사,2014-07-21 00:00:00
2014008162,벨라루시이지에프스마트선크림,(주)에버코스,2014-07-23 00:00:00
2014008729,베노아에센셜비비선크림,엔씨디,2014-08-12 00:00:00
2014008925,엑소좀디엠에스씨마일드선크림,(주)한솔장업,2014-08-21 00:00:00
2014009000,수에르실키라이트선크림,에스디엠코스메틱(나도미인),2014-08-27 00:00:00
2014009002,수에르유브이시티선크림,에스디엠코스메틱(나도미인),2014-08-27 00:00:00
2014009173,구좌향당근선크림,(주)테라선,2014-08-25 00:00:00
2014009436,토니모리유브이선셋키즈&맘선크림에스피에프35피에이+++,(주)토니모리,2014-09-01 00:00:00
2014009446,토니모리유브이선셋뽀얀선크림,(주)토니모리,2014-09-01 00:00:00
2014009552,어울워터드롭선크림에스피에프50피에이+++,엘디아,2014-09-04 00:00:00
2014009637,올인원세븐선크림,㈜드림코리아,2014-09-05 00:00:00
2014009657,아이떼퓨어메모리네추럴선크림,(주)가시,2014-09-13 00:00:00
2014009717,헤라옴므레포츠선크림,(주)아모레퍼시픽,2014-09-16 00:00:00
2014009866,토니모리마이써니뽀안선크림,(주)토니모리,2014-09-15 00:00:00
2014010315,토니모리마이써니키즈앤맘선크림,(주)토니모리,2014-09-24 00:00:00
2014010614,원스텝유브이케어선크림,코스맥스(주),2014-10-01 00:00:00
2014010615,"멀티이펙트선크림SPF50+,PA+++",코스맥스(주),2014-10-01 00:00:00
2014010620,인텔리전트리프레싱선크림,코스맥스(주),2014-10-01 00:00:00
2014012571,비즈톡스선크림,동성제약(주),2014-11-15 00:00:00
2014012618,메이드바이에이에이치씨유브이선크림,(주)카버코리아,2014-11-17 00:00:00
2014013041,메가앱솔루트슈프림선크림,(주)지에스엘,2014-11-26 00:00:00
2014013559,토니모리타임리스발효스네일선크림,(주)토니모리,2014-12-09 00:00:00
2014013565,슈퍼퍼펙트선크림,(주)아미셀,2014-12-10 00:00:00
2014013911,헤리에타애니웨어마일드선크림,(주)웰코스,2014-12-17 00:00:00
2014014046,레오티지아노뚜또베네실크터치선크림,(주)웰코스,2014-12-22 00:00:00
2014014066,헤리에타데일리유브이프리선크림,(주)웰코스,2014-12-22 00:00:00
2014014151,마몽드맨유브이컨트롤에브리데이선크림,(주)아모레퍼시픽,2014-12-23 00:00:00
2014014214,제로이드마일드선크림에스피에프32피에이++,(주)네오팜,2014-12-26 00:00:00
2014014293,픽스선크림,픽스인터내셔날(주),2014-12-29 00:00:00
2014014420,이즈스킨마일드선크림,(주)이즈앤트리,2014-12-31 00:00:00
2014014449,아리따움파라솔데일리선크림,(주)아모레퍼시픽,2014-12-31 00:00:00
2014014474,이즈스킨마일드선크림,(주)이즈앤트리,2014-12-31 00:00:00
2015000001,더슈뜨퍼펙션올라잇선크림,주식회사엘에이치에스홀딩스(LHS HOLDINGS),2015-01-06 00:00:00
2015000021,베이비케어마일드선크림에스피에프25피에이++,(주)네오팜,2015-01-15 00:00:00
2015000029,보들보들선크림SPF35PA+++,(주)제로투세븐,2015-01-02 00:00:00
2015000132,토니모리마이써니뽀얀선크림,(주)토니모리,2015-01-06 00:00:00
2015000344,해피바스퍼펙트선크림에스피에프50+피에이+++,(주)아모레퍼시픽,2015-01-12 00:00:00
2015000382,수려한백삼미백안색선크림,(주)엘지생활건강,2015-01-12 00:00:00
2015000606,더퓨어아임키즈쿨링선크림,메디앙스(주),2015-01-14 00:00:00
2015000612,더퓨어아임키즈쿨링선크림,메디앙스(주),2015-01-14 00:00:00
2015000661,에피큐어네추럴선크림,(주)피코바이오,2015-01-15 00:00:00
2015000765,마몽드맨유브이컨트롤에브리데이선크림SPF50+PA+++,(주)아모레퍼시픽,2015-01-19 00:00:00
2015001079,수려한효비담발효선크림,(주)엘지생활건강,2015-01-23 00:00:00
2015001094,크리스탈화이트멀티프로텍티브선크림,(주)유니베라,2015-01-23 00:00:00
2015001104,스킨파크내추럴선크림,(주)퓨어코스,2015-01-24 00:00:00
2015001237,디즈니프로즌데일리에코선크림바이온더바디,(주)엘지생활건강,2015-01-27 00:00:00
2015001239,온더바디헬로키티에코선크림,(주)엘지생활건강,2015-01-27 00:00:00
2015001242,온더바디내추럴리프레쉬선크림,(주)엘지생활건강,2015-01-27 00:00:00
2015001362,라꾸베내추럴베이비선크림,해피랜드코퍼레이션(주),2015-02-03 00:00:00
2015001389,에스쁘아워터스플래쉬선크림SPF50+PA+++,(주)에스쁘아,2015-01-30 00:00:00
2015001489,더샘에코어스파워퍼펙션선크림,(주)더샘인터내셔날,2015-02-06 00:00:00
2015001510,카라디움스네일리페어옴므선크림에스피에프50+피에이+++,카라디움,2015-01-30 00:00:00
2015001542,그린핑거야외놀이선크림,유한킴벌리(주),2015-01-30 00:00:00
2015001674,에코어스파워마일드키즈선크림,(주)더샘인터내셔날,2015-02-05 00:00:00
2015001786,백미인자운선크림,(주)더블유코스메틱코퍼레이션,2015-02-05 00:00:00
2015001849,마일드선크림에스피에프25피에이++,(주)네오팜,2015-02-05 00:00:00
2015002122,라보떼산뜻선크림,(주)엘지생활건강,2015-02-11 00:00:00
2015002366,토니모리마이써니키즈앤맘선크림에스피에프35피에이+++,(주)토니모리,2015-02-17 00:00:00
2015002453,화이트스노우플러스선크림,(주)페이스플럭스,2015-02-23 00:00:00
2015002511,구달마일드프로텍트촉촉한선크림,(주)클리오,2015-02-24 00:00:00
2015002512,구달마일드프로텍트순한선크림,(주)클리오,2015-02-24 00:00:00
2015002570,더마리프트인텐시덤네크로선크림,(주)엘지생활건강,2015-02-25 00:00:00
2015002583,에코랜드순한선크림,한국화장품(주),2015-02-25 00:00:00
2015002656,선빌리버블포어프라이머선크림,(주)클리오,2015-02-26 00:00:00
2015002756,카라디움스네일리페어선크림,카라디움,2015-02-27 00:00:00
2015002896,클리오선빌리버블퍼펙트선크림,(주)클리오,2015-03-03 00:00:00
2015002969,홀리카홀리카데즐링선샤인메이크업선크림에스피에프45피에이+++,엔프라니주식회사,2015-03-04 00:00:00
2015003427,수려한효비담정율선크림,(주)엘지생활건강,2015-03-12 00:00:00
2015003709,홀리카홀리카데즐링선샤인워터프루프선크림,엔프라니주식회사,2015-03-23 00:00:00
2015003929,한스킨바이오가드선마일드선크림,(주)셀트리온스킨큐어,2015-03-20 00:00:00
2015003940,베루시에럭셔리유브이선크림,(주)김정문알로에,2015-03-20 00:00:00
2015004114,온더바디퍼펙트선쉴드선크림,(주)엘지생활건강,2015-03-25 00:00:00
2015004260,아토라떼선크림,(주)헬릭스미스,2015-03-27 00:00:00
2015004718,어퓨퓨어블록내추럴워터프루프선크림,(주)에이블씨엔씨,2015-04-06 00:00:00
2015005153,시크릿네이처금잔화가득선크림,한국화장품(주),2015-04-13 00:00:00
2015005170,식물나라더퍼펙트선크림에스피에프50+피에이+++,씨제이올리브영(주),2015-04-13 00:00:00
2015005205,데이셀닥터비타비타민선크림,데이셀코스메틱(주),2015-04-13 00:00:00
2015005256,아웃도어선크림에스피에프50피에이+++,(주)네이처텍,2015-04-14 00:00:00
2015005366,비욘드트루에코플루이드선크림,(주)엘지생활건강,2015-04-16 00:00:00
2015005394,스템시크릿골드스킨리바이탈라이징선크림,(주)미래셀바이오,2015-04-16 00:00:00
2015005396,참존유브이퍼펙트멀티선크림,(주)참존,2015-04-16 00:00:00
2015005398,참존유브이퍼펙트아쿠아선크림,(주)참존,2015-04-16 00:00:00
2015005477,스템시크릿골드스킨리바이탈라이징선크림,(주)미래셀바이오,2015-04-17 00:00:00
2015005620,더블유랩톤업화이트선크림,(주)와우벤처스,2015-04-21 00:00:00
2015005641,소르띠에클레리티인텐션선크림,더라미주식회사,2015-04-21 00:00:00
2015006027,도미선크림에스피에프50+피에이+++,(재)보령축제관광재단,2015-04-29 00:00:00
2015006116,더사가오브수선혜윤자단선크림,(주)엘지생활건강,2015-05-07 00:00:00
2015006250,위치스파우치마일드선크림,주식회사엘에이치에스홀딩스(LHS HOLDINGS),2015-05-06 00:00:00
2015006286,데이셀5000에스테니끄달팽이선크림,데이셀코스메틱(주),2015-05-06 00:00:00
2015006342,옴므선크림,한국콜마(주),2015-05-07 00:00:00
2015006375,더마로드스포츠선크림,(주)케이로드,2015-06-05 00:00:00
2015006425,라반선크림골드,(주)씨앤에이치,2015-05-08 00:00:00
2015006659,콥스선크림,(주)피플앤코,2015-05-13 00:00:00
2015006691,블라블라릴리팝키즈선크림에스피에프50+피에이+++,주식회사유한코스메틱,2015-05-13 00:00:00
2015006742,스킨앤메이뉴욕데일리선크림에스피에프50+피에이+++,주식회사블루존와이드,2015-05-14 00:00:00
2015006960,아나비오스선크림,(주)더말코리아,2015-05-18 00:00:00
2015006968,나비프레스티지선크림,동광제약(주),2015-05-18 00:00:00
2015006973,식물나라더보송한워터프루프선크림,씨제이올리브영(주),2015-05-18 00:00:00
2015007102,시크릿키리페어링선크림에스피에프50+피에이+++,(주)시크릿키,2015-05-19 00:00:00
2015007178,인스턴트멀티베이스선크림,(주)제너럴브랜즈,2015-05-20 00:00:00
2015007192,톤업화이트선크림,(주)와우벤처스,2015-05-20 00:00:00
2015007346,애터미선크림화이트,애터미(주),2015-05-26 00:00:00
2015007469,신데렐라스토리선크림,(주)케이피앤피인터내셔널,2015-05-27 00:00:00
2015007518,에이에이치씨유브이캡처세범컨트롤선크림,(주)카버코리아,2015-05-28 00:00:00
2015007555,프로랑스콜라겐울트라선크림,(주)프로랑스화장품,2015-05-29 00:00:00
2015007655,데이셀순한산양유선크림,데이셀코스메틱(주),2015-06-01 00:00:00
2015007887,맥퀸뉴욕유브이데일리선크림에스피에프오십+피에이+++,(주)웃는생각컴퍼니,2015-06-05 00:00:00
2015007888,클라이셀밀키실키선크림,(주)월드코스텍,2015-06-05 00:00:00
2015007971,파라코스메틱유브이에센셜선크림,(주)파라테크,2015-06-17 00:00:00
2015008150,하이드로셀마일드선크림,(주)우솔홀딩스,2015-06-11 00:00:00
2015008244,어반돌키스스킨매트선크림,(주)켈코스메틱,2015-06-12 00:00:00
2015008245,어반돌키스스킨멀티선크림,(주)켈코스메틱,2015-06-12 00:00:00
2015008321,고운세상마일드유브이커팅선크림에스피에프50+피에이+++,(주)고운세상코스메틱,2015-06-15 00:00:00
2015008324,고운세상메디유브이블록선크림,(주)고운세상코스메틱,2015-06-15 00:00:00
2015008336,쿠타니에브리데이선크림,(주)가시,2015-06-15 00:00:00
2015008441,헬리오가드선크림,주식회사케이팜,2015-06-17 00:00:00
2015008653,더샘스네일에센셜이엑스링클솔루션선크림SPF50+PA+++,(주)더샘인터내셔날,2015-06-23 00:00:00
2015008682,아난티선크림,(주)가시,2015-06-24 00:00:00
2015008946,라비오뜨유브이베일워터프루프선크림,(주)라비오뜨,2015-07-02 00:00:00
2015008972,십장생천지향선크림,로제화장품(주),2015-06-30 00:00:00
2015008973,애터미선크림베이지,애터미(주),2015-06-30 00:00:00
2015009389,시크릿키울프가이퍼펙트선크림에스피에프50+피에이+++,(주)시크릿키,2015-07-09 00:00:00
2015009722,그라운드플랜트리플이펙트선크림,(주)지비글로벌,2015-07-16 00:00:00
2015009751,베베셀베이비내츄럴소프트선크림,(주)더원코스메틱,2015-07-16 00:00:00
2015009825,더마로드라이프선크림,(주)케이로드,2015-07-17 00:00:00
2015009836,땡큐파머선프로젝트워터선크림,(주)땡큐파머,2015-07-17 00:00:00
2015009885,알로에스테네추럴화이트선크림,(주)그린알로에,2015-07-20 00:00:00
2015009901,맥퀸뉴욕데일리선크림에스피에프50+피에이+++,(주)웃는생각컴퍼니,2015-07-20 00:00:00
2015010116,레노마라헨느플레져선크림에스피에프50+피에이+++,더라미주식회사,2015-07-23 00:00:00
2015010304,퓨어린트리플이펙트선크림,(주)지비글로벌,2015-07-28 00:00:00
2015010318,퓨어린트리플이펙트선크림,(주)지비글로벌,2015-07-28 00:00:00
2015010659,에이에이치씨더스트어웨이선크림,(주)카버코리아,2015-08-05 00:00:00
2015010705,조아모이스처라이징유브이선크림,주식회사케이씨보라,2015-08-06 00:00:00
2015011273,미코노스마일드퍼펙터선크림,(주)요조코스메틱,2015-08-18 00:00:00
2015011664,프로스틴스노우로터스데일리선크림,(주)엘지생활건강,2015-08-26 00:00:00
2015012502,아르보떼셀러스허니선크림,(주)위메드,2015-09-10 00:00:00
2015012942,더블유랩네추럴그린티선크림,(주)와우벤처스,2015-09-18 00:00:00
2015013175,오뜨리블록앤블록오리지널선크림,(주)네슈라화장품,2015-09-25 00:00:00
2015013235,블루마운틴선크림,(주)가시,2015-09-30 00:00:00
2015013869,에스테틱하우스롱라스팅프로텍션멀티선크림,(주)히엘케이,2015-10-28 00:00:00
2015014489,이즈앤트리마일드선크림에스피에프25피에이++,(주)이즈앤트리,2015-11-02 00:00:00
2015014554,"이니브퍼펙트선크림에스피에프50+,피에이+++",나드리화장품(주),2015-11-05 00:00:00
2015014686,동인비퍼펙트선크림,(주)케이지씨라이프앤진,2015-11-05 00:00:00
2015014954,서렌에센셜선크림,블랑앤에클레어코리아(주),2015-11-13 00:00:00
2015015336,포고니아미애마일드스킨케어프리미엄선크림에스피에프50+피에이+++,씨앤오코스메틱,2015-11-23 00:00:00
2015015337,더슈뜨퍼펙션올-라잇선크림,주식회사엘에이치에스홀딩스(LHS HOLDINGS),2015-11-23 00:00:00
2015016188,황칠가솔라바디안티에이징솔루션울트라하이드로선크림,(주)에이치에스피라이프,2016-06-17 00:00:00
2015016290,인더마멀티데일리선크림,인더마코스메틱,2015-12-15 00:00:00
2015016413,데이브블록앤블록오리지널선크림,(주)네슈라화장품,2015-12-17 00:00:00
2015016414,보엘포스포츠선크림,(주)네슈라화장품,2015-12-17 00:00:00
2015016419,메디케어365퍼펙트선크림,(주)네슈라화장품,2015-12-17 00:00:00
2015016432,메디케어더힐링365프로텍트선크림,(주)네슈라화장품,2015-12-17 00:00:00
2015016682,마몽드카렌듈라에브리데이선크림,(주)아모레퍼시픽,2015-12-23 00:00:00
2015016801,오그체호커스포커스매직포어선크림,(주)네슈라화장품,2015-12-28 00:00:00
2015016816,꼬마버스타요베이비마일드선크림,(주)셀랩,2015-12-28 00:00:00
2015016964,디오프러스유브이데일리선크림,(주)오브이코스(OVCOS),2015-12-30 00:00:00
2016000033,마이프레셔스선크림,(주)닥터리스랩,2016-01-04 00:00:00
2016000168,한율순수선크림,(주)아모레퍼시픽,2016-01-06 00:00:00
2016000464,에코시아제주다믄선크림,(주)제이어스,2016-01-18 00:00:00
2016000623,헤이씨스터365퍼펙트핏선크림,(주)에치엔지,2016-01-14 00:00:00
2016000748,클리오킬프로텍션퍼펙트선크림,(주)클리오,2016-01-20 00:00:00
2016000749,클리오킬프로텍션포어프라이머선크림,(주)클리오,2016-01-20 00:00:00
2016000844,더퓨어힐링마일드선크림,메디앙스(주),2016-01-19 00:00:00
2016000845,닥터아토워셔블선크림,메디앙스(주),2016-01-28 00:00:00
2016000961,베리떼매트터치선크림,(주)아모레퍼시픽,2016-01-20 00:00:00
2016001029,다알리아선크림,이노팜 주식회사,2016-02-01 00:00:00
2016001167,랑스베리라트라비아타에센스선크림,주식회사프롬코리아,2016-01-25 00:00:00
2016001189,오뜨리블록앤블록50화이트닝선크림,(주)네슈라화장품,2016-01-26 00:00:00
2016001418,더퓨어아임키즈레포츠야외놀이선크림,메디앙스(주),2016-01-28 00:00:00
2016001421,더퓨어아임키즈워터프루프물놀이선크림,메디앙스(주),2016-01-28 00:00:00
2016001613,더마비에브리데이선크림,(주)네오팜,2016-02-01 00:00:00
2016001674,라떼르퍼펙트선크림,(주)가시,2016-02-02 00:00:00
2016001717,로우유브이퓨어미네랄선크림,국제피앤비주식회사,2016-02-03 00:00:00
2016001741,코스알엑스알로에수딩선크림,(주)코스알엑스,2016-02-04 00:00:00
2016001744,브이디엘스킨프로올마이티선크림,(주)엘지생활건강,2016-02-04 00:00:00
2016001747,보닌더스타일울트라라이트데일리선크림,(주)엘지생활건강,2016-02-04 00:00:00
2016001815,홀리카홀리카데즐링선샤인메이크업선크림,엔프라니주식회사,2016-02-05 00:00:00
2016001824,홀리카홀리카데즐링선샤인메이크업선크림,엔프라니주식회사,2016-02-05 00:00:00
2016001828,셀리오그린티화이트닝선크림에스피에프50+피에이+++,씨앤오코스메틱,2016-02-05 00:00:00
2016001829,셀리오워터프루프데일리선크림에스피에프50+피에이+++,씨앤오코스메틱,2016-02-05 00:00:00
2016001832,셀리오콜라겐화이트닝선크림에스피에프50+피에이+++,씨앤오코스메틱,2016-02-05 00:00:00
2016001891,비욘드에코디펜스워터풀선크림,(주)엘지생활건강,2016-02-12 00:00:00
2016002024,셀리오콜라겐선크림에스피에프50+피에이+++,씨앤오코스메틱,2016-02-15 00:00:00
2016002028,앙쥬프로페셔날365선크림에스피에프50+피에이+++,씨앤오코스메틱,2016-02-15 00:00:00
2016002053,홀리카홀리카데즐링선샤인마일드선크림,엔프라니주식회사,2016-02-12 00:00:00
2016002078,에이에이치씨아토연퓨어선크림,(주)카버코리아,2016-02-15 00:00:00
2016002250,센텔리안24마데카선크림,동국제약주식회사,2016-02-17 00:00:00
2016002304,프리랩하이드로마일드선크림,십일번가주식회사,2016-02-17 00:00:00
2016002373,와이에스솔루션울트라프로텍션선크림,(주)닥터에스리랩,2016-02-18 00:00:00
2016002477,온더바디퍼펙트쉴드화이트닝선크림,(주)엘지생활건강,2016-02-22 00:00:00
2016002541,포이브앱솔루트선크림,(주)한솔장업,2016-02-23 00:00:00
2016002565,더샘에코어스파워노세범선크림,(주)더샘인터내셔날,2016-02-23 00:00:00
2016002672,밀키드레스더화이트옴므선크림,(주)태림생활건강,2016-02-25 00:00:00
2016002730,애플비데일리유브이선크림에스피에프50+피에이+++,씨앤오코스메틱,2016-02-26 00:00:00
2016003125,허그베이비센스티브선크림,(주)유니베라,2016-03-08 00:00:00
2016003255,스위스퓨어코튼블록컴포트선크림,(주)에이블씨엔씨,2016-03-09 00:00:00
2016003296,액티브실키선크림,주식회사스킨이데아,2016-03-10 00:00:00
2016003323,동성랑스선크림,동성제약(주),2016-03-09 00:00:00
2016003418,선크림123,주식회사유한코스메틱,2016-03-11 00:00:00
2016003465,아보와테선크림,(주)쵸이스코스메틱,2016-03-14 00:00:00
2016003701,아리따움바바파파페이스앤바디선크림,(주)아모레퍼시픽,2016-03-17 00:00:00
2016003739,라끄베르유브이스킨포스선크림에스피에프50+피에이+++,(주)엘지생활건강,2016-03-18 00:00:00
2016003749,조조스세레모니선크림,(주)더제이제이컴퍼니,2016-03-18 00:00:00
2016003824,제이듀퍼펙트유브이블로킹선크림,(주)제이어스,2016-03-21 00:00:00
2016003868,프로캄비타선크림,한미약품(주),2016-04-13 00:00:00
2016004039,아웃런울트라마라톤선크림,(주)아모레퍼시픽,2016-03-24 00:00:00
2016004064,스템셀이엑스에스인텐시브선크림에스피에프50+피에이+++,주식회사유한코스메틱,2016-04-05 00:00:00
2016004070,데일리브라이트닝선크림,(주)진코스텍,2016-03-25 00:00:00
2016004075,바닐라코헬로써니아쿠아선크림에스피에프50+피에이+++,㈜에프앤코,2016-03-25 00:00:00
2016004167,입큰프레쉬마일드선크림,이넬화장품(주),2016-03-28 00:00:00
2016004248,쉐이킹톤업안티폴루션선크림,(주)투앤업,2016-03-29 00:00:00
2016004445,인튜브슈퍼베리선크림인라즈베리,(주)본트리,2016-03-31 00:00:00
2016004477,비바시티선크림,(주)지에이치홀딩스,2016-04-14 00:00:00
2016004828,식물나라산소수피팅선크림,씨제이올리브영(주),2016-04-07 00:00:00
2016004890,프로텍션선크림,(주)엘앤씨바이오,2016-04-08 00:00:00
2016004972,식물나라산소수마일드선크림,씨제이올리브영(주),2016-04-15 00:00:00
2016005350,이즈앤트리라이트피니쉬선크림,(주)이즈앤트리,2016-04-21 00:00:00
2016005393,무기소프튼프로텍트선크림에스피에프50+피에이+++,(주)투앤업,2016-04-19 00:00:00
2016005450,세디르케이티위즈마일드선크림,(주)코리아나화장품,2016-04-20 00:00:00
2016005519,보습베이비순한선크림,(주)엘지생활건강,2016-04-21 00:00:00
2016005580,싱크네이쳐베이비선크림,(주)나눔씨엔씨,2016-04-22 00:00:00
2016005602,닥터리더스더마프로텍터유브이선크림,(주)리더스코스메틱,2016-04-25 00:00:00
2016005698,한스킨바이오유브이쉴드마일드선크림,(주)셀트리온스킨큐어,2016-04-29 00:00:00
2016005743,닥터딥선크림,(주)미네랄하우스,2016-05-11 00:00:00
2016006002,닥터리더스더마프로텍터유브이선크림,(주)리더스코스메틱,2016-04-29 00:00:00
2016006048,내추럴퍼펙트선크림,바이온인터내셔널,2016-05-10 00:00:00
2016006102,메이크프렘유브이디펜스미내추럴선크림,(주)매그니프,2016-05-02 00:00:00
2016006201,담음수더블유알디투선크림,주식회사 네오바이오텍,2016-05-03 00:00:00
2016006286,샤인미워터드롭선크림,(주)굿모닝월드,2016-05-31 00:00:00
2016006454,한스킨바이오유브이쉴드레포츠선크림,(주)셀트리온스킨큐어,2016-05-12 00:00:00
2016006572,백옥환앱솔루트슈프림선크림,(주)한솔장업,2016-05-31 00:00:00
2016006719,데일리퓨어베이비선크림,일양약품(주),2016-06-08 00:00:00
2016006805,뚱패밀리선크림에스피에프50+피에이+++,씨앤오코스메틱,2016-05-17 00:00:00
2016006807,뚱베이비선크림에스피에프50+피에이+++,씨앤오코스메틱,2016-05-19 00:00:00
2016006830,시크릿키내추럴데일리퓨어선크림에스피에프50+피에이+++,(주)시크릿키,2016-05-17 00:00:00
2016006980,비버리힐스폴로선크림에스피에프50피에이+++,씨앤오코스메틱,2016-05-19 00:00:00
2016007057,쌍빠미네랄소프튼프로텍트선크림에스피에프50+피에이+++,(주)투앤업,2016-05-20 00:00:00
2016007162,제주허브동산허브가든선크림,(주)프로유화장품,2016-05-25 00:00:00
2016007254,타임사라선크림,스피드무버코스메틱주식회사,2016-06-02 00:00:00
2016007350,제주허브동산허브가든선크림,(주)프로유화장품,2016-05-26 00:00:00
2016007367,츄니롱래스팅라이트선크림,(주)아이케이,2016-06-02 00:00:00
2016007375,메디하우스데일리퍼펙트선크림,(주)바이오시엠,2016-05-31 00:00:00
2016007420,벨라이프데일리선크림,종근당건강(주),2016-05-30 00:00:00
2016007532,리리코스옴므마린얼티밋선크림,(주)아모레퍼시픽,2016-06-01 00:00:00
2016007562,타임사라데일리선크림50미리,스피드무버코스메틱주식회사,2016-06-02 00:00:00
2016007580,닥터셀앱솔루트선크림,이스터너생명과학(주),2016-06-10 00:00:00
2016007665,츄니롱래스팅라이트선크림,(주)아이케이,2016-06-08 00:00:00
2016007699,닥터랩하이드라더마아줄렌선크림에피에프50+피에이+++,(주)이트리얼,2016-06-07 00:00:00
2016007828,에스틱에이지유브이퍼펙트커버에이선크림,성화C&M,2016-06-09 00:00:00
2016007874,에스틱에이지유브이퍼펙트커버에이선크림,성화C&M,2016-06-10 00:00:00
2016007881,바르시오데일리선플라워선크림에스피에프50플러스피에이트리플,디엔지코리아,2016-06-14 00:00:00
2016007950,멀티-프로텍션선크림,(주)엘앤씨바이오,2016-06-13 00:00:00
2016008019,무기자차365벨벳톤업선크림,(주)에코먼트,2016-06-14 00:00:00
2016008045,클레이아멀티프로텍션선크림,(주)엘앤씨바이오,2016-06-14 00:00:00
2016008092,소프트필선크림,시크릿다이렉트코리아(주),2016-06-15 00:00:00
2016008112,록시톡퍼펙트프로텍션선크림,(주)메르시라이프,2016-06-16 00:00:00
2016008171,순수자아아토-더마선크림,(주)순수자아,2016-06-17 00:00:00
2016008217,유니웰아쿠아선크림,유니웰주식회사,2016-06-17 00:00:00
2016008237,스킨79옴므액티브선크림,스킨79(주),2016-06-20 00:00:00
2016008260,본트리허브에센셜선크림,(주)본트리,2016-06-20 00:00:00
2016008544,프라덤듀얼선크림,㈜ 맘비바이오텍,2016-06-24 00:00:00
2016008588,무궁화선크림,리봄화장품(주),2016-08-16 00:00:00
2016008849,디어서유브이울트라프로텍션선크림,(주)셀트리온스킨큐어,2016-07-01 00:00:00
2016008853,포피네베이비선키즈선크림,(주)셀트리온스킨큐어,2016-07-01 00:00:00
2016009193,라퐁텐워셔블선크림,(주)뉴앤뉴,2016-08-16 00:00:00
2016009313,마르멜로선크림,(주)아마란스,2016-07-11 00:00:00
2016009487,포피네베이비앤키즈선크림,(주)셀트리온스킨큐어,2016-07-12 00:00:00
2016009658,퍼펙트쉴드선크림에스피에프50+피에이+++,고든코스메틱,2016-07-15 00:00:00
2016009660,퍼펙트쉴드선크림,고든코스메틱,2016-07-15 00:00:00
2016009661,퍼펙트쉴드선크림,고든코스메틱,2016-07-18 00:00:00
2016009776,엑시드아쿠아선크림,(주)에이블씨엔씨,2016-07-19 00:00:00
2016009777,엑시드레포츠선크림,(주)에이블씨엔씨,2016-07-19 00:00:00
2016010098,이너프스네일너리싱선크림,(주)이너프,2016-07-25 00:00:00
2016010133,비롯레드러브애플탄산데일리선크림,(주)아트박스,2016-07-25 00:00:00
2016010188,미가비안티폴루션선크림,(주)미가코스메틱,2016-08-10 00:00:00
2016010245,옥시젠슈티컬스티피선크림,(주)코이즈,2016-08-02 00:00:00
2016010581,어답트미선크림,주식회사젠코스메티코스,2016-12-26 00:00:00
2016010676,루비셀포유선크림,주식회사루비셀,2016-08-18 00:00:00
2016010992,아이뽀데일리선크림,(주)스타럭스,2016-08-16 00:00:00
2016011054,무궁화선크림,리봄화장품(주),2016-08-29 00:00:00
2016011083,바이오에스트리플에스선크림,(주)바이오에스,2016-08-18 00:00:00
2016011153,몽디에스베이비선크림,(주)360퍼스펙티브,2016-08-18 00:00:00
2016011446,센탈라리페어선크림,에이치엘비제약(주),2016-09-06 00:00:00
2016011689,씽크네이처베이비선크림,(주)나눔씨엔씨,2016-08-29 00:00:00
2016011742,스포메틱스핑크스포츠선크림,한솔생명과학(주),2016-08-30 00:00:00
2016011828,무궁화선크림,리봄화장품(주),2016-12-26 00:00:00
2016011968,오쇼피토내츄럴엔리치선크림,리봄화장품(주),2016-12-30 00:00:00
2016012013,위드랑피토내츄럴엔리치선크림,리봄화장품(주),2016-09-03 00:00:00
2016012666,에인트오버레포츠선크림,(주)에이블씨엔씨,2016-09-21 00:00:00
2016012668,에인트오버데일리선크림,(주)에이블씨엔씨,2016-09-21 00:00:00
2016012735,수연나매직파우더선크림,메디퓌센,2016-09-22 00:00:00
2016013033,비프루브시티스테이데일리유브이디펜스선크림,(주)코스모코스,2016-09-27 00:00:00
2016013036,비프루브시티스테이마일드미니멈선크림,(주)코스모코스,2016-09-27 00:00:00
2016013039,비프루브시티스테이톤업선크림,(주)코스모코스,2016-09-27 00:00:00
2016013045,비프루브시티스테이마일드패밀리선크림,(주)코스모코스,2016-10-06 00:00:00
2016013046,비프루브시티스테이워터프루프선크림,(주)코스모코스,2016-10-06 00:00:00
2016013134,비프루브시티스테이마일드미니멈선크림에스피에프28피에이+++,(주)코스모코스,2016-09-29 00:00:00
2016013136,비프루브시티스테이데일리유브이디펜스선크림에스피에프50+피에이+++,(주)코스모코스,2016-09-29 00:00:00
2016013139,비프루브시티스테이톤업선크림에스피에프50+피에이+++,(주)코스모코스,2016-09-29 00:00:00
2016013337,비프루브시티스테이톤업선크림에스피에프50+피에이+++,(주)코스모코스,2016-10-04 00:00:00
2016013338,비프루브시티스테이마일드미니멈선크림에스피에프28피에이+++,(주)코스모코스,2016-10-04 00:00:00
2016013640,제노시스멀티선크림에스피에프40피에이++,(주)디티에스엠지,2016-10-10 00:00:00
2016014020,쿠선크림,(주)블리스팩,2016-10-24 00:00:00
2016014061,팔점일사선크림,마랭코스,2016-10-14 00:00:00
2016014555,스포메틱스그린스포츠선크림,주식회사스포메틱스,2016-10-24 00:00:00
2016014624,라끌랑자외선철벽방어선크림,주식회사 씨에이치에이퍼시픽,2016-10-25 00:00:00
2016014969,오스코인터스킨펩타볼륨선크림,(주)오스코리아제약,2016-11-02 00:00:00
2016015025,오스코인터스킨펩타볼륨선크림,(주)오스코리아제약,2016-11-09 00:00:00
2016015174,비욘드에코데일리디펜스퍼펙트워터프루프선크림,(주)엘지생활건강,2016-11-09 00:00:00
2016015227,비욘드에코데일리디펜스워터풀선크림,(주)엘지생활건강,2016-11-08 00:00:00
2016015246,퍼스트픽노블톤업쉬머링선크림,㈜퍼스트픽,2016-11-08 00:00:00
2016015292,레누드벨라페이스엔선크림,(주)이노보떼,2016-11-10 00:00:00
2016015707,반트삼십육점오포맨슈퍼디펜스선크림자외선차단기능성화장품,(주)튜링겐코리아,2016-11-19 00:00:00
2016016049,유브이실드모이스처선크림에스피에프50+피에이++++,한국권건화장품주식회사,2016-12-02 00:00:00
2016016257,오마샤리프블랑슈네쥬선크림,동성제약(주),2017-03-06 00:00:00
2016016324,비욘드타임리스피토플라센타선크림,(주)엘지생활건강,2016-12-05 00:00:00
2016016570,셀레피트쉬폰프라임선크림,이연생활뷰티(주),2016-12-07 00:00:00
2016016719,셀레피트쉬폰프라임선크림,이연생활뷰티(주),2016-12-09 00:00:00
2016016883,구달민감안심선크림,(주)클리오,2016-12-29 00:00:00
2016016971,인디베베베이비선크림,농업회사법인주식회사제주인디,2016-12-22 00:00:00
2016016998,꽃을든남자선펀치화이트선크림,(주)코스모코스,2016-12-16 00:00:00
2016017049,오퍼스로맨틱선크림,로제화장품(주),2016-12-16 00:00:00
2016017220,입큰시카마일드선크림,이넬화장품(주),2016-12-21 00:00:00
2016017391,제로이드뉴마일드선크림,(주)네오팜,2016-12-26 00:00:00
2016017393,마일드선크림에스피에프32피에이+++,(주)네오팜,2016-12-26 00:00:00
2016017447,헤리즈미화이트엠엑스데일리선크림,(주)라비오뜨,2016-12-26 00:00:00
2016017448,헤리즈미화이트엠엑스워터리선크림,(주)라비오뜨,2016-12-26 00:00:00
2016017614,유브이프로텍션올투게더선크림,제이스코퍼레이션,2016-12-30 00:00:00
2017000164,레시피크리스탈선크림,레시피(주),2017-01-04 00:00:00
2017000359,퓨어덤유브이컨트롤비타데일리선크림,씨앤텍 주식회사,2017-01-09 00:00:00
2017000610,파이브백디펜스선크림,(주)에이치에스글로벌,2017-01-12 00:00:00
2017000637,이달리이엑스유브이퍼펙트선크림,스마일뷰티시스템즈(주),2017-01-16 00:00:00
2017000659,라뽀엘울트라카밍선크림에스피에프25피에이++,네이처메딕스,2017-01-13 00:00:00
2017000717,온더바디내추럴리프레쉬페이스선크림,(주)엘지생활건강,2017-01-16 00:00:00
2017000718,온더바디내추럴리프레쉬마일드선크림,(주)엘지생활건강,2017-01-16 00:00:00
2017000728,보타닉힐보아이디얼포맨올디펜스선크림,씨제이올리브영(주),2017-01-17 00:00:00
2017000765,메이크업선크림,엔프라니주식회사,2017-01-17 00:00:00
2017000794,드레봄피토내추럴엔리치선크림,리봄화장품(주),2017-01-18 00:00:00
2017000818,에코시크릿유브이퍼펙트쉴드부스팅선크림,(주)콜더마,2017-01-18 00:00:00
2017000822,캠키즈식스테라모이스처라이징선크림,거산주식회사,2017-01-31 00:00:00
2017000868,해피바스마일드선크림,(주)아모레퍼시픽,2017-01-19 00:00:00
2017000893,라뽀엘울트라카밍선크림에스피에프25피에이++,네이처메딕스,2017-01-19 00:00:00
2017000934,온더바디내추럴리프레쉬훼이셜선크림,(주)엘지생활건강,2017-01-20 00:00:00
2017000935,아리따움파라솔페이스앤바디선크림,(주)아모레퍼시픽,2017-01-23 00:00:00
2017000964,구달프리미엄스네일톤업선크림,(주)클리오,2017-01-20 00:00:00
2017000988,아토베네프로텍트선크림,주식회사 베네플래닛,2017-01-23 00:00:00
2017001009,브라이트닝쉴드선크림,이오위즈코리아(주),2017-01-23 00:00:00
2017001034,라뽀엘울트라카밍선크림에스피에프25피에이++,네이처메딕스,2017-01-23 00:00:00
2017001058,파이브백워터가드선크림,(주)에이치에스글로벌,2017-01-24 00:00:00
2017001081,듀얼볼트퍼펙트포선크림,몽베누스주식회사,2017-01-24 00:00:00
2017001103,제이듀퍼펙트유브이블로킹프리미엄선크림,(주)제이어스,2017-02-01 00:00:00
2017001126,라뽀엘울트라카밍선크림에스피에프25피에이++,네이처메딕스,2017-01-25 00:00:00
2017001139,제네르떼타임케어선크림,한국화장품(주),2017-01-25 00:00:00
2017001244,아웃런에어선크림,(주)아모레퍼시픽,2017-01-31 00:00:00
2017001263,마몽드퓨어센서티브선크림,(주)아모레퍼시픽,2017-02-01 00:00:00
2017001302,씨엠유유브이컨트롤선크림,(주)클라젠,2017-02-02 00:00:00
2017001418,그린핑거워셔블선크림,유한킴벌리(주),2017-02-02 00:00:00
2017001654,미운오리네츄럴베이비선크림에스피에프47피에이+++,(주)뷰티베이커리,2017-03-23 00:00:00
2017001659,베이처유브이프로텍트선크림에스피에프47피에이+++,(주)뷰티베이커리,2017-03-23 00:00:00
2017001698,치코베이비선크림,트러스메틱스주식회사,2017-02-08 00:00:00
2017001735,듀얼볼트퍼펙트4이데베논선크림,몽베누스주식회사,2017-02-08 00:00:00
2017001763,바이오레지맨펩타이드컴플렉스에디션스킨프로텍터선크림,주식회사유로이스트,2017-02-08 00:00:00
2017001807,바이오레지멘펩타이드컴플렉스에디션스킨프로텍터선크림,주식회사유로이스트,2017-02-08 00:00:00
2017002054,베리떼아쿠아선크림플러스,(주)아모레퍼시픽,2017-02-14 00:00:00
2017002129,케어존닥터솔루션더마리페어선크림,(주)엘지생활건강,2017-02-20 00:00:00
2017002190,어퓨파워블록데일리선크림,(주)에이블씨엔씨,2017-02-16 00:00:00
2017002192,어퓨파워블록에센스선크림,(주)에이블씨엔씨,2017-02-16 00:00:00
2017002314,은율마유선크림,(주)방앗간화장품,2017-02-20 00:00:00
2017002317,은율나이트뷰선크림,(주)방앗간화장품,2017-02-20 00:00:00
2017002320,은율쥬뗌므선크림,(주)방앗간화장품,2017-02-20 00:00:00
2017002322,은율퀸즈선크림,(주)방앗간화장품,2017-02-20 00:00:00
2017002419,보타닉힐보스마트톤업선크림,씨제이올리브영(주),2017-02-20 00:00:00
2017002433,선티크아임퓨어시카선크림,(주)노멀리스트,2017-02-22 00:00:00
2017002473,씨엘포맥스히아루로닉프로폴리스선크림,(주)아미코스메틱,2017-02-21 00:00:00
2017002503,소르띠에노블린인텐시얼선크림,더라미주식회사,2017-02-22 00:00:00
2017002547,오마이패밀리넌케미컬선크림,(주)바리엔유,2017-03-07 00:00:00
2017002599,순우리아쿠아맥스선크림,(주)에스지라이프케어,2017-02-23 00:00:00
2017002610,디알프로그안티멜라선크림,(주)참존,2017-02-23 00:00:00
2017002611,디알프로그어반더스트프리선크림,(주)참존,2017-02-23 00:00:00
2017002619,화산수울트라유브이디펜스선크림,(주)엔엠씨화장품,2017-02-23 00:00:00
2017002642,가온도담청순무기자차선크림,(주)아모레퍼시픽,2017-02-24 00:00:00
2017002667,비롯뽀송톤업선크림오스트,(주)아트박스,2017-02-27 00:00:00
2017002668,비롯뽀송톤업선크림말리,(주)아트박스,2017-02-27 00:00:00
2017002930,식물나라산소수피팅선크림에스피에프50+피에이++++,씨제이올리브영(주),2017-02-28 00:00:00
2017003011,쏘내추럴프라임가드페이스선크림,쏘내추럴(주),2017-03-13 00:00:00
2017003126,식물나라산소수마일드선크림에스피에프50+피에이+++,씨제이올리브영(주),2017-03-06 00:00:00
2017003128,식물나라산소수톤업선크림,씨제이올리브영(주),2017-03-06 00:00:00
2017003205,오펀티아366선크림,(주)아리바이오,2017-03-14 00:00:00
2017003229,헉슬리선크림스테이선세이프,(주)노드메이슨,2017-03-07 00:00:00
2017003235,루벨리유브이프로텍션선크림,주식회사 루벨리,2017-03-29 00:00:00
2017003265,예화담천삼송이자생선크림,(주)엘지생활건강,2017-03-07 00:00:00
2017003274,앤써와이내추럴허브선크림,(주)엘지생활건강,2017-03-07 00:00:00
2017003656,꽃을든남자에너지팩토리스포츠선크림위드토트넘핫스퍼에스피에프50+피에이+++,(주)코스모코스,2017-03-16 00:00:00
2017003687,비욘드트루에코마일드선크림,(주)엘지생활건강,2017-03-15 00:00:00
2017003713,오마샤리프블랑슈네쥬선크림,동성제약(주),2017-03-17 00:00:00
2017003760,라비오뜨유브이베일브라이트닝선크림,(주)라비오뜨,2017-03-16 00:00:00
2017003803,베베셀베이비선크림,(주)더원코스메틱,2017-03-17 00:00:00
2017003851,16브랜드16식스썬스워터프루프선크림,(주)씨에스에이코스믹,2017-04-18 00:00:00
2017003872,엔프라니더마플러스톤업선크림,엔프라니주식회사,2017-03-20 00:00:00
2017003886,꽃을든남자포스선크림위드토트넘핫스퍼에스피에프50+피에이+++,(주)코스모코스,2017-03-21 00:00:00
2017003889,미운오리유브이프로텍트선크림,(주)우신화장품,2017-03-21 00:00:00
2017003916,이지함라이프선크림,(주)이지함화장품,2017-03-21 00:00:00
2017003950,데이셀닥터비타비타민선크림커버,데이셀코스메틱(주),2017-03-21 00:00:00
2017003979,베비언스베이비순한선크림,(주)엘지생활건강,2017-03-22 00:00:00
2017004044,르퀼라야퓨어텐선크림,(주)지니씨앤씨,2017-03-22 00:00:00
2017004123,시크릿키타나카마일드선크림에스피에프47피에이+++,(주)시크릿키,2017-03-28 00:00:00
2017004131,슈슈선크림민트,(주)바이오시엠,2017-04-03 00:00:00
2017004136,슈슈선크림핑크,(주)바이오시엠,2017-03-28 00:00:00
2017004371,올가플러스라이트선크림,주식회사블루존와이드,2017-03-29 00:00:00
2017004438,데임수노블레스선크림,주식회사 네오바이오텍,2017-03-30 00:00:00
2017004454,자안유브이쉴드선크림,대구한의대학교,2017-05-08 00:00:00
2017004455,달빅오아시스선크림,그린코스주식회사,2017-03-30 00:00:00
2017004503,블리블리피치스킨선크림,부건코스메틱주식회사,2017-03-31 00:00:00
2017004533,이니스프리더미니멈베이비선크림,(주)이니스프리,2017-03-31 00:00:00
2017004561,페페라페데일리톤업브라이트닝선크림에스피에프50플러스피에이트리플,페페라페,2017-04-03 00:00:00
2017004571,입큰톤업애플선크림,이넬화장품(주),2017-04-03 00:00:00
2017004592,센텐스모던선샤인워터프루프선크림,(주)이마트,2017-04-13 00:00:00
2017004606,6가지곡물로만든순씨리얼선크림,(주)이너프,2017-04-04 00:00:00
2017004608,인텐스케어데일리스네일선크림,(주)이너프,2017-04-04 00:00:00
2017004855,더마필리아하이드로선크림,주식회사더마밀,2017-04-07 00:00:00
2017004858,페디슨세라마이드무기자차선크림,(주)에바스코스메틱,2017-04-07 00:00:00
2017004895,더샘헬로우섬머유브이프로텍션틴티드선크림,(주)더샘인터내셔날,2017-04-10 00:00:00
2017004899,더샘헬로우섬머유브이프로텍션라이트선크림,(주)더샘인터내셔날,2017-04-11 00:00:00
2017004926,파리앙유브이톤커렉팅선크림에스피에프50+피에이+++,주식회사 오들리,2017-04-11 00:00:00
2017004989,스위스퓨어퍼펙트쉴드에어인선크림,(주)에이블씨엔씨,2017-04-11 00:00:00
2017005007,고위드미유브이쉴드포쁠선크림,(주)신안코스메틱,2017-04-13 00:00:00
2017005018,에이에이치씨비타민비프로텍터선크림,(주)카버코리아,2017-04-12 00:00:00
2017005089,아이베베워셔블선크림,한국피부과학연구원주식회사,2017-04-12 00:00:00
2017005099,꽃을든남자에너지팩토리포스선크림위드토트넘핫스퍼에스피에프50+피에이+++,(주)코스모코스,2017-04-12 00:00:00
2017005133,닥터림스선크림,이노팜 주식회사,2017-04-13 00:00:00
2017005216,더마필리아하이드로선크림,주식회사성균관코스메틱,2017-04-19 00:00:00
2017005245,더블유389멀티프로텍티브선크림,(주)유니베라,2017-04-21 00:00:00
2017005295,네오뷰에이지리스토링유브이어웨이선크림,바이오플래넷주식회사,2017-04-17 00:00:00
2017005328,스킨푸드알로에워터리쿨링선크림,주식회사스킨푸드,2017-04-17 00:00:00
2017005480,밀키드레스아쿠아선크림,(주)태림생활건강,2017-04-20 00:00:00
2017005490,베니즈와파워유브이프로텍터선크림,청호나이스(주),2017-04-24 00:00:00
2017005493,쏘내추럴포어필프라이머선크림,쏘내추럴(주),2017-04-19 00:00:00
2017005537,투애니원스테이브라이트닝선크림,오라클코스메틱(주),2017-04-20 00:00:00
2017005538,투애니원스테이비하이드로선크림,오라클코스메틱(주),2017-04-20 00:00:00
2017005577,토니모리인텐스케어골드24케이스네일선크림,(주)토니모리,2017-04-25 00:00:00
2017005647,어퓨파워블록뽀송선크림,(주)에이블씨엔씨,2017-04-24 00:00:00
2017005660,소르띠에클레리티스키닝선크림,더라미주식회사,2017-04-24 00:00:00
2017005663,어바웃미유브이퍼펙트쉴드톤업선크림에스피에프50+피에이++++,(주)삼양사,2017-04-24 00:00:00
2017005691,에스테로스유브이데일리선크림,(주)오브이코스(OVCOS),2017-04-24 00:00:00
2017005699,닥터림스선크림,이노팜 주식회사,2017-04-25 00:00:00
2017005713,에코필모이스트라이트선크림에스피에프50+피에이+++,(주)에치엔지,2017-04-25 00:00:00
2017005723,비더마틱워터프루프선크림에스피에프50+피에이++++,(주)브랜드니오,2017-04-27 00:00:00
2017005805,닥터마인드에이팟클리어선크림마일드핑크,(주)와우벤처스,2017-05-10 00:00:00
2017005872,디어러스데일리선크림,(주)에스유알코리아,2017-05-02 00:00:00
2017006007,베비루미그린선크림,(주)베베수,2017-05-02 00:00:00
2017006057,썸바이미유브이쉴드톤업데일리선크림,(주)페렌벨,2017-05-04 00:00:00
2017006069,오키드유브이선크림핑크,(주)엠에이피컴퍼니,2017-05-04 00:00:00
2017006112,토니모리마이써니페이스앤바디선크림,(주)토니모리,2017-05-11 00:00:00
2017006138,어퓨마데카소사이드선크림,(주)에이블씨엔씨,2017-05-10 00:00:00
2017006212,바이탈부스트선크림,에스디네트웍스,2017-05-10 00:00:00
2017006428,샤인트리유브이프로텍션선크림에스피에프50피에이+++,(주)엠엘에스,2017-05-16 00:00:00
2017006482,파파야디선크림,(주)벤튼,2017-05-19 00:00:00
2017006484,태후사랑선크림,(주)태후코스메틱,2017-05-19 00:00:00
2017006639,오키드유브이선크림밀크,(주)엠에이피컴퍼니,2017-05-19 00:00:00
2017006750,식물나라산소수페이스앤바디선크림,씨제이올리브영(주),2017-05-23 00:00:00
2017006787,셀레피덤더마엘릭퍼펙트유브이선크림,이연생활뷰티(주),2017-05-26 00:00:00
2017006853,랑스베리바이탈워터에센스선크림,주식회사프롬코리아,2017-06-13 00:00:00
2017007022,셀레피덤더마엘릭퍼펙트유브이선크림,이연생활뷰티(주),2017-05-29 00:00:00
2017007413,레이디켈리매직화이트닝선크림,주식회사비트로시스윈,2017-05-31 00:00:00
2017007509,조조바스토리슈퍼선크림,제이엔씨인스티튜트,2017-06-01 00:00:00
2017007562,로즈와인선크림,(주)코아이코스메틱,2017-12-08 00:00:00
2017007589,뉴동인비퍼펙트선크림,(주)케이지씨라이프앤진,2017-06-01 00:00:00
2017008381,포켓선크림,(주)라이프스타일프로젝트,2017-06-08 00:00:00
2017008512,힙스센텔라리페어선크림,(주)팜스메틱,2017-06-15 00:00:00
2017008915,엔탑클린앤컷유브이선크림,주식회사호석,2017-06-16 00:00:00
2017009000,리스킨솔루션선크림,(주)리스킨코스메틱스,2017-07-03 00:00:00
2017009126,유리피부알로에베라피지컬선크림,(주)이지티코리아,2017-06-22 00:00:00
2017009346,센텔라마일드선크림,(주)진흥통상비엔에이치,2017-06-23 00:00:00
2017009759,스위스퓨어퍼펙트쉴드워터프루프선크림,(주)에이블씨엔씨,2017-06-21 00:00:00
2017010255,르네셀앱솔루트슈프림선크림플러스,한솔생명과학(주),2017-06-23 00:00:00
2017010508,제이엔엔데일리벨벳선크림,(주)죠이라이프,2018-09-18 00:00:00
2017010582,씨캣카밍선크림,(주)손유나홀딩스,2017-07-04 00:00:00
2017010613,파파야에스선크림,(주)벤튼,2017-06-29 00:00:00
2017010742,크리스탈선크림,(주)나르시피아,2017-06-30 00:00:00
2017010951,앤서나인틴올데이마일드선크림,주식회사바이오톡스,2017-07-03 00:00:00
2017011151,선기어스포츠선크림,주식회사하이오글로벌,2017-07-03 00:00:00
2017011424,이에스엘더모플랜모이스트선크림에스피에프50+피에이+++,주식회사씨엔에프,2017-07-04 00:00:00
2017011493,트리-액티브디펜스선크림,(주)닥터아임,2017-07-06 00:00:00
2017011565,애니타앱솔루트선크림,(주)미가코스메틱,2017-07-05 00:00:00
2017011653,벨라루시이지에프앤비피다발효선크림,(주)에버코스,2017-07-07 00:00:00
2017011751,더스트쉴드선크림,주식회사빌리바이브,2017-07-11 00:00:00
2017011800,자이모겐모이스처라이징선크림,(주)콧데,2017-07-07 00:00:00
2017012055,코스온선크림,주식회사유한코스메틱,2017-07-10 00:00:00
2017012297,에스테콥선세리선크림,(주)아주화장품,2017-07-11 00:00:00
2017012349,에이에이치씨유브이캡처플러스세범컨트롤선크림,(주)카버코리아,2017-07-12 00:00:00
2017012354,에이에이치씨유브이캡처플러스퓨어마일드선크림,(주)카버코리아,2017-07-12 00:00:00
2017012498,하라셀밀키웨어선크림,에이치씨메드,2017-07-12 00:00:00
2017012666,엠에프선크림,(주)한솔장업,2017-07-13 00:00:00
2017012882,자이모겐모이스처라이징선크림,(주)콧데,2017-07-14 00:00:00
2017012887,자이모겐모이스처라이징선크림,(주)콧데,2017-07-14 00:00:00
2017013017,뜨엘퓨어디펜스선크림,(주)코스메디크,2017-07-17 00:00:00
2017013097,벨본엑스퍼트수딩선크림,(주)본트리,2017-07-19 00:00:00
2017013649,베스티안선크림,(주)피씨지,2017-08-06 00:00:00
2017013899,레티나지유브이엑스퍼트리쥬버네이션선크림에스피에프50+피에이+++,(주)아이젤,2017-08-01 00:00:00
2017013914,크리스찬딘플래티넘마유선크림,(주)이노보떼,2017-07-28 00:00:00
2017013964,토소웅맨즈부스터리페어선크림,(주)만통,2017-07-27 00:00:00
2017013998,비욘드타임리스피토셀리뉴선크림,(주)엘지생활건강,2017-07-28 00:00:00
2017014161,리더스베이비순보송선크림,(주)리더스코스메틱,2017-08-03 00:00:00
2017014190,블랙티톤업바이올렛선크림,혼도(주),2017-07-31 00:00:00
2017014202,리더스썬버디데일리모이스처선크림,(주)리더스코스메틱,2017-07-31 00:00:00
2017014487,메디덤투유브이프로텍트선크림,주식회사메디덤코스메틱,2017-08-03 00:00:00
2017014570,화미사당근발효베이비키즈선크림에스피에프14피에이++,(주)이엔에스코리아,2018-10-24 00:00:00
2017014571,화미사당근발효베이비키즈선크림에스피에프50피에이++++,(주)이엔에스코리아,2018-10-24 00:00:00
2017014572,화미사꽃발효선크림에스피에프14피에이++,(주)이엔에스코리아,2017-08-04 00:00:00
2017014573,화미사꽃발효선크림에스피에프50피에이++++,(주)이엔에스코리아,2018-10-24 00:00:00
2017014617,모트앤베일리바이오레지멘펩타이드컴플렉스에디션스킨프로텍터선크림,주식회사베일리,2017-08-04 00:00:00
2017014717,수려한효비담커버선크림,(주)엘지생활건강,2017-08-07 00:00:00
2017014879,벨라셀선크림,씨엠화이트(CM White),2017-08-08 00:00:00
2017015837,롭킨모이스트데일리선크림,윤지양행(주),2017-08-21 00:00:00
2017015929,롭킨데일리모이스트선크림,윤지양행(주),2017-08-22 00:00:00
2017016042,미니소아쿠아선크림에스피에프32,드림스코리아주식회사,2017-08-23 00:00:00
2017016083,미니소리프레싱선크림에스피에프28피에이++,드림스코리아주식회사,2017-08-23 00:00:00
2017016084,미니소아쿠아선크림에스피에프32피에이++,드림스코리아주식회사,2017-08-23 00:00:00
2017016085,미니소울트라선크림에스피에프50피에이++,드림스코리아주식회사,2017-08-23 00:00:00
2017016115,라끌레오내추럴파워올인원선크림,주식회사클리어,2017-08-24 00:00:00
2017016582,벨리쉬스킨유브이프로텍터선크림,르벨리쉬코스메틱,2017-08-29 00:00:00
2017017420,셀린저라바옐로우프레쉬선크림,한솔생명과학(주),2017-09-06 00:00:00
2017017524,랑시선크림,(주)삼성인터네셔널,2017-09-12 00:00:00
2017018548,블랙아웃유브이컷오프선크림,뷰티앤라이프,2017-09-18 00:00:00
2017018565,디크리닉시카퍼펙트선크림,(주)로나스코스메틱,2017-09-19 00:00:00
2017019511,어반시그널부산언니인마이백선크림,제노힐주식회사,2017-09-26 00:00:00
2017019590,엔씨파이브모이스춰선크림,케이엘글로벌,2017-09-26 00:00:00
2017019800,다나한인삼잎보윤에센스선크림에스피에프50+피에이+++,(주)코스모코스,2017-09-28 00:00:00
2017019805,다나한인삼잎보윤에센스선크림에스피에프50+피에이++++,(주)코스모코스,2017-09-28 00:00:00
2017020456,꽃을든남자선펀치톤업선크림에스피에프50+피에이+++,(주)코스모코스,2017-10-23 00:00:00
2017020481,프레쉬토마토선크림,(주)피코바이오,2017-10-18 00:00:00
2017020828,비프루브블록엑스퍼트유브이디펜스선크림에스피에프50+피에이++++,(주)코스모코스,2017-10-20 00:00:00
2017021346,내추럴마일드선크림,(주)다빈홀딩스,2017-10-27 00:00:00
2017021599,스킨파크네추럴선크림,스킨파크,2017-11-01 00:00:00
2017021614,코스메티블랙티톤업화이트선크림,혼도(주),2017-10-31 00:00:00
2017022584,프리메라베이비선크림,(주)아모레퍼시픽,2017-11-13 00:00:00
2017022828,비에코핑크볼륨파우더무기자차선크림에스피에프35피에이+++,(주)에코먼트,2017-11-15 00:00:00
2017022878,애스터데일리유브이선크림,(주)애스터,2017-11-20 00:00:00
2017022965,한샵아쿠아모이스처선크림,지디케이화장품(주),2017-11-16 00:00:00
2017023033,키덤스내추럴마일드선크림,(주)다빈홀딩스,2017-11-16 00:00:00
2017023212,아임쏘리포마이스킨데일리카밍선크림,주식회사얼트루,2017-11-20 00:00:00
2017023377,미래씨티파세르선크림,(주)미래씨티,2017-11-21 00:00:00
2017023549,멀티톤업에센셜선크림,(주)바리엔유,2017-11-22 00:00:00
2017023732,토닝라이트업리페어선크림,(주)닥터아임,2017-11-24 00:00:00
2017023971,아토포베이비선크림,(주)에스큐제약,2017-11-28 00:00:00
2017024457,아토포베이비선크림,(주)에스큐제약,2017-12-05 00:00:00
2017024485,더나음케어토탈올인원선크림,주식회사메가코스바이오,2017-12-06 00:00:00
2017024581,퓨어선크림,(주)제로투세븐,2017-12-05 00:00:00
2017024837,이쁨진생멀티세이프선크림,주식회사 유베프,2018-02-14 00:00:00
2017024993,제노시스멀티선크림에스피에프40피에이++,(주)디티에스엠지,2018-01-03 00:00:00
2017025177,해피바스아쿠아모이스춰선크림,(주)아모레퍼시픽,2017-12-14 00:00:00
2017025375,에뛰드하우스순정진정방어선크림,(주)에뛰드,2017-12-18 00:00:00
2017025484,류케이웨이브디칼라스템셀데일리선크림,글로본(주),2017-12-28 00:00:00
2017025583,산심려백선크림,한국화장품(주),2017-12-21 00:00:00
2017025594,비더스킨내추럴베이스선크림,(주)리베코스,2018-05-28 00:00:00
2017025895,도담도담베이비선크림,(주)코스네이처,2017-12-29 00:00:00
2017025942,마몽드에브리데이아쿠아선크림,(주)아모레퍼시픽,2018-01-02 00:00:00
2018000148,일리윤데일리디펜스멀티선크림,(주)아모레퍼시픽,2018-01-04 00:00:00
2018000272,클라우디아엘레인로즈에센셜선크림,리봄화장품(주),2018-01-11 00:00:00
2018000282,더그레이콜렉션스킨프로텍터선크림,주식회사베일리,2018-01-08 00:00:00
2018000295,선플라워워터프루프선크림,주식회사스킨푸드,2018-01-30 00:00:00
2018000296,선플라워논케미선크림,주식회사스킨푸드,2018-01-08 00:00:00
2018000324,유세린선크림센시티브프로텍트에스피에프50+,바이어스도르프코리아(유),2018-01-24 00:00:00
2018000339,닥터멜라벡스하이드로선크림,주식회사성균관코스메틱,2018-01-09 00:00:00
2018000355,메이크프렘유브이디펜스미블루레이선크림,(주)매그니프,2018-01-09 00:00:00
2018000397,쏘내추럴더퓨어퓨어그린선크림,쏘내추럴(주),2018-01-10 00:00:00
2018000662,이지함포뮬러디티엑스멀티플선크림,(주)이지함화장품,2018-01-15 00:00:00
2018000670,루비셀포유플러스선크림,주식회사루비셀,2018-01-15 00:00:00
2018000776,엘라비에더마히알솔루션워터풀선크림,(주)휴메딕스,2018-02-14 00:00:00
2018001011,에포나칼라민선크림,(주)다름인터내셔널,2018-02-05 00:00:00
2018001350,온더바디내추럴선크림,(주)엘지생활건강,2018-01-25 00:00:00
2018001450,더샘에코어스파워그린선크림,(주)더샘인터내셔날,2018-01-26 00:00:00
2018001536,닥터아토야외놀이선크림,메디앙스(주),2018-01-30 00:00:00
2018001615,달바워터풀에센스선크림,주식회사달바글로벌,2018-01-31 00:00:00
2018001687,토니모리유브이마스터키즈앤맘선크림,(주)토니모리,2018-01-31 00:00:00
2018001792,포피네캄다운센텔라선크림,(주)셀트리온스킨큐어,2018-02-07 00:00:00
2018001816,쌍빠미네랄소프튼프로텍트선크림에스피에프50+피에이++++,(주)투앤업,2018-02-02 00:00:00
2018002184,보타닉힐보칼라민톤업선크림,씨제이올리브영(주),2018-02-08 00:00:00
2018002185,리얼베리어익스트림모이스처선크림,(주)네오팜,2018-02-07 00:00:00
2018002208,토니모리유브이마스터페이스앤바디선크림,(주)토니모리,2018-02-12 00:00:00
2018002451,더히스토리오브후공진향진해윤링클선크림,(주)엘지생활건강,2018-02-12 00:00:00
2018002471,라끄베르헬로히알루론데일리선크림,(주)엘지생활건강,2018-02-12 00:00:00
2018002485,라끄베르민트톤업선크림,(주)엘지생활건강,2018-02-12 00:00:00
2018002491,토니모리피키비키뽀얀선크림,(주)토니모리,2018-02-12 00:00:00
2018002524,토니모리피키비키아트팝뽀얀선크림,(주)토니모리,2018-02-12 00:00:00
2018002576,라운드랩365톤업선크림,서린컴퍼니(주),2018-02-13 00:00:00
2018002683,로제아크리스탈톤업선크림,메이커스코스메틱주식회사,2018-02-14 00:00:00
2018003007,웰라쥬쉴드선크림에스피에프50+피에이++++,휴젤주식회사,2018-02-21 00:00:00
2018003022,뽀로로센스티브프로텍션선크림,모린주식회사,2018-02-21 00:00:00
2018003068,어퓨시카티브아연선크림,(주)에이블씨엔씨,2018-02-22 00:00:00
2018003126,노브랜드데일리모이스처선크림,(주)이마트,2018-02-22 00:00:00
2018003144,에이에이치씨내추럴퍼펙션모이스트선크림,(주)카버코리아,2018-02-22 00:00:00
2018003146,에이에이치씨프리미엄인텐스선크림50,(주)카버코리아,2018-02-22 00:00:00
2018003218,입큰아줄렌마일드선크림,이넬화장품(주),2018-02-23 00:00:00
2018003404,닥터벨머데일리리페어미네랄필터선크림,(주)엘지생활건강,2018-02-27 00:00:00
2018003455,비더마틱네이쳐프로텍션선크림에스피에프30피에이+++,(주)이폴리움,2018-02-27 00:00:00
2018003554,메디플라워퍼펙트데일리선크림트리인원,(주)메디플라워,2018-02-28 00:00:00
2018004032,해피바스수박바수분선크림,(주)아모레퍼시픽,2018-03-07 00:00:00
2018004221,나폴리농원편백선크림,(주)퓨어코스,2018-03-19 00:00:00
2018004306,그라타이수유브이에이/유브이선크림,뷰티슬림,2018-03-12 00:00:00
2018004322,메디필바이오셀선크림,주식회사스킨이데아,2018-03-12 00:00:00
2018004460,더히스토리오브후공진향진해윤선크림,(주)엘지생활건강,2018-03-13 00:00:00
2018004490,미가비워터래디언스선크림,(주)미가코스메틱,2018-03-14 00:00:00
2018004590,리듀어유브이프로텍팅타임선크림,주식회사레어아뜰리에,2018-03-16 00:00:00
2018004766,선톡스유브이포터블선크림,(주)아임닥터홀딩스,2018-03-30 00:00:00
2018004845,어퓨퓨어블록마일드플러스선크림,(주)에이블씨엔씨,2018-03-19 00:00:00
2018005071,메디큐브레드이레이징선크림,주식회사에이피알,2018-03-22 00:00:00
2018005165,어퓨에브리데이선크림,(주)에이블씨엔씨,2018-03-22 00:00:00
2018005375,그애랑마일드실키선크림,(주)한솔바이오텍,2018-03-26 00:00:00
2018005415,에이에이치씨프리미엄인텐스선크림45,(주)카버코리아,2018-03-26 00:00:00
2018005510,아웃런울트라서핑선크림에스피에프50+피에이++++,(주)아모레퍼시픽,2018-03-28 00:00:00
2018005541,머치모아겟잇플러스선크림,(주)에이텍,2018-03-29 00:00:00
2018005617,엑스와이지코스메틱스쓰리세이버스에브리원선크림,훠리스트(주),2018-03-29 00:00:00
2018005623,베베드몽마일드선크림,주식회사 클라힐,2018-03-29 00:00:00
2018005732,쿵푸팬더듬직한선크림,씨제이올리브영(주),2018-03-30 00:00:00
2018005786,싱싱세종발그레선크림,(주)에치엔지,2018-04-02 00:00:00
2018005864,스위스퓨어퍼펙트필터에어인선크림,(주)에이블씨엔씨,2018-04-02 00:00:00
2018005879,브링그린비타민마일드선크림,씨제이올리브영(주),2018-04-02 00:00:00
2018005883,브링그린비타민워터프루프선크림,씨제이올리브영(주),2018-04-04 00:00:00
2018005977,닥터림스피토케어선크림,이노팜 주식회사,2022-07-13 00:00:00
2018006041,라꾸베바이아토더순수선크림,해피랜드코퍼레이션(주),2018-04-04 00:00:00
2018006097,스위스퓨어미네랄필터데일리선크림,(주)에이블씨엔씨,2018-04-04 00:00:00
2018006115,린케어플로리스리바이탈라이징선크림,(주)제이에이치티코스,2018-04-04 00:00:00
2018006167,브링그린비타민톤업선크림,씨제이올리브영(주),2018-04-05 00:00:00
2018006196,자담유햇살엔선크림,(주)코스네이처,2018-04-05 00:00:00
2018006199,자담유햇살엔톤업선크림,(주)코스네이처,2018-04-05 00:00:00
2018006775,배럴유브이올데이마일드선크림,주식회사배럴,2018-04-11 00:00:00
2018006798,벨라루시포포선크림,(주)에버코스,2018-04-19 00:00:00
2018006840,오베오퓨어앤센서티브유브이선크림,(주)바이오시엠,2018-04-13 00:00:00
2018007000,코페르프리미엄톤업리페어선크림,(주)피코바이오,2018-04-13 00:00:00
2018007114,비프루브블록엑스퍼트마일드패밀리선크림,(주)코스모코스,2018-04-16 00:00:00
2018007325,썸바이미유브이쉴드데일리마일드선크림,(주)페렌벨,2018-04-18 00:00:00
2018007388,프리메라선크림,(주)아모레퍼시픽,2018-04-19 00:00:00
2018007473,제이투엠투누드베일프라이머선크림,(주)지피클럽,2018-04-19 00:00:00
2018007533,오일인워터브라이트닝선크림,(주)또르르,2018-04-20 00:00:00
2018007553,라운드어라운드그린티릴리프선크림,씨제이올리브영(주),2018-04-23 00:00:00
2018007575,코엔셀유브이디펜스데일리선크림,(주)원스킨화장품,2018-04-23 00:00:00
2018007600,아가타더블지파워선크림,주식회사유한코스메틱,2018-04-27 00:00:00
2018007655,셀프뷰티에디터스픽글램업화이트닝선크림,주식회사에스비코스메틱스,2018-04-27 00:00:00
2018007661,라비앙퍼펙트유브이디펜스선크림,(주)이시스코스메틱,2018-05-04 00:00:00
2018007722,프로텍트솔루션선크림,주식회사 골든애플코리아,2018-06-29 00:00:00
2018007746,레스베라세븐원더선크림,(주)라피부,2018-04-25 00:00:00
2018007760,이노센스유브이울트라프로텍터선크림,나드리화장품(주),2018-05-02 00:00:00
2018007908,자담유베이비가든선크림,(주)코스네이처,2018-04-26 00:00:00
2018007973,아이몽땅아이선크림,무무마켓,2018-05-16 00:00:00
2018008147,플랜트베이스데일리벤이노센트선크림,(주)플랜트베이스,2018-05-02 00:00:00
2018008242,라운드어라운드그린티내추럴톤업선크림,씨제이올리브영(주),2018-05-03 00:00:00
2018008255,제이크데일리퍼팩트선크림에스피에프50+피에이++++,제이케이팜,2018-05-15 00:00:00
2018008256,투뿌니코올킬퍼펙트쉴드데일리선크림,(주)휴앤코스메틱,2018-05-04 00:00:00
2018008318,로댕쇼모이스트파워선크림,(주)코리아나화장품,2018-05-04 00:00:00
2018008580,황칠가울트라하이드로선크림,(주)에이치에스피라이프,2018-05-10 00:00:00
2018008612,황칠가울트라하이드로선크림,(주)에이치에스피라이프,2018-05-10 00:00:00
2018008708,유스리뉴2프리미엄데일리선크림,(주)리브퓨어코리아,2018-05-11 00:00:00
2018008829,듀얼볼트퍼펙트4이데베논톤업선크림,몽베누스주식회사,2018-05-15 00:00:00
2018008887,뷰티피비지에스선크림,(주)에이스제약,2018-05-16 00:00:00
2018008943,디엘24센텔라24선크림,제이제이컴퍼니,2018-05-16 00:00:00
2018008955,지이세븐올인원선크림,(주)케이에프에스티,2018-05-16 00:00:00
2018008972,에브리데이퍼펙트선크림에스피에프50+피에이+++,씨앤오코스메틱,2018-05-28 00:00:00
2018009183,스니키히든댓톤업선크림,애경산업(주),2018-05-25 00:00:00
2018009201,스니키히든댓커버선크림다크,애경산업(주),2018-05-24 00:00:00
2018009286,오릭스선크림플러스,(주)엘시시,2018-06-11 00:00:00
2018009307,센텔라24선크림,제이제이컴퍼니,2018-05-24 00:00:00
2018009331,노시베올웨이즈마일드선크림,주식회사페이스블랑,2018-05-24 00:00:00
2018009384,닥터스미스히알루아쿠아선크림,데이셀코스메틱(주),2018-05-25 00:00:00
2018009792,바이더알내추럴톤업선크림,카페24주식회사,2018-06-01 00:00:00
2018009874,닥터밤실키핏선크림,(주)한솔,2018-06-01 00:00:00
2018009885,춘이슬실키핏선크림,(주)한솔,2018-06-01 00:00:00
2018009894,에이치제이실키핏선크림,(주)한솔,2018-06-01 00:00:00
2018009901,네파울트라데일리선크림,(주)한영코리아,2018-08-28 00:00:00
2018010172,씽크네이처노세범선크림,(주)나눔씨엔씨,2018-06-07 00:00:00
2018010286,이사벨르와쏘시크선크림,글로벌린,2018-06-26 00:00:00
2018010302,다나한고율모이스처선크림에스피에프50+피에이++++,(주)코스모코스,2018-06-11 00:00:00
2018010307,맥퀸뉴욕데일리선크림매트피니쉬에스피에프50+피에이+++,(주)웃는생각컴퍼니,2018-06-14 00:00:00
2018010310,맥퀸뉴욕유브이데일리선크림에스피에프50+피에이+++,(주)웃는생각컴퍼니,2018-06-11 00:00:00
2018010347,코페르카밍오션선크림,(주)베스트이노베이션,2018-06-15 00:00:00
2018010408,디엘센텔라24선크림,제이제이컴퍼니,2018-06-12 00:00:00
2018010626,런닝맨선크림,(주)셀랩,2018-06-18 00:00:00
2018010641,리즈뷰카밍오션선크림,(주)베스트이노베이션,2018-06-18 00:00:00
2018010662,렛미스킨울트라더마일드선크림,주식회사제이윤코스메틱,2018-06-19 00:00:00
2018010685,아이샤드유브이릴리프선크림,(주)더원코스메틱,2018-06-21 00:00:00
2018010691,유브이릴리프선크림,(주)더원코스메틱,2018-06-21 00:00:00
2018010811,디크리닉메리키트시카퍼펙트선크림,(주)로나스코스메틱,2018-06-20 00:00:00
2018011098,닥터플러스쁘네애핑크선크림,씨앤아이바이오텍(주),2018-06-29 00:00:00
2018011145,네이처카인드히알루론플루이드프레쉬선크림,(주)만통,2018-06-27 00:00:00
2018011178,다소니화이트랩세라비타화이트닝톤업선크림,주식회사리빙픽,2018-06-28 00:00:00
2018011303,미스미실키핏선크림,(주)한솔,2018-07-02 00:00:00
2018011317,잇비유리치온선크림,주식회사큐비엠,2018-07-02 00:00:00
2018011398,더블유389더마브라이트닝선크림,(주)유니베라,2018-07-11 00:00:00
2018011438,레츠큐어스킨프로텍션앤뉴트리션선크림,위드스킨,2018-07-03 00:00:00
2018011473,퍼펙트솔루션선크림,주식회사 골든애플코리아,2018-07-03 00:00:00
2018011523,퍼펙트선크림에스피에프50+피에이++++,(주)휴나코스메틱,2018-07-04 00:00:00
2018011572,뷰애드보니힐퍼펙트선크림,(주)뷰애드,2018-07-04 00:00:00
2018011725,앨리스코코데일리디펜스선크림에스피에프50피에이+++,(주)이엠에스트레이드,2018-07-13 00:00:00
2018011750,휴나셀유브이퍼펙트선크림,(주)휴나코스메틱,2018-07-06 00:00:00
2018011770,알투유브이디펜스선크림,(주)에이필드,2018-07-10 00:00:00
2018011916,비알티씨더퍼스트앰플톤업선크림,(주)아미코스메틱,2018-07-12 00:00:00
2018012386,자트인사이트데일리디펜스선크림,(주)자트인사이트,2018-07-17 00:00:00
2018012428,오릭스올데이선크림플러스,(주)엘시시,2018-07-18 00:00:00
2018012515,사삼일코스메틱스선크림,주식회사에이피앤코,2018-07-19 00:00:00
2018012570,해피한선크림,한독화장품(주),2018-07-30 00:00:00
2018012577,더블유피부연구소트리플케어선크림,주식회사제이앤제이컴퍼니,2018-11-05 00:00:00
2018012610,베라클라라데일리디펜스선크림,주식회사엠코비파트너스,2018-07-20 00:00:00
2018013195,울트라유브이디펜스선크림,주식회사현웅코스코코,2018-07-30 00:00:00
2018013218,나틴다데일리퍼펙트선크림에스피에프50+피에이+++,주식회사아띠코스,2018-07-30 00:00:00
2018013349,큐어켈내츄럴톤업선크림,주식회사에버루파랩,2020-01-10 00:00:00
2018013729,유스킨선크림,주식회사메가코스바이오,2019-02-14 00:00:00
2018013954,레필레오데일리유브이디펜스선크림,주식회사제이크리컴퍼니,2018-08-16 00:00:00
2018014154,리스앙쥬매트선크림,(주)리스앙쥬,2018-08-28 00:00:00
2018014363,동인비모이스처선크림에스피에프35피에이++,(주)한국인삼공사,2018-08-22 00:00:00
2018014366,샤인미아쿠아선크림에스피에프50+피에이++++,제이씨더블유인터네셔널(주),2018-08-22 00:00:00
2018014373,동인비퍼펙트선크림에스피에프50+피에이+++,(주)한국인삼공사,2018-08-23 00:00:00
2018014527,제네시스이지에프올데이퍼펙트선크림,(주)씨앤엠코스메틱,2018-08-24 00:00:00
2018014598,에스제이엠메디컬안티유브이선크림,송죽화장품,2018-08-24 00:00:00
2018014744,인타티피선크림플러스,인타글리오(주),2021-03-02 00:00:00
2018014821,검은마녀선크림,타비타아이엔씨,2018-08-29 00:00:00
2018014908,세라뽀퓨어비타민씨선크림,(주)해든화장품,2018-09-07 00:00:00
2018014918,하이브로우선크림에스피에프50+피에이++++,주식회사얼트루,2018-09-12 00:00:00
2018014987,더메이런유브이디펜스하이프로텍션선크림,제이웨이아이엔티주식회사,2018-09-03 00:00:00
2018015050,프리티스킨히알루로닉인텐시브케어유브이선크림,(유)프리티스킨인터내셔널,2018-09-20 00:00:00
2018015259,검은마녀선크림,타비타아이엔씨,2018-09-06 00:00:00
2018015267,더피유로즈와인선크림에스피에프47피에이+++,(주)코아이코스메틱,2020-06-01 00:00:00
2018015411,검은마녀선크림,타비타아이엔씨,2018-09-10 00:00:00
2018015484,벨르랑코워터글로우디펜스선크림,주식회사하일코스메틱,2018-09-11 00:00:00
2018015742,하이브로우선크림에스피에프50+피에이++++,주식회사얼트루,2018-09-13 00:00:00
2018016416,헤리에타퍼펙트멀티선크림,(주)웰코스,2018-10-01 00:00:00
2018016428,헤리에타데일리모이스처선크림,(주)웰코스,2018-10-01 00:00:00
2018016603,루비셀인텐시브포유퍼펙트선크림,주식회사루비셀,2018-10-05 00:00:00
2018016611,인소뷰힐비트스킨릴리프선크림,(주)인소뷰,2018-10-05 00:00:00
2018016624,메리키트시카퍼펙트선크림,(주)로나스코스메틱,2018-10-05 00:00:00
2018016785,하니술레스모어노니선크림,주식회사메디컬오,2018-10-10 00:00:00
2018017277,그리니프데일리선크림,(주)푸드앤솝,2018-10-19 00:00:00
2018017362,아라네이처케어데일리선크림,(주)올리패스알엔에이,2018-10-22 00:00:00
2018017511,도화랑옴므선크림에스피에프50+피에이+++,(주)에치엔지,2018-10-24 00:00:00
2018017737,알파벳유브이프로텍션선크림,(주)코스메랩,2018-10-29 00:00:00
2018017904,루아즈시카선크림,(주)더마힐엠지에프,2018-11-01 00:00:00
2018017944,더마엘라비에히알솔루션워터풀선크림,(주)휴메딕스,2018-11-02 00:00:00
2018018200,미가비쑥선크림,(주)미가코스메틱,2018-11-06 00:00:00
2018018893,퍼스트랩프로바이오틱선크림,일동제약(주),2018-11-21 00:00:00
2018019043,닥터제이준소스큐어아쿠아쉴드선크림,차에이아이헬스케어주식회사,2018-11-23 00:00:00
2018019050,궁중비책마일드선크림,(주)제로투세븐,2018-11-21 00:00:00
2018019372,오가나셀펩타이드데일리톤업선크림,주식회사오가나셀,2018-11-28 00:00:00
2018019532,한스킨에어슬립선크림,(주)셀트리온스킨큐어,2018-12-03 00:00:00
2018019858,제이엠솔루션베이비프레쉬선크림,(주)지피클럽,2018-12-07 00:00:00
2018019933,일리윤데일리디펜스무기자차선크림,(주)아모레퍼시픽,2018-12-07 00:00:00
2018020035,베베꺌랑선크림,(주)유니크미,2018-12-11 00:00:00
2018020077,예화담링클선크림,(주)엘지생활건강,2018-12-11 00:00:00
2018020080,제이엠솔루션베이비프레쉬선크림,(주)지피클럽,2018-12-11 00:00:00
2018020162,제이엠솔루션청광마린진주선크림엑스라지펄,(주)지피클럽,2018-12-13 00:00:00
2018020217,제이엠솔루션윤광플라워선크림엑스라지로즈,(주)지피클럽,2018-12-13 00:00:00
2018020253,클라뷰유브이프로텍션마일드선크림,(주)베케이코리아,2018-12-14 00:00:00
2018020570,배내스템선크림마일드퍼펙트에스피에프50+피에이++++,(주)디앤케이코퍼레이션,2018-12-20 00:00:00
2018020685,아크웰유브이컷워터프루프선크림,(주)비앤에이치코스메틱,2019-01-03 00:00:00
2018020699,온더바디내츄럴데일리선크림,(주)엘지생활건강,2018-12-26 00:00:00
2018020847,포피네캄다운밀크선크림,(주)셀트리온스킨큐어,2018-12-28 00:00:00
2018020874,셀레피덤유브이그린프로텍션선크림,이연생활뷰티(주),2018-12-28 00:00:00
2018020893,닥터올가100선크림,감성글로벌(주),2019-01-11 00:00:00
2019000296,바세린데일리선케어데일리선크림,유니레버코리아(주),2019-01-07 00:00:00
2019000327,뷰티웨이퍼펙트유브이선크림에스피에프50+피에이+++,주식회사아띠코스,2019-01-07 00:00:00
2019000355,더샘에코어스파워올프로텍션선크림,(주)더샘인터내셔날,2019-01-08 00:00:00
2019000599,어바웃미하이알모이스트선크림,(주)삼양사,2019-01-11 00:00:00
2019000600,어바웃미시카마일드선크림,(주)삼양사,2019-01-11 00:00:00
2019000631,메디플라워퍼펙트시카선크림,(주)메디플라워,2019-01-11 00:00:00
2019000735,닥터벨머유브이더마무기자차선크림,(주)엘지생활건강,2019-01-15 00:00:00
2019000738,닥터벨머유브이더마논코메도선크림,(주)엘지생활건강,2019-01-15 00:00:00
2019000760,노멀노모어블루테라피안티레드니스선크림,(주)클레어스코리아,2019-01-15 00:00:00
2019000770,라끄베르유브이스킨포스선크림이엑스,(주)엘지생활건강,2019-01-17 00:00:00
2019000828,퓨어힐스센텔라시카선크림,(주)아미코스메틱,2019-01-23 00:00:00
2019000873,비욘드타임리스피토셀리뉴실크선크림,(주)엘지생활건강,2019-01-16 00:00:00
2019000948,리얼베리어익스트림톤업선크림,(주)네오팜,2019-01-18 00:00:00
2019001008,시크릿네이처금잔화논케미컬선크림,한국화장품(주),2019-01-18 00:00:00
2019001018,썬버디데일리모이스처선크림,(주)리더스코스메틱,2019-01-21 00:00:00
2019001066,에스엔피유브이퍼펙트에어세이프선크림,(주)에스디생명공학,2019-01-21 00:00:00
2019001110,브로앤팁스수퍼내츄럴톤업선크림,(주)아모레퍼시픽,2019-01-22 00:00:00
2019001150,인소뷰힐비트내추럴톤업선크림,(주)인소뷰,2019-01-22 00:00:00
2019001152,인소뷰힐비트내추럴톤업선크림,(주)인소뷰,2019-01-22 00:00:00
2019001154,인소뷰힐비트더마리커버리선크림,(주)인소뷰,2019-01-22 00:00:00
2019001172,꽃을든남자에너지팩토리스포츠선크림위드토트넘홋스퍼에스피에프50+피에이+++,(주)코스모코스,2019-01-22 00:00:00
2019001176,꽃을든남자에너지팩토리포스선크림위드토트넘홋스퍼에스피에프50+피에이+++,(주)코스모코스,2019-01-22 00:00:00
2019001189,보타닉센스에브리데이라이트선크림,주식회사보타닉센스,2019-01-22 00:00:00
2019001199,예화담톤업선크림,(주)엘지생활건강,2019-01-24 00:00:00
2019001221,레시피크리스탈블루밍톤업선크림01호피치핑크,레시피(주),2019-01-24 00:00:00
2019001222,레시피크리스탈블루밍톤업선크림02호바이올렛,레시피(주),2019-01-24 00:00:00
2019001241,온더바디원샷썬킬워터프루프선크림,(주)엘지생활건강,2019-01-23 00:00:00
2019001256,더말란스선크림,(주)양스코스메틱,2019-01-24 00:00:00
2019001263,에끌라두그린그레이드톤업선크림,주식회사 에끌라두,2019-01-24 00:00:00
2019001358,비클필수퓨어데일리선크림,데이셀코스메틱(주),2019-01-25 00:00:00
2019001467,원진이펙트메디하이드로바이알선크림,주식회사원진더블유앤랩,2019-01-29 00:00:00
2019001504,더샘더마플랜마일드카밍선크림,(주)더샘인터내셔날,2019-01-30 00:00:00
2019001508,인소뷰유브이디펜스워터프루프선크림,(주)인소뷰,2019-02-13 00:00:00
2019001622,웰라쥬리얼히알루로닉세이프선크림,휴젤주식회사,2019-01-30 00:00:00
2019001731,그라운드플랜멀티톤업에센셜선크림,(주)바리엔유,2019-01-31 00:00:00
2019001785,홀로그래픽앤듀이선크림핑크,(주)신세계,2019-01-31 00:00:00
2019002018,참존코랄톤업선크림,(주)참존,2019-02-07 00:00:00
2019002296,프로랑스히알루론산선크림,(주)프로랑스화장품,2019-02-15 00:00:00
2019002307,비타코스비타허브유브이프로텍트선크림에스피에프50플러스피에이플러스플러스플러스,(주)비타코스,2019-02-21 00:00:00
2019002562,프롬노시베올웨이즈마일드선크림,주식회사페이스블랑,2019-02-20 00:00:00
2019002874,피에라보들보들유브이쉴드모이스트선크림,(주)코스레보,2019-02-18 00:00:00
2019002905,순시키메베톤업선크림에스피에프50+피에이++++,주식회사 아이엠피랩,2019-02-20 00:00:00
2019002922,썸바이미트루시카무기자차100카밍선크림,(주)페렌벨,2019-02-19 00:00:00
2019002952,베베가닉프라임선크림,베베가닉,2019-02-19 00:00:00
2019002970,더샘프라임캐비어퍼펙트선크림,(주)더샘인터내셔날,2019-02-20 00:00:00
2019003006,엘씨선크림,주식회사지케이에스,2019-02-20 00:00:00
2019003111,비욘드오마이선크림,(주)엘지생활건강,2019-02-21 00:00:00
2019003154,트리티스더마사이언스유브이디펜스선크림,주식회사 트리티스,2019-02-22 00:00:00
2019003196,에이에이치씨유브이캡처모이스처선크림,(주)카버코리아,2019-02-22 00:00:00
2019003201,뷰티클로올데이마일드선크림,(주)뷰티클로,2019-02-22 00:00:00
2019003302,페네그린올라이트프로텍션선크림,주식회사더스킨마스터,2019-02-25 00:00:00
2019003381,엔트리팔점일사선크림,마랭코스,2019-02-26 00:00:00
2019003435,세라뽀퓨어비타민씨선크림에스피에프50+피에이+++,주식회사코스모파마,2019-02-27 00:00:00
2019003457,티니티나아이선크림쿠션,무무마켓,2019-02-27 00:00:00
2019003493,리솔데일리디펜스선크림에스피에프36피에이+++,(주)에스알바이오텍,2019-03-13 00:00:00
2019003546,메디큐브레드캡슐선크림,주식회사에이피알,2019-02-28 00:00:00
2019003565,더샘더마엑스퍼트무기자차수딩선크림,(주)더샘인터내셔날,2019-02-28 00:00:00
2019003628,션리웨어러블마일드선크림,(주)신안코스메틱,2019-03-04 00:00:00
2019003726,어퓨파워블록워터프루프마일드선크림,(주)에이블씨엔씨,2019-03-05 00:00:00
2019003817,메드라인365미네랄선크림,(주)한국생명과학연구소,2019-03-08 00:00:00
2019003851,메드라인스포츠미네랄선크림,(주)한국생명과학연구소,2019-03-07 00:00:00
2019004053,닥터3나이스투밋선루트그린선크림,더라미주식회사,2019-03-08 00:00:00
2019004234,미오리오밀키아쿠아선크림,주식회사비티엔프,2019-03-14 00:00:00
2019004324,닥터슈라클프로밸런스토닝선크림,(주)이지함화장품,2019-03-12 00:00:00
2019004407,후르디아아보카도그리너리릴리프선크림,(주)웰코스,2019-03-14 00:00:00
2019004516,온더바디데일리내츄럴선크림,(주)엘지생활건강,2019-03-18 00:00:00
2019004549,블리블리순한무기자차선크림,부건코스메틱주식회사,2019-03-14 00:00:00
2019004655,애플비데일리유브이리페어톤업선크림에스피에프50+피에이+++,씨앤오코스메틱,2019-03-15 00:00:00
2019004666,선선크림,(주)한국화장품제조,2019-03-15 00:00:00
2019004690,와이이비데일리프로텍트선크림,(주)베스트이노베이션,2019-03-15 00:00:00
2019004758,던롭유브이퍼펙트워터라이징선크림에스피에프50+피에이++++,디씨케이,2019-03-21 00:00:00
2019004761,던롭프리미엄하이드로워터선크림에스피에프50+피에이++++,디씨케이,2019-03-18 00:00:00
2019004775,홍익스킨데일리선크림,(주)하이스킨,2019-03-20 00:00:00
2019004779,홍익스킨데일리선크림에스피에프50+피에이+++,(주)하이스킨,2019-03-20 00:00:00
2019004784,미엘유브이디펜스선크림,(주)엔에프코리아,2019-04-23 00:00:00
2019004847,오키드유브이선크림옐로우,(주)엠에이피컴퍼니,2019-03-21 00:00:00
2019004850,비베노멀티선크림,트로피컬리퍼블릭주식회사,2019-04-17 00:00:00
2019004851,프리티스킨아쿠아파우더리선크림,(유)프리티스킨인터내셔널,2019-03-26 00:00:00
2019004858,지켜줄걸데일리선크림,주식회사이랜드리테일,2019-03-22 00:00:00
2019004859,화사한걸자체보정선크림,주식회사이랜드리테일,2019-03-22 00:00:00
2019005141,퓨토시크릿선크림,(주)아가방앤컴퍼니,2019-03-25 00:00:00
2019005213,연비수더원내추럴선크림,(주)벽소,2019-04-15 00:00:00
2019005228,비에이치앤바이오트러플올데이선크림,(주)비에이치앤바이오유통판매,2019-04-05 00:00:00
2019005295,에이지투웨니스플랜트워터에센스선크림,애경산업(주),2019-03-28 00:00:00
2019005409,브로앤팁스수퍼라이트선크림,(주)아모레퍼시픽,2019-03-25 00:00:00
2019005474,어썸포뮬러에이에프40익스프레션선크림,이연코스메틱 주식회사,2019-03-26 00:00:00
2019005526,다인스프로텍터선크림,나드리화장품(주),2019-04-01 00:00:00
2019005706,생그린본영데일리선크림,(주)생그린,2019-04-05 00:00:00
2019005714,달바퍼펙트유브이프로텍션선크림,주식회사달바글로벌,2019-03-29 00:00:00
2019005719,앤서나인틴시카판테놀데일리선크림,주식회사바이오톡스,2019-04-15 00:00:00
2019005823,로즈블루밍톤업선크림,(주)그레이스(Grace Inc.),2019-04-01 00:00:00
2019005849,유니픽쳐유브이컨트롤선크림,(주)라이즈케어,2019-04-01 00:00:00
2019005898,엑스와이지포뮬러오메가레스큐선크림,훠리스트(주),2019-04-15 00:00:00
2019005910,저스트핏핑크라이트선크림,(주)토니모리,2019-04-02 00:00:00
2019005923,티르티르톤업선크림,주식회사티르티르,2019-04-02 00:00:00
2019005925,토니모리유브이마스터뽀얀선크림,(주)토니모리,2019-04-02 00:00:00
2019005953,에코할선크림,(주)에코바이오의학연구소,2019-07-05 00:00:00
2019005960,브라운랩마일드에스칼라민톤업선크림,주식회사 트랜서핑,2019-04-03 00:00:00
2019005974,빽아쿠아수딩선크림,주식회사 백코리아,2019-04-17 00:00:00
2019005985,메디타임네오유비엔화이트톤업선크림,아이큐어(주),2019-04-03 00:00:00
2019006138,아이보들선크림,주식회사남유에프엔씨,2019-04-10 00:00:00
2019006159,리브코이스트롱쉴드선크림에스피에프50+피에이+++,제이인터네셔널(J International),2019-04-04 00:00:00
2019006254,에센스선크림,(주)더에스앤에이치,2019-04-05 00:00:00
2019006387,스케다포시즌선크림,(주)에스제이씨글로벌,2019-04-17 00:00:00
2019006696,더에스유유브이컨트롤선크림,주식회사 아이피아코스메틱,2019-04-12 00:00:00
2019006877,크리시아선크림,로제화장품(주),2019-04-30 00:00:00
2019006894,허니잭슨올인원톤업선크림,(주)아쿠아렉스,2019-04-30 00:00:00
2019006897,유브이컷노세범선크림,한국콜마(주),2019-04-16 00:00:00
2019006948,한율순수무기자차선크림,(주)아모레퍼시픽,2019-04-16 00:00:00
2019006965,쏘네뮤실키선크림,㈜바름메디,2019-06-12 00:00:00
2019006969,비타선크림,한미약품(주),2019-04-17 00:00:00
2019007041,말랑코코퍼펙트유브이선크림,말랑코코,2019-04-22 00:00:00
2019007241,바이애콤올데이선크림,주식회사데이랩스,2019-04-19 00:00:00
2019007243,미다유브이프로텍트라이스선크림,주식회사미다코스메틱,2019-04-25 00:00:00
2019007386,플로르드망엠파워데일리선크림에스피에프50+피에이++++,(주)코스모코스,2019-04-23 00:00:00
2019007476,루나리스유브이컷데일리선크림,현코스메틱,2019-04-24 00:00:00
2019007482,프럼네이처에이지인텐스트리트먼트선크림,(주)대화씨앤에프,2019-04-24 00:00:00
2019007540,코스메티치메잇클린데일리마일드선크림,(주)박랩글로벌,2019-05-03 00:00:00
2019007732,노브랜드프레쉬데이옴므비비선크림,(주)이마트,2019-04-29 00:00:00
2019007793,허그센스티브선크림,(주)유니베라,2019-04-30 00:00:00
2019007824,피부영토선크림,주식회사에스엘에스탑,2019-04-30 00:00:00
2019007958,유니크미렌느와일드진생톤업선크림,(주)유니크미,2019-06-04 00:00:00
2019008009,몽크키즈선크림,(주)팜스메틱,2019-05-14 00:00:00
2019008162,토니모리에프씨엠엠쓰리포유선크림,(주)토니모리,2019-05-08 00:00:00
2019008222,베니아3시그니처트리플러스선크림,(주)벤스랩,2019-05-27 00:00:00
2019008326,비프루브울트라쉴드선크림에스피에프50+피에이++++,(주)코스모코스,2019-05-10 00:00:00
2019008380,이너프콜라겐모이스처선크림SPF50PA+++,(주)이너프,2019-05-22 00:00:00
2019008394,이너프콜라겐화이트닝모이스처선크림SPF47PA+++,(주)이너프,2019-05-22 00:00:00
2019008437,제이엔엔투데일리벨벳선크림,(주)죠이라이프,2019-05-21 00:00:00
2019008546,케어셀라데일리선크림,제너럴바이오 (주),2019-05-14 00:00:00
2019008700,닥터오킴스포스트베리어더마미네랄선크림,(주)토니모리,2019-05-24 00:00:00
2019008707,내츄럴에이치엘비선크림,송죽화장품,2019-05-16 00:00:00
2019008775,멘스라이트멀티프로텍션선크림,주식회사루미온,2019-05-29 00:00:00
2019008796,블레스허브프로텍트선크림,주식회사해밀리헬스,2019-05-20 00:00:00
2019008849,인타에잇아워선크림,주식회사뷰티앤뷰코리아,2019-05-17 00:00:00
2019008889,라플립모이스처선크림,주식회사원앤드,2019-05-20 00:00:00
2019008919,로가디스블루에디션선크림,(주)스킨팜,2019-05-28 00:00:00
2019008936,마띠앙선크림,(주)다솔제약,2019-05-30 00:00:00
2019008992,통코스메틱바야시카프레쉬선크림,(주)서울화장품,2019-05-29 00:00:00
2019009010,퓨어멜로우데일리톤업촉촉선크림,맨즈메이크미,2019-06-14 00:00:00
2019009034,클라라스초이스유브이프로텍션선크림,주식회사엠코비파트너스,2019-06-03 00:00:00
2019009045,비타셀솔루션스마트유브이쉴드선크림,(주)파라테크,2019-06-13 00:00:00
2019009192,에이유플러스퓨어선크림,(주)위드미,2019-06-07 00:00:00
2019009208,이뉴데일리벨벳선크림,(주)온데이코스메틱,2019-06-05 00:00:00
2019009212,이누데일리벨벳선크림,(주)온데이코스메틱,2019-06-05 00:00:00
2019009395,톤업선크림,주식회사티르티르,2019-05-28 00:00:00
2019009771,메디힐멜라킬선크림,엘앤피코스메틱(주),2019-06-28 00:00:00
2019009953,본트리라이크오션무기자차선크림,(주)본트리,2019-06-10 00:00:00
2019009978,이너프콜라겐모이스처선크림(SPF50PA+++),(주)이너프,2019-06-19 00:00:00
2019010018,메익클린데일리마일드선크림,(주)박랩글로벌,2019-06-10 00:00:00
2019010019,이너프콜라겐화이트닝모이스처선크림(SPF50PA+++),(주)이너프,2019-06-19 00:00:00
2019010020,메잇클린데일리마일드선크림,(주)박랩글로벌,2019-06-10 00:00:00
2019010085,선샤인톤업선크림,(주)스킨팜,2019-06-26 00:00:00
2019010096,알리산화이트톤업선크림,(주)스킨팜,2019-06-26 00:00:00
2019010130,아페탈데일리브라이트닝선크림,(주)진코스텍,2019-06-26 00:00:00
2019010438,롤프스킨큐어선크림,(주)투에버,2019-06-13 00:00:00
2019010526,올포골프선크림,(주)퓨어라이프,2019-06-14 00:00:00
2019010692,청정순선크림,(주)스킨팜,2019-07-11 00:00:00
2019010752,아쿠아픽선크림,(주)성하홀딩스,2019-07-12 00:00:00
2019010801,에스테르선크림SPF40PA+++,(주)에스테르,2019-06-18 00:00:00
2019010802,타임유브이선크림,(주)더에스앤에이치,2019-06-18 00:00:00
2019010882,비퓨어유브이프로텍트마일드선크림,주식회사제이윤코스메틱,2019-06-20 00:00:00
2019010981,스킨데이데일리벨벳선크림,(주)온데이코스메틱,2019-06-21 00:00:00
2019011029,이퀄베리대구시티선크림,이퀄베리,2019-07-03 00:00:00
2019011045,메디쥬얼리마일드베리어선크림,주식회사에스티제이,2019-06-25 00:00:00
2019011217,루츠화이트미백기초선크림,(주)에스지라이프케어,2019-07-08 00:00:00
2019011261,티트리선크림,주식회사 뷰티넷코리아,2019-07-04 00:00:00
2019011390,헤르미에하이드로젠선크림에스피에프50+피에이+++,(주)아르미유,2019-06-28 00:00:00
2019011412,피피라핀레드세븐틴콤플렉스선크림,(주)피피라핀코스메틱,2019-07-10 00:00:00
2019011735,라라야핑크톤업선크림SPF50+PA+++,디바인비에이치,2019-07-03 00:00:00
2019011802,투미니퓨어선크림,투미니,2019-07-24 00:00:00
2019011931,하예진비타마일드핑크선크림SPF50+PA++++,씨아이에스인터내셔날서비스(주),2019-07-05 00:00:00
2019012005,누에보옴므데일리선크림,(주)세바바이오텍,2019-08-02 00:00:00
2019012077,삼육오루비셀인텐시브포유톤업선크림,주식회사루비셀,2019-07-09 00:00:00
2019012325,데이스팝마일드선크림,(주)네슈라화장품,2019-07-12 00:00:00
2019012596,코트덤선크림SPF50+PA+++,지닉,2019-08-06 00:00:00
2019012606,생그린본영레저선크림,(주)생그린,2019-07-16 00:00:00
2019012609,스킨미소톤업선크림,㈜스킨미소,2019-08-20 00:00:00
2019012919,더블유랩퓨어케어선크림,(주)와우벤처스,2019-07-22 00:00:00
2019013386,맘미라클선크림,엠에스엠로컬,2019-07-29 00:00:00
2019013490,365유브이선크림,(주)제이에프인터내셔널,2019-07-31 00:00:00
2019013876,라노아선바이선크림,주식회사주오코스메틱스,2019-08-26 00:00:00
2019013956,삼육오루비셀인텐시브포유퍼펙트선크림,주식회사루비셀,2019-08-09 00:00:00
2019014063,파티온노스캄리페어선크림,동아제약(주),2019-08-30 00:00:00
2019014249,뷰스타유브이프로텍터선크림,(주)씨앤씨앤,2019-08-14 00:00:00
2019014286,하레마리매직톤업선크림,주식회사이룸팩토리,2019-08-15 00:00:00
2019014311,리놀레카베이비퓨어선크림,파미노 주식회사,2019-08-16 00:00:00
2019014322,스마일스킨모이스처라이징밀키선크림,스마일케이션,2019-08-16 00:00:00
2019014379,스킨파크네츄럴선크림,스킨파크,2019-09-04 00:00:00
2019014540,시크릿덤더마시카펩선크림,켄지메디코스,2019-08-20 00:00:00
2019014547,닥터쉘딩멜라블럭선크림,켄지메디코스,2019-08-20 00:00:00
2019014611,이엠페렉스유브이컷선크림,이엠,2019-09-05 00:00:00
2019014826,차로비비타민브라이트닝선크림,라온커머스주식회사,2019-09-10 00:00:00
2019014896,오린비포시즌모이스트선크림,주식회사빅디테일,2019-08-27 00:00:00
2019015005,케어존데일리앤패밀리선크림,(주)엘지생활건강,2019-08-28 00:00:00
2019015202,엠에스데일리유브이선크림에스피에프50+피에이+++,씨앤오코스메틱,2019-08-30 00:00:00
2019015436,모크모크마이미라클선크림,메이커스코스메틱주식회사,2019-09-04 00:00:00
2019015668,노블레스톤업선크림,(주)테라선,2019-09-30 00:00:00
2019015712,에스테벨유브이익스퍼트프로텍티브선크림,(주)쵸이스코스메틱,2019-10-29 00:00:00
2019015731,쿤달시카앤칼라민퍼펙트리페어선크림,주식회사더스킨팩토리,2019-09-10 00:00:00
2019015765,닌쎌라펄샤이닝선크림,주식회사 코타파,2019-11-20 00:00:00
2019015773,아이보떼펄샤이닝선크림,수호세주식회사,2019-09-11 00:00:00
2019015898,스니키히든댓커버선크림라이트,애경산업(주),2019-09-17 00:00:00
2019015911,데일리시유브이퍼펙트킬선크림,(주)유앤아이제주,2019-09-17 00:00:00
2019016272,할리말리선크림,(주)송이산업,2019-11-11 00:00:00
2019016444,강블리제주동백에센셜선크림,(주)지피클럽,2019-09-24 00:00:00
2019016446,네이처리퍼블릭그린더마마일드선크림,(주)네이처리퍼블릭,2019-09-25 00:00:00
2019017243,브레닉콜라겐인텐시브선크림,(주)한국자이화장품,2019-11-01 00:00:00
2019017426,르베라쥬하이프로텍션롱래스팅선크림SPF50+PA+++,(주)미도화장품,2019-10-15 00:00:00
2019017429,르베라쥬하이프로텍션익스트림선크림SPF50+PA+++,(주)미도화장품,2019-10-15 00:00:00
2019017430,르베라쥬하이프로텍션데일리노세범선크림SPF50+PA+++,(주)미도화장품,2019-10-15 00:00:00
2019017784,산타디토크프로바이오스노우선크림,메이투웨니세컨(주),2019-11-18 00:00:00
2019018127,바이온에어모아더데일리유브이이펙트선크림,주식회사엔판트,2019-10-28 00:00:00
2019018251,더샘에코어스마일드키즈선크림,(주)더샘인터내셔날,2019-10-29 00:00:00
2019018447,메이크프렘유브이디펜스미모이스처선크림,(주)매그니프,2019-10-31 00:00:00
2019018498,더샘에코어스키즈선크림,(주)더샘인터내셔날,2019-11-01 00:00:00
2019018500,더샘에코어스마일드선크림,(주)더샘인터내셔날,2019-11-01 00:00:00
2019018774,파파레서피프로밸런스바이옴톤업선크림,(주)코스토리,2019-11-06 00:00:00
2019018860,스킨밸런스리크릿선크림,위시웨이브,2019-11-07 00:00:00
2019018891,메디필펩타이드9유브이선크림,주식회사스킨이데아,2019-11-08 00:00:00
2019019116,아웃런울트라마라톤선크림에스피에프50+피에이++++,(주)아모레퍼시픽,2019-11-12 00:00:00
2019019154,에뛰드하우스유브이더블컷무기자차선크림,(주)에뛰드,2019-11-13 00:00:00
2019019311,스킨케어강남퍼펙트유브이선크림,(주)아쿠아렉스,2020-05-14 00:00:00
2019019362,타임솔루션프리미엄선크림,토탈스위스코리아(주),2019-11-15 00:00:00
2019019403,레트와논나노미네랄선크림,(주)모리나,2019-11-25 00:00:00
2019019452,셀리오히아루론화이트닝선크림에스피에프50+피에이+++,씨앤오코스메틱,2019-11-19 00:00:00
2019019453,셀리오스네일화이트닝선크림에스피에프50+피에이+++,씨앤오코스메틱,2019-11-19 00:00:00
2019019658,브이티시카마일드선크림,(주)브이티코스메틱,2020-01-21 00:00:00
2019019699,더샘에코어스더뽀얀선크림,(주)더샘인터내셔날,2019-11-21 00:00:00
2019019844,엔피알바이탈리티선크림,주식회사 수아아이,2019-11-22 00:00:00
2019019852,더샘에코어스라이트선크림,(주)더샘인터내셔날,2019-11-22 00:00:00
2019020165,아쿠아선크림,(주)성하홀딩스,2019-11-27 00:00:00
2019020215,인디베베베이비선크림,농업회사법인주식회사제주인디,2019-11-28 00:00:00
2019020315,알지투프레스티지이엑스스킨바이오핏선크림에스피에프50+피에이++++,(주)코스모코스,2019-11-29 00:00:00
2019020346,어도어블랑로즈블루밍톤업선크림SPF50+PA++++,주식회사코리엘,2019-11-29 00:00:00
2019020510,나딸포키즈모이스처선크림버젼1.5,(주)에스테르,2019-12-03 00:00:00
2019020878,에시오로올데이내츄럴선크림,뷰티메카,2019-12-09 00:00:00
2019021005,나수다데일리퍼팩트선크림에스피에프50+피에이++++,제이케이팜,2019-12-11 00:00:00
2019021035,루이안드화이트콜라겐선크림,(주)피코몽테,2019-12-11 00:00:00
2019021040,보타닉힐보더마디펜스판테놀선크림,씨제이올리브영(주),2019-12-11 00:00:00
2019021170,룩스앤메이유브이프로텍션실키앤마일드선크림,(주)룩스앤메이코스메틱,2019-12-12 00:00:00
2019021260,피토트리디펜스톤업유브이선크림에스피에프50+피에이+++,주식회사 하디스,2019-12-16 00:00:00
2019021416,배드스킨쑥밤카밍선크림,(주)제이스,2019-12-17 00:00:00
2019021452,닥터멜라힐하이드로선크림,주식회사더마밀,2019-12-17 00:00:00
2019021716,루이안드화이트콜라겐선크림,(주)피코몽테,2019-12-21 00:00:00
2019021736,구달맑은어성초진정선크림,(주)클리오,2019-12-23 00:00:00
2019021882,에이에이치씨내추럴퍼펙션프로쉴드선크림,(주)카버코리아,2019-12-24 00:00:00
2019021984,썸바이미유자나이아신무기자차100브라이트닝선크림,(주)페렌벨,2019-12-30 00:00:00
2019022016,메디힐톤업핑크선크림,엘앤피코스메틱(주),2019-12-27 00:00:00
2019022098,비타셀솔루션스마트유브이쉴드선크림,(주)파라테크,2020-05-08 00:00:00
2019022142,키세라럭셔리콜라겐유브이선크림,(주)한국자이화장품,2019-12-31 00:00:00
2020000026,클리덤닥터락토에스오에스카밍선크림,종근당건강(주),2020-01-02 00:00:00
2020000029,피카타마일드미니멈선크림,(주)메디쿼터스,2020-01-02 00:00:00
2020000080,베비언스무기자차순한선크림,(주)엘지생활건강,2020-01-07 00:00:00
2020000107,유하다베베마일드유브이선크림,(주)엠에이피컴퍼니,2020-02-17 00:00:00
2020000142,해피바스아웃도어라이프디펜스선크림,(주)아모레퍼시픽,2020-01-03 00:00:00
2020000162,비더마틱밸런스선크림,(주)이폴리움,2020-01-06 00:00:00
2020000187,우시아데일리365선크림,네이처코스텍(주),2020-01-07 00:00:00
2020000188,에이지투웨니스유브이베일에센스선크림,애경산업(주),2020-01-28 00:00:00
2020000274,뽀로로선크림SPF50+PA+++,케이엠제약(주),2020-01-07 00:00:00
2020000293,네이처리퍼블릭그린더마마일드시카세라선크림,(주)네이처리퍼블릭,2020-01-07 00:00:00
2020000369,유니웰아쿠아선크림플러스,유니웰주식회사,2020-01-08 00:00:00
2020000395,셀프뷰티에어래스팅프로바이오틱스안녕선크림,주식회사에스비코스메틱스,2020-01-09 00:00:00
2020000448,셀프뷰티에어래스팅프로바이오틱스망각선크림,주식회사에스비코스메틱스,2020-04-02 00:00:00
2020000573,에이에이치씨리피덤마일드선크림,(주)카버코리아,2020-02-11 00:00:00
2020000829,은율클린앤프레쉬선크림에스피에프50+피에이++++,(주)방앗간화장품,2020-01-14 00:00:00
2020000831,은율데일리케어선크림에스피에프50+피에이++++,(주)방앗간화장품,2020-01-14 00:00:00
2020000854,원더바스슈퍼노세범선크림,(주)씨에스에이코스믹,2020-01-14 00:00:00
2020000909,테라젠데일리퍼펙션아쿠아선크림,(주)칼라코드,2020-01-15 00:00:00
2020000995,닥터아미셀선크림,(주)아미셀,2020-05-28 00:00:00
2020001022,에이지투웨니스롱프로텍션마일드에센스선크림,애경산업(주),2020-01-20 00:00:00
2020001132,피토레스코데일리베이스선크림,주식회사 아이피아코스메틱,2020-01-20 00:00:00
2020001271,에스알씨센시티브선크림,에스알씨쎄라텍주식회사,2020-01-20 00:00:00
2020001319,온더바디더마솔루션무기자차선크림,(주)엘지생활건강,2020-01-21 00:00:00
2020001572,내추럴선에코슈퍼퍼펙트선크림이엑스,(주)엘지생활건강,2020-01-28 00:00:00
2020001791,어퓨슈퍼에어핏마일드선크림워터풀,(주)에이블씨엔씨,2020-01-31 00:00:00
2020001808,어퓨슈퍼에어핏마일드선크림데일리,(주)에이블씨엔씨,2020-03-24 00:00:00
2020001822,더샘에코어스워터프루프선크림,(주)더샘인터내셔날,2020-01-31 00:00:00
2020001837,어퓨슈퍼에어핏마일드선크림노세범,(주)에이블씨엔씨,2020-02-03 00:00:00
2020001859,바세린데일리아쿠아선크림,애경산업(주),2020-02-07 00:00:00
2020001911,포더스킨콜라겐선크림,주식회사포더스킨(FORTHESKIN),2020-02-03 00:00:00
2020001929,포더스킨히알루론선크림,주식회사포더스킨(FORTHESKIN),2020-02-03 00:00:00
2020001940,내추럴선에코슈퍼아쿠아선크림,(주)엘지생활건강,2020-02-04 00:00:00
2020001949,티지도미나스선크림,태극제약(주),2020-02-04 00:00:00
2020001959,지엔에스티라라선크림,주식회사맘슈머랩,2020-05-28 00:00:00
2020002075,데일리케어선크림오리진에스피에프50+피에이+++,(주)겟뷰티,2020-02-06 00:00:00
2020002089,노멀노모어안티드라이인텐시브선크림,(주)클레어스코리아,2020-02-05 00:00:00
2020002141,초공진설본미백선크림,(주)에이블씨엔씨,2020-02-06 00:00:00
2020002163,내추럴선에코슈퍼액티브선크림,(주)엘지생활건강,2020-02-06 00:00:00
2020002182,마마슈퓨어베라선크림,주식회사스킨앤플러스,2020-02-06 00:00:00
2020002227,메디플랜센서티브선크림,엘앤피코스메틱(주),2020-02-07 00:00:00
2020002361,산심순백선크림,한국화장품(주),2020-02-11 00:00:00
2020002407,시크릿네이처금잔화데일리수분선크림,한국화장품(주),2020-02-11 00:00:00
2020002465,보타닉힐보더마디펜스비타민토닝선크림,씨제이올리브영(주),2020-02-11 00:00:00
2020002590,티지도미나스톤업선크림,태극제약(주),2020-02-13 00:00:00
2020002671,랑벨내츄럴프레시선크림,주식회사랑벨,2020-02-14 00:00:00
2020002693,참존디에이지레드애디션선크림,(주)참존,2020-02-14 00:00:00
2020002774,넬라허니원스네일화이트모이스트선크림,(주)플래닛보떼,2020-07-08 00:00:00
2020002912,블랑풀데일리선크림,주식회사크레타케이알,2020-02-19 00:00:00
2020002941,노브랜드퍼펙트워터프루프선크림,(주)이마트,2020-03-17 00:00:00
2020002945,베베가닉프라임선크림SPF50,베베가닉,2020-02-19 00:00:00
2020002979,에코어스페이스앤바디워터프루프선크림,(주)더샘인터내셔날,2020-02-19 00:00:00
2020003150,이너프콜라겐모이스처선크림,(주)이너프,2020-02-21 00:00:00
2020003182,센텔리안24마데카더마쉴드마일드선크림,동국제약주식회사,2020-02-24 00:00:00
2020003251,아토앤오투선크림,(주)라오가닉,2020-02-25 00:00:00
2020003328,블랑블룸약산성마일드모이스처선크림,(주)비앤비코리아,2020-02-25 00:00:00
2020003417,셀퓨전씨엑스퍼트배리덤마일드케어선크림,(주)씨엠에스랩,2020-02-26 00:00:00
2020003435,바봄데일리논나노무기자차선크림,주식회사폼인더스트리,2020-02-27 00:00:00
2020003446,아토앤오투마일드선크림,(주)라오가닉,2020-02-27 00:00:00
2020003461,아토앤오투이지워시선크림,(주)라오가닉,2020-02-27 00:00:00
2020003519,이달리이엑스유브이퍼펙트선크림에스피에프50+피에이++++,스마일뷰티시스템즈(주),2020-06-09 00:00:00
2020003536,센테카솔더마선크림,한솔생명과학(주),2020-02-28 00:00:00
2020003567,밀레루어히알렐루선크림에스피에프50+피에이+++,(주)오네스,2020-07-07 00:00:00
2020003626,테르물레올데이리프레싱선크림,(주)허밍아비스,2020-03-02 00:00:00
2020003717,페이슈에뜨무기자차메디커버선크림,주식회사무한,2020-03-03 00:00:00
2020003799,센텔리안24내추럴카밍선크림,동국제약주식회사,2020-03-04 00:00:00
2020003833,와일드보틀슈퍼카밍선크림,주식회사 와일드보틀,2020-03-05 00:00:00
2020003873,페이슈에뜨미네랄선크림,주식회사무한,2020-03-05 00:00:00
2020003893,심플리오더블블로킹선크림,주식회사심플리오,2020-03-05 00:00:00
2020003923,비비야잘닦여지는선크림,셀붐,2020-03-13 00:00:00
2020003944,쌍빠어딕트미네랄소프튼프로텍트선크림,(주)투앤업,2020-03-05 00:00:00
2020003955,스네일너리싱선크림,(주)이너프,2020-03-06 00:00:00
2020003978,크리스찬딘시크릿톤업선크림,(주)이노보떼,2020-03-06 00:00:00
2020004152,더샘리페어알엑스선크림,(주)더샘인터내셔날,2020-03-09 00:00:00
2020004158,원더바스슈퍼노세범선크림,(주)씨에스에이코스믹,2020-06-16 00:00:00
2020004186,블랑풀카밍데일리선크림,주식회사크레타케이알,2020-03-10 00:00:00
2020004200,오하이오후워터프루우우프선크림,아르코스,2020-03-10 00:00:00
2020004208,더샘로열내추럴스네일이엑스선크림,(주)더샘인터내셔날,2020-03-10 00:00:00
2020004219,초초스랩포어캡쳐프라이머선크림,(주)씨에스에이코스믹,2020-03-10 00:00:00
2020004272,리타나그린모이스처선크림,(주)대화씨앤에프,2020-03-11 00:00:00
2020004277,바나코스시카에어리핏딜라선크림,(주)클레오스랩,2020-03-11 00:00:00
2020004350,엘더마필유브이엑스퍼트리쥬버네이션선크림에스피에프50+피에이+++,(주)아이젤,2020-03-12 00:00:00
2020004416,폴메디슨딥레드선크림에스피에프50피에이+++,(주)더블유비스킨,2021-03-31 00:00:00
2020004666,엘레본유브이쉴드선크림에스피에프50+피에이++++,케이엔비앤에이치,2020-03-16 00:00:00
2020004709,디르사피치애플선크림,주식회사현웅코스코코,2020-04-01 00:00:00
2020004816,포레마스트올오버선크림,주식회사 아이엠피랩,2020-03-18 00:00:00
2020004833,오하이오후부우우스터선크림,아르코스,2020-03-18 00:00:00
2020004843,오하이오후소오오프트선크림,아르코스,2020-03-18 00:00:00
2020004974,베베가닉프라임선크림에스피에프50,베베가닉,2020-03-20 00:00:00
2020005066,부쉬맨워터프루프프로선크림SPF50+PA++++,주식회사부쉬맨,2020-03-20 00:00:00
2020005133,블랑카우유브이더블디펜스선크림SPF50+PA++++,주식회사키오스킨,2020-03-24 00:00:00
2020005161,마녀공장아워비건선크림베이직,(주)마녀공장,2020-03-24 00:00:00
2020005162,마녀공장아워비건선크림시카,(주)마녀공장,2020-03-24 00:00:00
2020005167,에떼리얼유브이선크림플러스,(주)엘에스화장품,2020-03-24 00:00:00
2020005169,에스테콥선세리플러스선크림,(주)엘에스화장품,2020-03-24 00:00:00
2020005202,엘로엘선크림,주식회사모노글로트홀딩스,2020-03-24 00:00:00
2020005210,아토보스인리치드무기자차선크림,천사연구소,2020-03-24 00:00:00
2020005252,퍼스트씨유브이쉴드선크림,(주)리즈케이,2020-03-25 00:00:00
2020005260,디어마이워터드롭선크림,(주)아이씨에이치앤비,2020-03-25 00:00:00
2020005273,우시아순365선크림,네이처코스텍(주),2020-03-25 00:00:00
2020005395,지브퍼펙트선크림,(주)코리아나화장품,2020-03-27 00:00:00
2020005416,프로바이오시카플러스에이씨선크림,(주)웰코스,2020-03-30 00:00:00
2020005577,클레보스키즈선크림,(주)위위트,2020-03-31 00:00:00
2020005580,클레보스선크림,(주)위위트,2020-03-31 00:00:00
2020005729,그뤼너씨소나무올데이선크림,(주)금축인터내셔널,2020-10-15 00:00:00
2020005741,원진이펙트유브이베리어선크림,주식회사원진더블유앤랩,2020-04-16 00:00:00
2020005750,휘게프레쉬톤업선크림,주식회사휘게라이프,2020-06-29 00:00:00
2020005768,라이블피에이치밸런싱선크림,(주)디케이글로벌코스메틱,2020-04-02 00:00:00
2020005845,달바워터풀마일드선크림,주식회사달바글로벌,2020-04-03 00:00:00
2020005873,디어시스터시카선크림,(주)피에프네이처,2020-04-27 00:00:00
2020005882,익스큐즈미브라이트닝선크림,주식회사 비비씨,2020-04-03 00:00:00
2020006074,차양선크림,하늘체바이오,2020-04-07 00:00:00
2020006346,울트라선크림,(주)뷰티피플인터내셔널,2020-04-10 00:00:00
2020006377,다이브인데일리무기자차선크림,(주)토리든,2020-04-20 00:00:00
2020006405,쏘내추럴파우더포룸픽스선크림,쏘내추럴(주),2020-04-13 00:00:00
2020006445,어도어블랑로즈블루밍톤업선크림,주식회사코리엘,2020-04-13 00:00:00
2020006537,블랙몬스터알로에선크림,(주)블랭크코퍼레이션,2020-04-14 00:00:00
2020006631,엠엘비데일리선크림,주식회사에스고인터내셔널,2020-04-16 00:00:00
2020006813,오션프레쉬가드선크림,한국화장품(주),2020-04-20 00:00:00
2020006816,소프킨안티폴루션바이탈선크림,주식회사크레타케이알,2020-04-20 00:00:00
2020006827,은율클라우드선크림에스피에프50+피에이++++,(주)방앗간화장품,2020-04-20 00:00:00
2020006854,스포메틱스그린네츄럴선크림,주식회사스포메틱스,2020-04-20 00:00:00
2020007111,찹스마일드선크림,(주)씨에이치하모니,2020-04-23 00:00:00
2020007113,찹스마일드베이비선크림,(주)씨에이치하모니,2020-04-23 00:00:00
2020007136,베리디크히알루론산마일드선크림,(주)에버코스,2020-04-24 00:00:00
2020007163,아토앤오투베이비선크림,(주)라오가닉,2020-04-24 00:00:00
2020007170,오션프레쉬가드선크림,한국화장품(주),2020-06-29 00:00:00
2020007239,일동퍼스트랩프로바이오틱선크림,일동제약(주),2020-06-29 00:00:00
2020007259,아르페유브이쉴드선크림,주식회사더마젝,2020-06-30 00:00:00
2020007397,아실리데일리케어선크림,아실리코리아유한회사,2020-04-28 00:00:00
2020007403,마리끌레르선크림,송죽화장품,2020-04-28 00:00:00
2020007417,레시피핌프로우선크림,레시피(주),2020-04-29 00:00:00
2020007487,베타선크림,(주)건강찬,2020-04-29 00:00:00
2020007525,미키움유브이선크림,송죽화장품,2020-04-29 00:00:00
2020007551,소울60일선크림,주식회사크로스제이,2020-04-29 00:00:00
2020007591,에이프릴스킨리얼캐로틴에어선크림,주식회사에이피알,2020-05-04 00:00:00
2020007701,에스티뷰티퍼펙트쓰리인원선크림에스피에프50+피에이+++,씨앤오코스메틱,2020-05-06 00:00:00
2020007766,십장생천삼진선크림,로제화장품(주),2020-05-07 00:00:00
2020007768,블루반스펙트라어반선크림,주식회사블루반,2020-05-21 00:00:00
2020007783,블루반스펙트라퓨어선크림,주식회사블루반,2020-05-21 00:00:00
2020007869,넘버즈인수분가득순한무기자차선크림SPF50+PA++++,주식회사비나우,2020-05-08 00:00:00
2020008092,포테숑유브이퍼펙트브라이트닝선크림에스피에프+피에이++++,주식회사루리코스,2020-05-13 00:00:00
2020008121,애플씨씨데일리유브이선크림에스피에프50+피에이+++,씨앤오코스메틱,2020-05-13 00:00:00
2020008142,벤튼무기자차선크림,(주)벤튼,2020-06-26 00:00:00
2020008143,프린세스선크림,(주)케이제이,2020-05-26 00:00:00
2020008196,센텔라시카선크림,주식회사에코케이션,2020-05-14 00:00:00
2020008282,피코선크림,(주)피코바이오,2020-05-15 00:00:00
2020008298,르누베르에센셜앙리제이선크림,주식회사 르누베르,2020-07-06 00:00:00
2020008311,제니벨매직선크림,미소코스,2020-05-15 00:00:00
2020008411,피코바이오선크림,(주)피코바이오,2020-05-18 00:00:00
2020008433,퓨플에센셜선크림,(주)참존엔씨원,2020-05-18 00:00:00
2020008450,리데어워터풀앰플선크림,주식회사부스터스,2020-05-18 00:00:00
2020008452,안탄데마일드선크림,라라뷰티코스메틱,2020-05-27 00:00:00
2020008603,블루반스펙트라다이나믹선크림,주식회사블루반,2020-05-21 00:00:00
2020008638,콜라겐화이트닝모이스처선크림,(주)이너프,2022-06-29 00:00:00
2020008639,보니벨데일리선크림,(주)이너프,2020-05-21 00:00:00
2020008678,엘르브릴랑리셀덤시카톤업선크림,주식회사바이잇,2020-07-08 00:00:00
2020008720,넘버즈인촉촉윤기베이스혼합자차선크림SPF50+PA++++,주식회사비나우,2020-05-22 00:00:00
2020008747,닥터퍼펙트선크림에스피에프50+피에이++++,주식회사엠에이치글로발,2020-05-22 00:00:00
2020008765,스킨선크림,(주)미도화장품,2020-05-25 00:00:00
2020008855,르앤라칼라민톤업선크림,주식회사이레퀸,2020-07-03 00:00:00
2020008856,아쉐미네퓨어톤업선크림,(주)아트페이스,2020-05-25 00:00:00
2020008885,콜라겐모이스처선크림,(주)이너프,2022-06-22 00:00:00
2020008923,에델바이스퓨어선크림,(주)리즈코퍼레이션,2020-06-03 00:00:00
2020008971,알리코님트리선크림,알리코제약(주),2020-05-27 00:00:00
2020008979,올브71퍼펙트톤업선크림,헬킨바이오,2020-07-01 00:00:00
2020009016,두리케어마일드시카선크림,두리화장품(주),2021-02-15 00:00:00
2020009054,셀레피덤허그유어스킨에어선크림에스피에프50+피에이++++,이연생활뷰티(주),2020-05-29 00:00:00
2020009156,펩플러스선크림,(주)피코바이오,2020-05-29 00:00:00
2020009202,푸드어홀릭멀티선크림,송죽화장품,2020-06-01 00:00:00
2020009205,비버리힐스폴로클럽퓨어선크림,송죽화장품,2020-06-01 00:00:00
2020009223,우시아365플러스선크림,네이처코스텍(주),2020-06-02 00:00:00
2020009340,시카네이처퓨어선크림,봄날,2020-06-03 00:00:00
2020009462,오브베이스트루쉴드선크림,주식회사아이썸코리아,2020-06-05 00:00:00
2020009596,아이샤드유브이퍼팩트선크림,주식회사엠에스네츄럴,2020-06-09 00:00:00
2020009600,쿤달시카앤티트리그린마일드리페어선크림,주식회사더스킨팩토리,2020-06-09 00:00:00
2020009621,메드비비타민씨24에이치프로텍트선크림,주식회사메드비,2020-06-10 00:00:00
2020009635,아쿠아그린무기자차톤업선크림,주식회사디엠코스메틱스,2020-06-10 00:00:00
2020009648,브이티시카마일드선크림,(주)브이티코스메틱,2020-06-29 00:00:00
2020009649,이아이레글로우테라피마일드퓨어선크림,트라움컴퍼니,2020-06-10 00:00:00
2020009697,미멜로디2엔1선크림,(주)결고은사람들,2020-06-11 00:00:00
2020009702,퓨어스노이엠에프선크림에스피에프50+피에이+++,비오에스비앤에이치주식회사,2020-07-03 00:00:00
2020009705,이아이레글로우테라피프라이머비비선크림,주식회사엘씨드인터내셔널,2020-06-11 00:00:00
2020009706,이아이레글로우테라피마일드퓨어선크림,주식회사엘씨드인터내셔널,2020-06-11 00:00:00
2020009754,스포츠쏘리선크림,주식회사발롱블랑,2020-06-12 00:00:00
2020009867,뷰메이솔유브이프로텍션선크림,비케이인터내셔널주식회사,2020-06-16 00:00:00
2020009947,엘비엑스씨카밍선크림,(주)퓨라이트,2020-06-17 00:00:00
2020010038,에이케이에프톤업선크림,(주)에이케이에프코스메틱,2020-06-19 00:00:00
2020010047,리바이리플랜티어리유브이컷마일드선크림,(주)현대바이오랜드,2020-06-19 00:00:00
2020010067,쌔뮤피에이치센서티브선크림,주식회사쌤시크코스메틱,2020-06-19 00:00:00
2020010141,세라수선크림,주식회사 세라수,2020-06-22 00:00:00
2020010159,결알파프로텍션선크림,(주)오베라,2020-06-23 00:00:00
2020010252,선크림1,(주)아주화장품,2020-06-23 00:00:00
2020010467,자빈드서울아쿠아선크림,(주)해피엘앤비,2020-06-26 00:00:00
2020010497,365유브이쉴드선크림,이에스코스메틱(주),2020-07-06 00:00:00
2020010569,가히서울링클바운스에센셜선크림,(주)코리아테크,2020-06-30 00:00:00
2020010710,핑크원더호호바선크림,주식회사최금실,2020-07-02 00:00:00
2020010777,더마릴리프마일드선크림,주식회사포레덤,2020-07-02 00:00:00
2020010795,썬로이데일리카밍노세범선크림,주식회사썬로이,2020-07-03 00:00:00
2020010847,델라벨르에브리데이선크림,주식회사 아이피아코스메틱,2020-07-03 00:00:00
2020010887,메디큐브레드캡슐선크림2.0,주식회사에이피알,2020-07-06 00:00:00
2020010899,셀루나선파이터플러스쿨민트선크림에스피에프50+피에이++++,두선코스매틱(주),2020-07-06 00:00:00
2020010905,셀루나선파이터플러스허브선크림에스피에프50+피에이++++,두선코스매틱(주),2020-07-31 00:00:00
2020011088,이브뮤즈라그라쎄안티에이지리커버리24케이골드쉴드선크림SPF50+PA++++,디투씨코리아주식회사,2020-07-08 00:00:00
2020011173,스킨푸드토마토톤업선크림,주식회사스킨푸드,2020-07-09 00:00:00
2020011251,네이처리퍼블릭그린더마마일드시카선크림,(주)네이처리퍼블릭,2020-07-10 00:00:00
2020011252,이띠에라유브이트리플선크림,(주)제이에이치코리아,2020-07-13 00:00:00
2020011339,메이아일랜드7데이즈시크릿센텔라시카선크림,(주)코코스랩,2020-07-13 00:00:00
2020011383,클래식골프선크림,(주)체온365,2020-07-14 00:00:00
2020011474,은율데일리케어라이트선크림,(주)방앗간화장품,2020-07-15 00:00:00
2020011519,블루반어반선크림,주식회사블루반,2020-07-15 00:00:00
2020011538,티지도미나스톤업선크림플러스,태극제약(주),2021-01-26 00:00:00
2020011542,블루반퓨어선크림,주식회사블루반,2020-07-15 00:00:00
2020011543,블루반다이나믹선크림1,주식회사블루반,2020-07-22 00:00:00
2020011556,아토나인카밍인텐시브선크림SPF50+PA++++,유컴퍼니,2020-07-21 00:00:00
2020011665,이브뮤즈라그라쎄안티에이징리커버리24케이골드쉴드선크림SPF50+PA++++,디투씨코리아주식회사,2020-07-17 00:00:00
2020011840,달바워터풀프레쉬선크림,주식회사달바글로벌,2020-07-21 00:00:00
2020011909,비버리힐스폴로클럽퓨어선크림,송죽화장품,2020-08-21 00:00:00
2020011946,푸드어홀릭멀티선크림,송죽화장품,2020-08-21 00:00:00
2020011987,로이비유어베리퍼스트퓨어오가닉베이비페이스앤바디선크림위드썬플라워씨드오일SPF50+PA++++,(주)신세계인터내셔날,2020-07-22 00:00:00
2020012121,또르르오일인워터브라이트닝선크림,(주)또르르,2020-07-24 00:00:00
2020012186,블루반다이나믹선크림,주식회사블루반,2020-07-27 00:00:00
2020012194,미룸멀티유브이프로텍션선크림,(주)수인코스메틱,2020-07-27 00:00:00
2020012234,르네트더블유알디투선크림,주식회사 네오바이오텍,2020-07-27 00:00:00
2020012241,프롬에떼글램오리진래디언스선크림,(주)이너프,2020-07-27 00:00:00
2020012450,이노블랑구아이아줄렌듀얼쉴딩선크림,이노덤,2020-07-30 00:00:00
2020012602,베리굿선크림,(주)록키스,2020-08-03 00:00:00
2020012701,작약미인선크림,대구한의대학교,2020-08-04 00:00:00
2020013277,썬럽인텔리전트리프레싱선크림,주식회사키닥코리아,2020-08-21 00:00:00
2020013438,이띠에라유브이50화이트선크림,(주)제이에이치코리아,2020-08-12 00:00:00
2020013561,주디스리버멜로키아글로우셀톤업선크림,유니온네트워크코리아주식회사,2020-08-28 00:00:00
2020013681,미오리오듀드랍워터샤인스킨선크림,주식회사비티엔프,2020-10-27 00:00:00
2020013814,시오뉴퓨어모이스처펌킨선크림,(주)시오뉴,2020-08-20 00:00:00
2020013958,에르띠선크림,주식회사에르띠코리아,2020-08-20 00:00:00
2020013988,에센느유브이바운서모이스처선크림,글래드너,2020-11-26 00:00:00
2020014023,오가닉포에버서퍼선크림하와이,오가닉포에버주식회사,2020-08-20 00:00:00
2020014259,에이에이치씨옴므제트톤업선크림,(주)카버코리아,2020-09-08 00:00:00
2020014372,라이프플러스선크림,주식회사부쉬맨,2020-08-25 00:00:00
2020014379,더퓨어로터스제주보태니컬선크림,더로터스 주식회사,2020-08-26 00:00:00
2020014563,클리덤포맨올데이선크림,종근당건강(주),2020-08-27 00:00:00
2020014599,페이스톤업선크림,씨엠화이트(CM White),2020-08-28 00:00:00
2020014706,비랩아이엠쏘리저스트선크림,주식회사지에프프로젝트,2020-08-31 00:00:00
2020014792,나우코스울트라선크림,(주)나우코스,2020-09-01 00:00:00
2020014848,조선미녀쌀겨수맑은선크림,주식회사구다이글로벌,2020-09-02 00:00:00
2020014998,센텔라릴렉싱쉴드업선크림,(주)바이오시엠,2020-09-04 00:00:00
2020015082,식물나라산소수생기수분톤업선크림,씨제이올리브영(주),2020-09-07 00:00:00
2020015161,데이데이선크림,주식회사판게아인터내셔널,2020-09-07 00:00:00
2020015357,오늘부터어성초데일리밸런스선크림,주식회사트레져헌터,2020-09-09 00:00:00
2020015494,코코앤코아보카도화이트닝광채선크림,주식회사제이엠팩토리,2020-09-14 00:00:00
2020015901,필로스피큐텐리바이탈선크림,(주)필로스씨엔에프,2020-09-17 00:00:00
2020016081,뷰티언스선크림,(주)뷰티언스,2020-09-18 00:00:00
2020016219,주디스리버레드에너지업토닝톤업선크림,유니온네트워크코리아주식회사,2020-09-21 00:00:00
2020016349,헴픽선크림에스피에프50+++,(주)현진씨엔티,2020-09-22 00:00:00
2020016439,비어썸베이비엔키즈선크림SPF50+PA++++,(주)이엔에스코리아,2020-09-23 00:00:00
2020016621,컨투엘연아선크림에스피에프50+피에이+++,주식회사팬터메딕,2020-10-06 00:00:00
2020017117,보나파이드리프세이프엑토인선크림에스피에프50+피에이++++,비슈어 컴퍼니,2020-10-08 00:00:00
2020017221,쏘큐당호박수분선크림,주식회사지원바이오,2020-10-12 00:00:00
2020017231,리수연선크림,주식회사토라이수연,2020-10-12 00:00:00
2020017527,에꼬씨울트라데일리선크림,미르나르샤,2020-10-13 00:00:00
2020017702,쿤달더마씨피알시카톤업선크림,주식회사더스킨팩토리,2020-10-23 00:00:00
2020017856,뮤스템선크림,(주)코스문,2020-10-20 00:00:00
2020017909,설화수맨본윤선크림,(주)아모레퍼시픽,2020-10-20 00:00:00
2020018011,오픈워크촉촉함이오래남는선크림,주식회사와이즐리컴퍼니,2020-10-20 00:00:00
2020018027,오픈워크물처럼가볍게발리는선크림,주식회사와이즐리컴퍼니,2020-10-20 00:00:00
2020018132,에끌라두미네랄오일프리마일드선크림,주식회사 에끌라두,2020-10-22 00:00:00
2020018316,에끌라두마일드미네랄오일프리선크림,주식회사 에끌라두,2020-10-23 00:00:00
2020018573,룩스앤메이유브이프로텍션모이스트피치톤업선크림,(주)룩스앤메이코스메틱,2020-10-27 00:00:00
2020018577,룩스앤메이유브이프로텍션선크림포키즈,(주)룩스앤메이코스메틱,2020-10-27 00:00:00
2020018603,디오프러스히알루로닉프레쉬선크림,(주)오브이코스(OVCOS),2020-10-27 00:00:00
2020018695,훌루푸웨어러블마일드선크림,(주)신안코스메틱,2020-10-27 00:00:00
2020019102,프롬에떼글램오리진래디언스선크림에스피에프50+피에이++++,(주)이너프,2020-10-30 00:00:00
2020019226,선프레쉬선크림,(주)가인화장품,2020-11-02 00:00:00
2020019961,구달맑은어성초진정순한선크림,(주)클리오,2020-11-06 00:00:00
2020020623,퓨어다움프로쉴드선크림,아마레코리아주식회사,2020-11-12 00:00:00
2020021177,애경스니키히든댓선크림라이트,애경산업(주),2020-11-17 00:00:00
2020021266,애경스니키히든댓커버선크림라이트,애경산업(주),2020-12-02 00:00:00
2020021283,애경스니키히든댓커버선크림다크,애경산업(주),2020-12-02 00:00:00
2020021768,글로우글리밍톤업선크림,(주)베스트이노베이션,2020-11-20 00:00:00
2020022037,아트진타임리턴실크선크림,(주)한솔장업,2020-11-23 00:00:00
2020022511,에이지투웨니스롱프로텍션마일드에센스선크림이엑스,애경산업(주),2020-11-25 00:00:00
2020022612,제이엠솔루션허그케어프레쉬선크림,(주)지피클럽,2020-11-26 00:00:00
2020022764,징크마일드선크림,(주)네오팜,2020-11-27 00:00:00
2020023171,엘디퀸퍼펙트콜라겐선크림,다미인,2020-12-01 00:00:00
2020023541,씨엘포맥스히아루로닉선크림,(주)아미코스메틱,2020-12-03 00:00:00
2020023603,그린핑거야외놀이선크림파워블록,유한킴벌리(주),2020-12-03 00:00:00
2020023705,캐모마일선크림,주식회사지원바이오,2020-12-04 00:00:00
2020023904,쏘큐워터리카모마일선크림,주식회사지원바이오,2020-12-07 00:00:00
2020024124,순수자아아토더마선크림,(주)순수자아,2020-12-09 00:00:00
2020024710,보브유브이데일리선크림,(주)엘지생활건강,2020-12-28 00:00:00
2020025172,선선선크림,(주)솔레오코스메틱,2020-12-15 00:00:00
2020025215,에끌로바선크림,아쿠아그린텍(주),2020-12-16 00:00:00
2020025564,파워롱래스팅선크림,(주)엘지생활건강,2021-01-22 00:00:00
2020025683,닌셀라펄샤이닝선크림,주식회사 코타파,2020-12-18 00:00:00
2020025811,에끌라두유브이클리니카선크림,주식회사 에끌라두,2020-12-21 00:00:00
2020025947,메이크프렘유브이디펜스미카밍톤업선크림,(주)매그니프,2021-02-03 00:00:00
2020025955,미샤시카딘레스큐마일드선크림,(주)에이블씨엔씨,2020-12-22 00:00:00
2020026041,미샤시카딘레스큐토닝선크림,(주)에이블씨엔씨,2020-12-22 00:00:00
2020026066,시카딘레스큐토닝선크림,(주)에이블씨엔씨,2020-12-22 00:00:00
2020026072,시카딘레스큐마일드선크림,(주)에이블씨엔씨,2020-12-22 00:00:00
2020026083,메이크프렘유브이디펜스미카밍선크림,(주)매그니프,2021-03-10 00:00:00
2020026198,바세린데일리선케어톤업선크림,유니레버코리아(주),2020-12-23 00:00:00
2020026274,온더바디원샷썬킬어드밴스드페이스앤바디선크림,(주)엘지생활건강,2021-02-26 00:00:00
2020026281,폴미라인칼라민무기자차선크림에스피에프50+피에이+++,폴미라인(polmiline),2020-12-23 00:00:00
2020026431,한스킨선커버마일드선크림,(주)셀트리온스킨큐어,2020-12-24 00:00:00
2020026544,초초스랩수분캡쳐선크림,(주)씨에스에이코스믹,2020-12-28 00:00:00
2020026593,일리윤잡티톤업선크림,(주)아모레퍼시픽,2020-12-28 00:00:00
2020026605,아누아5제로무기자차선크림,주식회사더파운더즈,2020-12-29 00:00:00
2020026608,쉬니즈바이탈솔루션플러스선크림,(주)코리아나화장품,2020-12-28 00:00:00
2020026609,프리엔제징크더마선크림,(주)코리아나화장품,2020-12-28 00:00:00
2020026615,이오니언올데이즈선크림,에스앤코스메틱(SN코스메틱),2020-12-28 00:00:00
2020026722,꽃을든남자선펀치바이탈릴리프선크림에스피에프50+피에이++++,(주)코스모코스,2020-12-29 00:00:00
2021000096,더샘힐링듀시카수딩선크림,(주)더샘인터내셔날,2021-01-04 00:00:00
2021000099,코스알엑스퓨어핏시카브라이트닝워터드롭선크림,(주)코스알엑스,2021-01-04 00:00:00
2021000109,알오피디오사모레워터캡슐선크림,메디젠코스메틱,2021-01-04 00:00:00
2021000300,로우퀘스트밀크시슬브라이트닝스파톤업선크림,라이온코리아주식회사,2021-01-25 00:00:00
2021000360,닥터쉬더마인텐시브유브이선크림,구일개발주식회사,2021-01-12 00:00:00
2021000514,아름연웨어러블마일드선크림,(주)신안코스메틱,2021-01-06 00:00:00
2021001380,피나세아유브이쉴드선크림,(주)필로스씨엔에프,2021-01-12 00:00:00
2021001392,아토트로선크림,(주)리스킨코스메틱스,2021-01-12 00:00:00
2021001411,나인틴식스티뉴욕선크림,(주)리스킨코스메틱스,2021-01-12 00:00:00
2021002430,에이에이치씨유브이퍼펙션아쿠아모이스트선크림,(주)카버코리아,2021-01-19 00:00:00
2021002740,쥬넥스미네랄선크림,(주)쥬넥스,2021-01-20 00:00:00
2021003384,강블리제주알로에에센셜수딩선크림,(주)지피클럽,2021-01-25 00:00:00
2021003455,쥬브힐선크림,주식회사제이메디컬인터,2021-01-25 00:00:00
2021003618,메디블록선크림,(주)퓨어코스,2021-01-26 00:00:00
2021003644,에이피에스스킨클리닉선크림,(주)퓨어코스,2021-01-26 00:00:00
2021003698,블랑센데일리유브이디펜스선크림,(주)차모스코스메틱,2021-01-26 00:00:00
2021004655,에스앤유메디블록선크림,(주)퓨어코스,2021-01-28 00:00:00
2021004721,브이45히알렐루선크림SPF50+PA+++,(주)오네스,2021-01-29 00:00:00
2021005776,베누코내추럴톤업노세범선크림SPF50+PA++++,주식회사유한코스메틱,2021-02-02 00:00:00
2021006034,오브씨엘유블락스무딩워터리선크림,에스우텍(SWOO Tech.co),2021-02-03 00:00:00
2021006056,케이케이엠리밸런싱선크림,한국콜마(주),2021-02-03 00:00:00
2021006366,온더바디죠르디시카데일리선크림,(주)엘지생활건강,2021-02-04 00:00:00
2021007311,뮤즈베라파워풀선크림,그린코스주식회사,2021-02-09 00:00:00
2021007495,멜로무드복숭아톤업선크림,(주)네오팜,2021-02-10 00:00:00
2021007520,루브셀그린에너지프로텍션선크림,주식회사코센바이오,2021-02-10 00:00:00
2021007598,비피도랩프로클리닉올인원유브이쉬일드선크림,(주)비피도,2021-02-10 00:00:00
2021007840,제이퀸로지핑크톤업선크림,주식회사에스알파트너스,2021-02-15 00:00:00
2021007940,자작나무수분선크림,서린컴퍼니(주),2021-02-16 00:00:00
2021007986,더마팩토리무기자차톤업선크림,(주)비앤비코리아,2021-02-16 00:00:00
2021008114,나니조아올유유브이퍼팩트선크림,나니조아,2021-02-17 00:00:00
2021008156,솔루덤안티에이징선크림,(주)아모레퍼시픽,2021-02-17 00:00:00
2021008437,닥터트웬티프로젝트프로텍덤징크선크림,주식회사트웬티메디코스,2021-02-18 00:00:00
2021008454,맥퀸뉴욕하얀우유톤업선크림,(주)웃는생각컴퍼니,2021-02-18 00:00:00
2021008518,식물나라산소수워터프루프선크림,씨제이올리브영(주),2021-02-19 00:00:00
2021008577,피에이치하비1그램선크림인텐시브프로텍션,피에이치하비주식회사,2021-02-22 00:00:00
2021008602,리얼베리어톤업선크림,(주)네오팜,2021-02-19 00:00:00
2021008634,산소수생기수분톤업선크림,씨제이올리브영(주),2021-02-19 00:00:00
2021008795,피에이치하비일그램선크림인텐시브프로텍션,피에이치하비주식회사,2021-02-22 00:00:00
2021009433,아토앤오투논나노무기자차선크림,(주)라오가닉,2021-02-25 00:00:00
2021009515,제이준오크라피토뮤신톤업선크림,차에이아이헬스케어주식회사,2021-02-26 00:00:00
2021009576,베르벨르스킨글로우선크림,주식회사뭉클,2021-02-26 00:00:00
2021009659,닷코스톤업선크림,베루프주식회사,2021-02-26 00:00:00
2021010139,티지도미나스다크스팟컨트롤앰플선크림,태극제약(주),2021-03-05 00:00:00
2021010155,퓨토시크릿워셔블선크림,(주)아가방앤컴퍼니,2021-03-04 00:00:00
2021010337,프레티데일리시카톤업선크림,씨앤텍 주식회사,2021-03-05 00:00:00
2021010338,프레티데일리시카선크림,씨앤텍 주식회사,2021-03-05 00:00:00
2021010450,비건셀논나노무기자차퍼펙트선크림,데이셀코스메틱(주),2021-03-05 00:00:00
2021010601,더콤마마일드선크림,바이더랩,2021-03-08 00:00:00
2021010606,모이스처라이징선크림,수다이바이오테크놀로지주식회사,2021-03-08 00:00:00
2021010632,미샤시카딘레스큐마일드선크림,(주)에이블씨엔씨,2021-03-08 00:00:00
2021010755,호안자프리미엄선크림,(주)아마르떼,2021-03-09 00:00:00
2021010871,어웨어스킨브리딩톤업선크림,(주)아모레퍼시픽,2021-03-10 00:00:00
2021010893,씨앤피프로폴리스래디언트데일리선크림,(주)엘지생활건강,2021-03-10 00:00:00
2021010894,내츄럴프레시선크림,주식회사랑벨,2021-03-10 00:00:00
2021010986,그린핑거물놀이선크림워터프루프SPF50+PA++++,유한킴벌리(주),2021-03-11 00:00:00
2021011054,셀린저카밍프레쉬선크림에스피에프50+피에이+++,한솔생명과학(주),2021-03-11 00:00:00
2021011055,셀린저샤이닝프레쉬선크림에스피에프50+피에이++++,한솔생명과학(주),2021-03-11 00:00:00
2021011066,릴리베베데일리선크림,(주)에이블씨엔씨,2021-03-12 00:00:00
2021011264,유레코무기자차저자극톤업선크림,(주)스킨팜,2021-03-16 00:00:00
2021011277,식물나라산소수페이스앤바디저자극선크림,씨제이올리브영(주),2021-03-15 00:00:00
2021011301,오가니크올데이선크림,(주)쵸이스코스메틱,2021-03-16 00:00:00
2021011375,프레티데일리톤업시카선크림,씨앤텍 주식회사,2021-03-16 00:00:00
2021011447,제니코스센시티브선크림이엑스,(주)비엔코스,2021-03-17 00:00:00
2021011480,바이오힐보비타민토닝선크림,씨제이올리브영(주),2021-03-18 00:00:00
2021011605,데이랑스알로에베라유브이선크림3중기능성,퓨리비즈피부공학연구소,2021-03-25 00:00:00
2021011666,홀리카홀리카알로에워터프루프선크림,엔프라니주식회사,2021-03-22 00:00:00
2021011766,휘게리얼선크림,주식회사휘게라이프,2021-03-23 00:00:00
2021011768,루브셀로즈핑크톤업선크림,주식회사코센바이오,2021-03-23 00:00:00
2021011814,리얼베리어마일드선크림,(주)네오팜,2021-03-23 00:00:00
2021011876,더마팩토리이디엘피어성초65퍼센트선크림,(주)제이엘벤처스,2021-03-24 00:00:00
2021011907,리비한햇빛우산선크림,송죽화장품,2021-03-30 00:00:00
2021011908,디폰데딥하이드라비5선크림,플러스엑스주식회사,2021-03-26 00:00:00
2021011986,뉴즐선스타데일리스포츠선크림에스피에프50+피에이+++,(주)아주화장품,2021-03-25 00:00:00
2021012015,데이랑스알로에베라유브이선크림3중기능성에스피에프50+피에이+++,퓨리비즈피부공학연구소,2021-03-25 00:00:00
2021012083,한스킨선커버카밍블루선크림,(주)셀트리온스킨큐어,2021-03-26 00:00:00
2021012147,다나한고율모이스처선크림에스피에프50+피에이+++,(주)코스모코스,2021-03-30 00:00:00
2021012286,휘게비건선크림,주식회사휘게라이프,2021-03-30 00:00:00
2021012292,초초스랩톤캡쳐핑크선크림,(주)씨에스에이코스믹,2021-03-30 00:00:00
2021012302,센테카솔더마플러스선크림에스피에프50+피에이++++,한솔생명과학(주),2021-03-30 00:00:00
2021012312,비클퓨어데일리선크림,주식회사바이알케미,2021-03-30 00:00:00
2021012353,에스엔피유브이퍼펙트에어톤업선크림,(주)에스디생명공학,2021-03-31 00:00:00
2021012505,은율데일리케어프레쉬선크림에스피에프46피에이+++,(주)방앗간화장품,2021-04-01 00:00:00
2021012538,나투라비타베이비굿데이마일드선크림,(주)미도화장품,2021-04-01 00:00:00
2021012580,몽디에스엑설런트선크림,(주)360퍼스펙티브,2021-04-02 00:00:00
2021012585,새록완도후코이단징크선크림,(주)참존,2021-04-02 00:00:00
2021012739,더샘에코어스알로에핑크선크림,(주)더샘인터내셔날,2021-04-05 00:00:00
2021012804,블랙몬스터밸런싱알로에선크림,(주)블랭크코퍼레이션,2021-04-06 00:00:00
2021012850,지디일레븐에스떼알엑스모이스처선크림,주식회사강스템바이오텍,2021-04-06 00:00:00
2021012902,시크릿허브선크림에스피에프50+피에이+++,(주) 시크릿허브코리아,2021-04-07 00:00:00
2021013004,젝시믹스001에어리선크림,주식회사젝시믹스,2021-04-08 00:00:00
2021013014,젝시믹스100스코어선크림,주식회사젝시믹스,2021-04-08 00:00:00
2021013135,발롱블랑데일리쏘리선크림,주식회사발롱블랑,2021-04-09 00:00:00
2021013150,조선미녀맑은쌀선크림,주식회사구다이글로벌,2021-04-09 00:00:00
2021013159,벤튼에어핏유브이디펜스선크림,(주)벤튼,2021-04-09 00:00:00
2021013174,티르티르올데이퓨어선크림,주식회사티르티르,2021-04-09 00:00:00
2021013205,클리니에멜라킬선크림,엘앤피코스메틱(주),2021-04-12 00:00:00
2021013261,엑소셀스템브라이트닝선크림,주식회사  롬코스,2021-04-12 00:00:00
2021013508,바이오힐보판테놀시카블레미쉬선크림,씨제이올리브영(주),2021-04-14 00:00:00
2021013514,18에프톤업앤브라이트닝선크림,씨앤오코스메틱,2021-04-14 00:00:00
2021013609,이지듀이엑스유브이컨트롤울트라쉴드선크림,(주)디엔코스메틱스,2021-04-15 00:00:00
2021013622,애플이에브리데이선크림,네이처코스텍(주),2021-04-15 00:00:00
2021013727,더샘에코어스올프로텍션선크림,(주)더샘인터내셔날,2021-04-16 00:00:00
2021013785,에이에이치씨마스터즈아쿠아리치선크림,(주)카버코리아,2021-04-16 00:00:00
2021013803,구달맑은어성초진정수분선크림,(주)클리오,2021-04-16 00:00:00
2021013815,에끌라두유브이오일프리선크림,주식회사 에끌라두,2021-04-16 00:00:00
2021013867,바이온에어모아더브이선크림,주식회사엔판트,2021-04-19 00:00:00
2021013891,참존캡슐톤업선크림,(주)참존,2021-04-19 00:00:00
2021013956,에스엔피유브이퍼펙트에어쿨선크림,(주)에스디생명공학,2021-04-20 00:00:00
2021013986,에스쁘아워터스플래쉬시카톤업선크림,(주)에스쁘아,2021-04-21 00:00:00
2021014019,메디필레드락토콜라겐선크림,주식회사스킨이데아,2021-04-21 00:00:00
2021014053,퍼스트랩프로바이오틱프리미엄선크림,일동제약(주),2021-04-21 00:00:00
2021014144,오가닉그라운드논나노미네랄선크림,주식회사리빙라이블리,2021-04-22 00:00:00
2021014219,엑소셀스템데일리선크림,주식회사  롬코스,2021-04-23 00:00:00
2021014221,에스쁘아워터스플래쉬선크림프레쉬,(주)에스쁘아,2021-04-23 00:00:00
2021014316,메디힐스킨데일리선크림,엘앤피코스메틱(주),2021-04-26 00:00:00
2021014361,지스텔라인텐시브소프트선크림,(주)승원라이프,2021-04-27 00:00:00
2021014396,메디큐브레드모이스처리얼선크림,주식회사에이피알,2021-04-26 00:00:00
2021014644,쏘비건카밍선크림,쏘내추럴(주),2021-04-28 00:00:00
2021014746,에코어스라이트선크림,(주)더샘인터내셔날,2021-05-06 00:00:00
2021014778,엔프라니알로에워터프루프선크림,엔프라니주식회사,2021-04-29 00:00:00
2021014876,엘리스랩퍼펙트멀티선크림에스피에프50+피에이+++(건성용),두선코스매틱(주),2021-04-30 00:00:00
2021014878,엘리스랩퍼펙트멀티선크림에스피에프50+피에이+++(지성용),두선코스매틱(주),2021-04-30 00:00:00
2021014922,멘톨로지슈퍼쿨선크림,주식회사준홀딩스,2021-05-03 00:00:00
2021014967,디엘프렌즈센텔라24무기자차선크림,제이제이컴퍼니,2021-05-03 00:00:00
2021014971,라운드랩365안심선크림,서린컴퍼니(주),2021-05-03 00:00:00
2021015037,땡큐파머유브이쉴드워터선크림,(주)땡큐파머,2021-05-04 00:00:00
2021015057,피치포포유브이모이스처톤업선크림,카페24주식회사,2021-05-04 00:00:00
2021015107,이너프프로젝트선크림,(주)아모레퍼시픽,2021-05-04 00:00:00
2021015120,라네즈래디언씨선크림,(주)아모레퍼시픽,2021-05-04 00:00:00
2021015177,예화담환생고진액선크림,(주)엘지생활건강,2021-05-06 00:00:00
2021015208,워터풀선크림,주식회사랑느코스메틱,2021-05-06 00:00:00
2021015259,스킨아이디어데일리선크림,메디젠코스메틱,2021-05-07 00:00:00
2021015292,벤튼스킨핏미네랄선크림,(주)벤튼,2021-05-07 00:00:00
2021015337,네오젠더마로지올데이퍼펙트선크림,(주)아우딘퓨쳐스,2021-05-07 00:00:00
2021015360,내추럴마일드에브리선크림,(주)믹스앤매치,2021-05-08 00:00:00
2021015413,수비안인텐시브오너시크릿선크림,(주)테라젝아시아,2021-05-10 00:00:00
2021015415,썸바이미트루시카무기자차카밍톤업선크림,(주)페렌벨,2021-05-10 00:00:00
2021015432,이노센스데일리템선크림,나드리화장품(주),2021-05-10 00:00:00
2021015574,노브랜드데일리유브이선크림,(주)이마트,2021-05-11 00:00:00
2021015575,러븀스킨글로우선크림,주식회사뭉클,2021-05-11 00:00:00
2021015587,블랑루스퓨어카밍데일리선크림,주식회사키오스킨,2021-05-11 00:00:00
2021015589,아뜨와실키365마일드선크림,(주)메이크비,2021-05-11 00:00:00
2021015708,엔모먼트알로에수분톤업선크림,베이직스주식회사,2021-05-13 00:00:00
2021015718,큐티스타엠티에스선크림,(주)에이스제약,2021-05-13 00:00:00
2021015719,솔고플라티노톤업선크림SPF50+PA+++,주식회사알파에이아이,2021-05-13 00:00:00
2021015839,케이엘에이퍼펙트프로텍션선크림에스피에프50+피에이++++,라온커머스주식회사,2021-05-14 00:00:00
2021015894,누본셀올데이블랑선크림,주식회사블랑두부,2021-05-17 00:00:00
2021015932,닥터리본엑소좀배리어앰플선크림,(주)메이크비,2021-05-17 00:00:00
2021016027,순초약방데일리유브이디펜스선크림,주식회사유한건강생활,2021-05-25 00:00:00
2021016053,아누아에어리무기자차선크림,주식회사더파운더즈,2021-05-20 00:00:00
2021016092,코스노리판테놀베리어선크림,주식회사그레이스클럽,2021-05-20 00:00:00
2021016093,코스노리마일드톤업선크림,주식회사그레이스클럽,2021-05-20 00:00:00
2021016106,프리미엄리바이탈프로폴리스선크림,한솔생명과학(주),2021-05-20 00:00:00
2021016118,밀크터치서양송악더리얼선크림,주식회사올리브인터내셔널,2021-05-20 00:00:00
2021016130,젬무브퀸프리드라데일리선크림,(주)젬마코리아,2021-05-21 00:00:00
2021016212,지에프에잇쉴드선크림,휴벨르(HUE BELLE),2021-05-21 00:00:00
2021016343,이너프시카선크림,(주)이너프,2021-05-25 00:00:00
2021016428,에코어스핑크선크림,(주)더샘인터내셔날,2021-05-26 00:00:00
2021016456,셀린저홀인원선크림에스피에프50+피에이++++,한솔생명과학(주),2021-05-26 00:00:00
2021016558,애즈이즈투비퓨어미네랄선크림,(주)이지앤심플,2021-06-02 00:00:00
2021016560,에오스보떼스피드터치선크림,(주)약손명가코스메틱,2021-05-27 00:00:00
2021016561,와이트리듀이선크림,주식회사와이네이처,2021-05-27 00:00:00
2021016575,루미넌트바선크림,주식회사시슨드시,2021-05-27 00:00:00
2021016576,바루랩하동녹차수분진정선크림,(주)비앤케이,2021-05-27 00:00:00
2021016580,소울유브이마일드선크림,주식회사크로스제이,2021-05-27 00:00:00
2021016702,홈로즈모이스처선크림,(주)홈로즈코리아,2021-05-28 00:00:00
2021016736,엠유에이치펩타이드유브이더마선크림,(주)니코보코코리아,2021-05-29 00:00:00
2021016804,그린나리제이700플러스카밍선크림,(주)코씨드바이오팜,2021-05-31 00:00:00
2021016820,닥토브비니페라바이옴비건선크림,주식회사닥토브,2021-05-31 00:00:00
2021016856,메르넬핑크톤업선크림,(주)아이코맥스,2021-06-01 00:00:00
2021016858,빌라쥬데일리마일드선크림,주식회사 피에프디,2021-06-01 00:00:00
2021016906,온더바디벨먼내추럴스파이지워시선크림,(주)엘지생활건강,2021-06-01 00:00:00
2021016912,두두미엘마일드선크림,(주)제이스,2021-06-01 00:00:00
2021016968,원진이펙트멀티핑크톤업선크림,주식회사원진더블유앤랩,2021-06-02 00:00:00
2021017207,링셀수분단백질마일드선크림,제이더블유생활건강주식회사,2021-06-07 00:00:00
2021017238,마일드업데일리블루밍선크림,(주)라피엘랩스,2021-06-07 00:00:00
2021017261,리브에산책선크림,주식회사무진비앤에이치,2021-06-07 00:00:00
2021017285,더샘에코어스시카선크림,(주)더샘인터내셔날,2021-06-08 00:00:00
2021017309,라온퓨어선크림,(주)리즈코퍼레이션,2021-06-08 00:00:00
2021017325,아토비케이데일리라이트선크림,(주)더원코스메틱,2021-06-08 00:00:00
2021017330,메디힐톤업핑크라이트선크림,엘앤피코스메틱(주),2021-06-08 00:00:00
2021017350,히알루론산선크림SPF50+PA++++,주식회사 다정글로벌,2021-06-08 00:00:00
2021017377,몰리끄바이탈라이징톤업선크림,주식회사서드메이슨,2021-06-09 00:00:00
2021017385,비버리힐스폴로클럽네츄럴숨톤업베이스선크림,네트원,2021-06-09 00:00:00
2021017395,세인트랩073센텔라아우라선크림,(주)라이프스타일프로젝트,2021-06-09 00:00:00
2021017426,에이에이스킨톤업선크림,주식회사제이케이코스메틱,2021-06-09 00:00:00
2021017518,다자연어성초수분선크림,(주)자연의벗,2021-06-11 00:00:00
2021017560,큐어링히아루로닉프로텍션선크림,(주)유스케어팜,2021-06-11 00:00:00
2021017692,이니스프리트루히알루론수분선크림에스피에프50+피에이++++,(주)이니스프리,2021-06-15 00:00:00
2021017720,이니스프리트루마일드시카무기자차선크림에스피에프50+피에이++++,(주)이니스프리,2021-06-15 00:00:00
2021017740,오가본씨앗품은데일리안심선크림,주식회사에코더마랩,2021-06-16 00:00:00
2021017807,히든랩백투더퓨어마일드선크림,(주)에스디생명공학,2021-06-17 00:00:00
2021017813,애디팬더바이오유브이선크림,주식회사애디팬더,2021-06-17 00:00:00
2021017867,닥터아로알아로알선크림,(주)엠트리월드,2021-06-18 00:00:00
2021017916,센텔라아시아티카콜라겐키밍선크림,㈜퍼스트픽,2021-06-18 00:00:00
2021017997,미앤스킨멀티틴티드선크림,주식회사지에스에이,2021-06-22 00:00:00
2021018021,포레덤더마릴리프비건선크림,주식회사포레덤,2021-06-22 00:00:00
2021018138,아까시나무꽃선크림,(주)벨라네즈,2021-06-23 00:00:00
2021018239,여은유브이선크림,(주)미도화장품,2021-06-25 00:00:00
2021018366,씨스터앤프레시릴리프선크림,주식회사브이티피엘,2021-06-28 00:00:00
2021018443,아실리데일리선크림,아실리코리아유한회사,2021-06-29 00:00:00
2021018445,앙쎄유브이바이탈데일리하이드레이팅안티옥시던트선크림,주식회사에스파크제이디,2021-06-29 00:00:00
2021018548,젬샤인퀸선크림,(주)아쿠아렉스,2021-07-01 00:00:00
2021018568,파티온노스캄리페어잡티프루프선크림,동아제약(주),2021-07-01 00:00:00
2021018569,레아필큐어링히아루로닉프로텍션선크림,(주)유스케어팜,2021-07-01 00:00:00
2021018649,펩타이드볼륨선크림,주식회사 맥클린,2021-07-02 00:00:00
2021018687,달바워터풀톤업선크림,주식회사달바글로벌,2021-07-02 00:00:00
2021018706,듀엠퓨어아쿠아톡무기자차선크림,주식회사브라이츠,2021-07-02 00:00:00
2021018743,허워터리페어선크림,국제피부연구센터(ISRC),2021-07-05 00:00:00
2021018823,르몽화이트레이블다이아선크림,주식회사 다이아,2021-07-05 00:00:00
2021018827,라핀포어프리에센셜선크림,주식회사솔안개코리아,2021-07-06 00:00:00
2021018852,더마엑토시카톤업선크림,주식회사티오엠,2021-07-06 00:00:00
2021018884,레니프리미엄카밍선크림,(주)필로스씨엔에프,2021-07-07 00:00:00
2021018885,지오젠틀맨유브이프로텍션선크림,(주)필로스씨엔에프,2021-07-07 00:00:00
2021018929,트리야슈퍼라이트선크림에스피에프50+피에이++++,주식회사코스존,2021-07-08 00:00:00
2021018985,코스톡톡톡에센셜선크림,주식회사도나,2021-07-08 00:00:00
2021019095,보령머드마일드선크림,(재)보령축제관광재단,2021-07-12 00:00:00
2021019121,피키너스리얼모링가수분선크림,더피키너스컴퍼니,2021-07-12 00:00:00
2021019139,햇반쌀겨선크림,이스터너생명과학(주),2021-07-12 00:00:00
2021019141,세르본브라이트닝톤업선크림,주식회사에이치엘엠씨,2021-07-12 00:00:00
2021019174,루피움더마키즈앤맘선크림,주식회사제이윤코스메틱,2021-07-13 00:00:00
2021019284,데일리화이트닝선크림,(주)제이비비인터내셔널,2021-07-14 00:00:00
2021019290,퍼플유브릴리언트퍼플케어리파화이트선크림,(주)퍼플유,2021-07-14 00:00:00
2021019358,디오프러스유브이디펜스소프트데일리선크림,(주)오브이코스(OVCOS),2021-07-15 00:00:00
2021019364,아르비엔데일리선크림,(주)공감비즈,2021-07-15 00:00:00
2021019441,에로이나잇지잇지선크림,주식회사미스케이,2021-07-21 00:00:00
2021019644,글랜무어알에스비엑티브선크림,주식회사 엘모어,2021-07-20 00:00:00
2021019676,다이아피아데일리유브이디펜스선크림,(주)비에스지에이치앤비,2021-07-21 00:00:00
2021019847,모델로포트메인센서티브스킨스포츠선크림,(주)모델로,2021-07-23 00:00:00
2021019858,리셀바이오피디알엔시카선크림,주식회사팬터메딕,2021-07-23 00:00:00
2021019903,믹순병풀선크림,주식회사파켓,2021-07-23 00:00:00
2021020120,에스트라아토베리어더마온선크림이엑스,(주)아모레퍼시픽,2021-07-29 00:00:00
2021020121,에스트라아토베리어365더마온선크림,(주)아모레퍼시픽,2021-07-29 00:00:00
2021020216,에스엔피에브리데이쿨링선크림,(주)에스디생명공학,2021-07-30 00:00:00
2021020218,오픈워크지성복합성피부용선크림,주식회사와이즐리컴퍼니,2021-07-30 00:00:00
2021020219,오픈워크건성민감성피부용선크림,주식회사와이즐리컴퍼니,2021-07-30 00:00:00
2021020220,아워비건선크림베이직,(주)마녀공장,2021-07-30 00:00:00
2021020343,내츄런사하라워터프루프선크림,주식회사러닝포인트,2021-08-03 00:00:00
2021020356,브뤼케에이씨씨카밍쿨선크림,(주)네이처포,2021-08-04 00:00:00
2021020430,주레오24.7선크림,주식회사주레오코스메틱,2021-08-05 00:00:00
2021020596,닥터에이치에스알씨센시티브선크림,에스알씨쎄라텍주식회사,2021-08-10 00:00:00
2021020700,에스에이플러스데일리톤업선크림,주식회사가디뷰이,2021-08-12 00:00:00
2021020710,닥터505에이플러스선크림벨벳,주식회사파파웍스,2021-08-12 00:00:00
2021020829,에끌라두유브이내추럴퍼펙트선크림,주식회사 에끌라두,2021-08-13 00:00:00
2021020912,토소웅에스오에스리페어시카클리닉매직시카선크림,(주)만통,2021-08-17 00:00:00
2021020981,베리디크로즈베리워터톤업선크림,(주)에버코스,2021-08-17 00:00:00
2021021057,이아이레글로우필터선크림,주식회사엘씨드인터내셔널,2021-08-19 00:00:00
2021021111,릴리베스그린풀마일드선크림,릴리베스,2021-08-20 00:00:00
2021021130,오티오일에코퐁당마일드데일리선크림,허브아일랜드화장품주식회사,2021-08-19 00:00:00
2021021211,도루코엠케어선크림,(주)도루코,2021-08-23 00:00:00
2021021407,디알휴나셀앱솔루트선크림,(주)휴나코스메틱,2021-08-24 00:00:00
2021021530,순플러스트루쉴드선크림,(주)아모레퍼시픽,2021-08-26 00:00:00
2021021642,셀리맥스듀얼배리어워터리선크림,(주)앱솔브랩,2021-08-27 00:00:00
2021021739,오띠더마컨트롤선크림SPF50+PA++++,(주)오띠인터내셔널,2021-08-30 00:00:00
2021021857,퓨어비타세라민톤업선크림,(주)솔티패밀리그룹,2021-09-02 00:00:00
2021021873,에뛰드순정진정방어선크림,(주)에뛰드,2021-09-02 00:00:00
2021022350,엑시스와이안녕스트레스무기자차선크림,아시아마스터트레이드주식회사,2021-09-13 00:00:00
2021022613,이지테라피선크림,(주)나리온,2021-09-16 00:00:00
2021022640,편강율아토마일드선크림,주식회사편강한방피부과학연구소,2021-09-24 00:00:00
2021022908,마리아벨배리어선크림,주식회사더엘그룹,2021-09-24 00:00:00
2021022923,희연앤차이선크림,주식회사 더엘케이,2021-09-27 00:00:00
2021022955,톡톡에센셜톤업선크림,주식회사도나,2021-09-27 00:00:00
2021023514,모닝서프라이즈시카톤업선크림,(주)세토파,2021-10-08 00:00:00
2021023925,아드시온웨이브베이스마일드선크림,(주)제이에이치코리아,2021-10-13 00:00:00
2021024153,알리코모키노선크림,알리코제약(주),2021-10-15 00:00:00
2021024240,에스엔피유브이퍼펙트에어마일드선크림,(주)에스디생명공학,2021-10-18 00:00:00
2021024529,모닝서프라이즈촉촉선크림,(주)세토파,2021-10-19 00:00:00
2021024725,유하다유브이선크림옐로우,(주)엠에이피컴퍼니,2021-10-20 00:00:00
2021024919,브에노에어핏시카선크림,브에노메디텍,2021-10-21 00:00:00
2021025265,에스트라리제덤알엑스듀얼리페어선크림,(주)아모레퍼시픽,2021-10-25 00:00:00
2021025742,마몽드비타민선크림,(주)아모레퍼시픽,2021-10-26 00:00:00
2021025962,에스제이유브이마일드선크림,더에스제이메디코스메틱,2021-10-27 00:00:00
2021027430,원씽병풀무기자차선크림,주식회사원씽,2021-11-03 00:00:00
2021027459,다이브인무기자차마일드선크림,(주)토리든,2021-11-03 00:00:00
2021027640,뷰리퓨리퓨어쉴드선크림,(주)이시스코스메틱,2021-11-04 00:00:00
2021027740,파티온노스카나인잡티프루프선크림,동아제약(주),2021-11-04 00:00:00
2021027743,설화수진설선크림,(주)아모레퍼시픽,2021-11-08 00:00:00
2021028139,위노바링클앤화이트닝무기자외선차단선크림,(주)위노바,2021-11-05 00:00:00
2021028212,그레이즈포인트마운틴미핸드선크림,주식회사에이오티코퍼레이션,2021-11-08 00:00:00
2021028260,인페나워터리세이프선크림,엘모에즈,2021-11-08 00:00:00
2021028321,그레이즈포인트프레젠트프레젠트핸드선크림,주식회사에이오티코퍼레이션,2021-11-08 00:00:00
2021028490,기슈네이처선크림,에스엘코스메틱주식회사,2021-11-09 00:00:00
2021029061,와이에이치엘유브이선크림,(주)덤스토리,2021-11-11 00:00:00
2021029459,씨엠케이아이톤업선크림,대구한의대학교,2021-11-12 00:00:00
2021029572,글로우필터선크림,주식회사엘씨드인터내셔널,2021-11-15 00:00:00
2021029860,지씨네이처선크림,에스엘코스메틱주식회사,2021-11-16 00:00:00
2021029862,닥터레이디데일리선크림,에스엘코스메틱주식회사,2021-11-16 00:00:00
2021029903,리셀톤3액티브디펜시브선크림,주식회사폼인더스트리,2021-11-16 00:00:00
2021029904,리셀톤데일리논나노무기자차선크림,주식회사폼인더스트리,2021-11-16 00:00:00
2021029905,왕지콜라겐선크림3액티브디펜스,주식회사폼인더스트리,2021-11-16 00:00:00
2021030319,닥터하레마리유브이시카쉴드선크림,(주)뷰리클,2021-11-17 00:00:00
2021030822,베리홉유브이워터풀선크림,주식회사라이트하우스코스메틱,2021-11-19 00:00:00
2021031524,아이니드선크림,(주)제넨셀씨앤에프,2021-11-22 00:00:00
2021031661,씨피원투어프로72데일리카밍선크림,(주)에스테틱하우스,2021-11-22 00:00:00
2021032760,제로이드모이스처리페어선크림,(주)네오팜,2021-11-25 00:00:00
2021032779,제로이드데일리선크림,(주)네오팜,2021-11-25 00:00:00
2021033005,올린유브이더블쉴드선크림,(주)이든파마지점,2021-11-26 00:00:00
2021033261,보타닉엑스퍼트퓨어화이트선크림,데일리쉬,2021-11-26 00:00:00
2021033919,더샘스네일에센셜이엑스링클솔루션선크림,(주)더샘인터내셔날,2021-11-30 00:00:00
2021033979,닥터원트톤업선크림,(주)제이에스벤처스,2021-11-30 00:00:00
2021034541,라운드랩1025독도선크림,서린컴퍼니(주),2021-12-01 00:00:00
2021035326,제로이드이지워시마일드선크림,(주)네오팜,2021-12-03 00:00:00
2021035387,3더블유클리닉프리미엄소프트모이스트유브이선크림,(주)한국자이화장품,2021-12-03 00:00:00
2021035530,이브스러브울트라수퍼유브이선크림,(주)이노보떼,2021-12-06 00:00:00
2021035978,데일리유브이쉴드선크림,(주)피플스,2021-12-14 00:00:00
2021036007,퓨엣스킨알로에무기자차선크림,(주)결고은사람들,2021-12-14 00:00:00
2021036010,에이에이치씨세이프온톤업선크림,(주)카버코리아,2021-12-15 00:00:00
2021036074,세븐데이즈마일드프로텍터선크림,(주)뷰티팩토리,2021-12-15 00:00:00
2021036082,디어글램아쿠아톤업선크림,주식회사모스트153,2021-12-15 00:00:00
2021036093,네이처리퍼블릭그린더마마일드시카세이프티100선크림,(주)네이처리퍼블릭,2021-12-16 00:00:00
2021036095,한율달빛유자비타씨선크림,(주)아모레퍼시픽,2021-12-16 00:00:00
2021036107,선크림더리얼유비컷더마에센스,주식회사에스티제이,2021-12-16 00:00:00
2021036246,디어글램아쿠아세럼선크림,주식회사모스트153,2021-12-20 00:00:00
2021036292,부케가르니나드유브이쉴드선크림,(주)브리드비인터내셔널,2021-12-20 00:00:00
2021036299,메디힐세범밸런싱선크림,엘앤피코스메틱(주),2021-12-20 00:00:00
2021036321,키르시블렌딩애프리콧톤업선크림,주식회사하이라이트뷰티스,2021-12-20 00:00:00
2021036361,제이플리데일리핏컬러체인지선크림,(주)지피클럽,2021-12-21 00:00:00
2021036384,크리스앤릴리워터팝톤업선크림,인핸스비주식회사,2021-12-21 00:00:00
2021036438,셀해피코무기자차톤업선크림,세래피코,2021-12-22 00:00:00
2021036465,메디힐티트리수딩선크림,엘앤피코스메틱(주),2021-12-23 00:00:00
2021036512,참존디에이지레드애디션프리미엄선크림,(주)참존,2021-12-23 00:00:00
2021036587,선크림50,씨앤오코스메틱,2021-12-24 00:00:00
2021036681,누씨오워터리부활초선크림,하우랩주식회사,2021-12-27 00:00:00
2021036683,브링그린티트리시카수딩선크림,씨제이올리브영(주),2021-12-27 00:00:00
2021036741,어니시더마유브이선크림,(주)미팩토리,2021-12-28 00:00:00
2021036752,바세린데일리선케어데일리선크림,유니레버코리아(주),2021-12-29 00:00:00
2021036755,킴스모이스처선크림,(주)킴스코스메틱스,2021-12-29 00:00:00
2021036840,토소웅맨즈부스터선크림,(주)만통,2021-12-29 00:00:00
2022000003,에이지투웨니스스킨핏수분선크림,애경산업(주),2022-01-03 00:00:00
2022000166,큐템마일드징크선크림,주식회사스킨메드,2022-01-05 00:00:00
2022000168,웨이크메이크비건클린톤업선크림,씨제이올리브영(주),2022-01-05 00:00:00
2022000177,아리얼세븐데이즈퓨어마일드선크림,(주)뷰티팩토리,2022-01-05 00:00:00
2022000209,에스엔피프렙비타로닉선크림,(주)에스디생명공학,2022-01-05 00:00:00
2022000244,구달비건라이스밀크수분선크림,(주)클리오,2022-01-06 00:00:00
2022000306,버드데이트에어리워터선크림,(주)버드데이트,2022-01-06 00:00:00
2022000458,아리얼세븐데이즈라이트톤업선크림,(주)뷰티팩토리,2022-01-10 00:00:00
2022000603,홀리카홀리카모이스처메이크업선크림,엔프라니주식회사,2022-01-11 00:00:00
2022000639,바세린데일리선케어데일리선크림SPF50+,유니레버코리아(주),2022-01-12 00:00:00
2022000650,피에이치하비1그램선크림소프트매트,피에이치하비주식회사,2022-01-12 00:00:00
2022000651,바세린데일리선케어톤업선크림SPF50+,유니레버코리아(주),2022-01-12 00:00:00
2022000705,싸이닉엔조이세이프티마일드선크림,십일번가주식회사,2022-01-13 00:00:00
2022000721,퓨리토데일리고우투선크림,하이네이처주식회사,2022-01-13 00:00:00
2022000726,라운드랩자작나무무기자차선크림,서린컴퍼니(주),2022-01-13 00:00:00
2022000735,닥터에프파이브그린모이스춰선크림,주식회사오엠에스인터내셔날,2022-01-13 00:00:00
2022000767,블랑카우유브이쉴드에센스선크림SPF50+PA++++,주식회사키오스킨,2022-01-14 00:00:00
2022000784,모쿠슈라비건밀크세라마이드선크림,(주)우림에프엠지,2022-01-14 00:00:00
2022001173,라보니따토탈유브이가드선크림,(주)참존엔씨원,2022-01-20 00:00:00
2022001184,유브이퍼펙트데일리선크림,(주)바이오시엠,2022-01-20 00:00:00
2022001386,식물나라산소수가벼운비건징크무기선크림,씨제이올리브영(주),2022-01-24 00:00:00
2022001395,아토99순한무기자차선크림,주식회사레드99,2022-01-24 00:00:00
2022001401,식물나라산소수생기톤업커버선크림,씨제이올리브영(주),2022-01-24 00:00:00
2022001417,아토99순한무기자차선크림,주식회사레드99,2022-01-24 00:00:00
2022001460,라운드어라운드그린티시카수분선크림,씨제이올리브영(주),2022-01-24 00:00:00
2022001465,더이앤선크림,주식회사이앤사이언스,2022-01-24 00:00:00
2022001532,로우퀘스트에키네시아워터릴리프선크림,라이온코리아주식회사,2022-01-25 00:00:00
2022001535,더마토리프로히알샷톤업선크림SPF50+PA+++,(주)클리오,2022-01-25 00:00:00
2022001549,프레이모어데일리프로텍트선크림,코스맥스(주),2022-01-25 00:00:00
2022001582,프레쉬앤올라이트터치선크림,코스맥스(주),2022-01-25 00:00:00
2022001639,쏘내추럴유브이프로톤업선크림,쏘내추럴(주),2022-01-26 00:00:00
2022001683,이아이오모이스트핏선크림,주식회사코스메티나,2022-01-26 00:00:00
2022001711,데일리프로텍트선크림,코스맥스(주),2022-01-27 00:00:00
2022001718,라이트터치선크림,코스맥스(주),2022-01-27 00:00:00
2022001790,클라뷰비건징크선크림SPF50+PA++++,(주)베케이코리아,2022-01-28 00:00:00
2022001901,메디플라워유브이필터마일드선크림,(주)메디플라워,2022-02-03 00:00:00
2022001960,리얼히알루로닉워터리선크림,휴젤주식회사,2022-02-04 00:00:00
2022001965,카밍선크림,(주)쁘띠엘린,2022-02-03 00:00:00
2022001997,세디르유브이쉴드수딩선크림,(주)코리아나화장품,2022-02-04 00:00:00
2022002000,비러브코스플랜트선크림,(주)사가페이스,2022-02-04 00:00:00
2022002019,썸바이미트루시카아쿠아카밍선크림,(주)페렌벨,2022-02-04 00:00:00
2022002070,닥터미라클멜라레이저리얼선크림,주식회사 더에이블랩,2022-02-07 00:00:00
2022002095,포레스트힐인제주그린포레바이옴마일드선크림,(주)본느,2022-02-07 00:00:00
2022002112,맥스클리닉로지핑크톤업선크림,(주)엔앤비랩,2022-02-07 00:00:00
2022002159,마녀공장파데프리선크림,(주)마녀공장,2022-02-08 00:00:00
2022002173,이이더블유나인유브이퍼펙트마일드선크림,씨엠컴퍼니글로벌,2022-02-08 00:00:00
2022002195,코코스내추럴아쿠아선크림에스피에프50+피에이++++,한솔생명과학(주),2022-02-08 00:00:00
2022002206,코코스내추럴시카선크림에스피에프50+피에이++++,한솔생명과학(주),2022-02-08 00:00:00
2022002293,키네프카밍쉴드선크림,주식회사위더코어,2022-02-09 00:00:00
2022002345,세디르유브이쉴드수딩선크림,(주)코리아나화장품,2022-02-10 00:00:00
2022002363,밀크바오밥베이비앤키즈선크림SPF50+PA++++,태남생활건강(주),2022-02-10 00:00:00
2022002452,메디필펩타이드9유브이더마선크림,주식회사스킨이데아,2022-02-11 00:00:00
2022002602,헤리에타레포츠디펜스선크림,(주)웰코스,2022-02-15 00:00:00
2022002627,초공진설본진선크림,(주)에이블씨엔씨,2022-02-14 00:00:00
2022002668,듀엠퓨어아쿠아톡샤인선크림,주식회사브라이츠,2022-02-14 00:00:00
2022002674,땡큐파머선프로젝트스킨릴리프선크림,(주)땡큐파머,2022-02-15 00:00:00
2022002685,더샘에코어스엑스트라시카선크림,(주)더샘인터내셔날,2022-02-15 00:00:00
2022002704,토코보바이오워터리선크림,주식회사픽톤,2022-02-15 00:00:00
2022002764,초공진설본진톤업선크림,(주)에이블씨엔씨,2022-02-16 00:00:00
2022002873,헥세라선크림,주식회사더마밀,2022-02-17 00:00:00
2022002919,원더바스슈퍼리얼노세범선크림,(주)씨에스에이코스믹,2022-02-18 00:00:00
2022002920,원더바스슈퍼리얼모이스트선크림,(주)씨에스에이코스믹,2022-02-18 00:00:00
2022002923,플로르드망힐렉스선크림SPF50+PA+++,(주)코스모코스,2022-02-18 00:00:00
2022002941,원더바스슈퍼리얼마일드선크림,(주)씨에스에이코스믹,2022-02-18 00:00:00
2022002973,식물원감귤비타톤업선크림,(주)네이처리퍼블릭,2022-02-18 00:00:00
2022002976,무을앰플선크림,알프츠주식회사,2022-02-18 00:00:00
2022003030,뽀로로썸머에디션선크림플러스,모린주식회사,2022-02-21 00:00:00
2022003116,메디플라워유브이필터퓨어선크림,(주)메디플라워,2022-02-22 00:00:00
2022003143,블루밍셀프로텍션선크림,(주)설레임코스메틱,2022-02-22 00:00:00
2022003162,슈퍼에어핏마일드선크림데일리,(주)에이블씨엔씨,2022-02-22 00:00:00
2022003221,내추럴선에코패밀리선크림,(주)엘지생활건강,2022-02-23 00:00:00
2022003222,닥터알파더마케어선크림,대한피부과학연구소주식회사,2022-02-23 00:00:00
2022003283,제스퍼시카케어선크림,"(주)에이치큐랩(HQ LAB CO.,LTD.)",2022-02-23 00:00:00
2022003299,에르쯔틴에어리워터선크림,(주)에르쯔틴,2022-02-24 00:00:00
2022003301,제스퍼비타스네일선크림,"(주)에이치큐랩(HQ LAB CO.,LTD.)",2022-02-23 00:00:00
2022003303,제스퍼프레쉬알로에선크림,"(주)에이치큐랩(HQ LAB CO.,LTD.)",2022-02-23 00:00:00
2022003315,어퓨퓨어블록내추럴데일리선크림이엑스,(주)에이블씨엔씨,2022-02-24 00:00:00
2022003338,마리엔메이시카수딩선크림SPF50+PA++++,에이드코리아컴퍼니주식회사,2022-02-24 00:00:00
2022003339,토니모리유브이마스터톤업선크림,(주)토니모리,2022-02-24 00:00:00
2022003378,포멀비키즈프로폴리스수딩선크림SPF50+PA++++,에이드코리아컴퍼니주식회사,2022-02-24 00:00:00
2022003461,헤리에타레포츠디펜스선크림이엑스,(주)웰코스,2022-02-25 00:00:00
2022003529,뮤스템라이트데일리선크림,(주)코스문,2022-02-28 00:00:00
2022003558,제이엠솔루션카밍시카선크림,(주)지피클럽,2022-02-28 00:00:00
2022003567,어퓨슈퍼에어핏마일드선크림데일리이엑스,(주)에이블씨엔씨,2022-02-28 00:00:00
2022003615,시초오아시스미네랄선크림,(주)투앤업,2022-03-02 00:00:00
2022003628,메디플라워유브이필터시카선크림,(주)메디플라워,2022-03-02 00:00:00
2022003637,더블유드레스룸유브이아쿠아에센스선크림,(주)트랜드아이,2022-03-02 00:00:00
2022003648,비욘드엔젤아쿠아수분선크림,(주)엘지생활건강,2022-03-02 00:00:00
2022003669,제니하우스아쿠아모이스트카밍쉴드선크림,(주)제니하우스코스메틱,2022-03-02 00:00:00
2022003684,쓰리페이지패밀리블렌드보타닉선크림,주식회사제이앤씨컴퍼니,2022-03-02 00:00:00
2022003705,토니모리원더모찌톤업선크림,(주)토니모리,2022-03-03 00:00:00
2022003732,셀리맥스오일컨트롤라이트선크림,(주)앱솔브랩,2022-03-03 00:00:00
2022003747,더히스토리오브후공진향진해윤프레쉬선크림,(주)엘지생활건강,2022-03-03 00:00:00
2022003791,수피나효원선크림,원네이처,2022-03-03 00:00:00
2022003814,어퓨슈퍼에어핏마일드선크림노세범이엑스,(주)에이블씨엔씨,2022-03-04 00:00:00
2022003820,라자로트리플선크림,(주)비비케이지,2022-03-04 00:00:00
2022003883,아크웰솔라디펜스감초수선크림,(주)비앤에이치코스메틱,2022-03-07 00:00:00
2022003914,토니모리더쇼킹톤업쉴드선크림,(주)토니모리,2022-03-04 00:00:00
2022004092,레스모어엠오에이데일리선크림,주식회사메디컬오,2022-03-08 00:00:00
2022004118,닥터벨머유브이더마논코메도톤업선크림,(주)엘지생활건강,2022-03-08 00:00:00
2022004124,이케이맑은애플씨워터풀선크림,삼우생명과학주식회사,2022-03-08 00:00:00
2022004275,동인비선크림멀티퍼펙션,(주)한국인삼공사,2022-03-10 00:00:00
2022004331,식물나라산소수생기톤업수분선크림,씨제이올리브영(주),2022-03-11 00:00:00
2022004342,선크림멀티퍼펙션,(주)한국인삼공사,2022-03-11 00:00:00
2022004343,더마유어셀선크림,주식회사뷰티엔팩,2022-03-11 00:00:00
2022004434,벨벳화이트닝톤업선크림,주식회사코코앤코코,2022-03-14 00:00:00
2022004479,메디큐브딥콜라겐퍼밍선크림,주식회사에이피알,2022-03-14 00:00:00
2022004488,어나더스케줄카밍라이트선크림SPF50+PA++++,주식회사콤비네이션비,2022-03-14 00:00:00
2022004509,디피씨마일드디펜스유브이선크림,(주)엠에스코,2022-03-15 00:00:00
2022004686,테이지카밍선크림인사이프레스트,주식회사팀모먼트,2022-03-16 00:00:00
2022004699,제니스웰유브이프로텍션수딩선크림,(주)코리아나화장품,2022-03-16 00:00:00
2022004717,닥터스톤업선크림,주식회사닥터스코스메틱,2022-03-16 00:00:00
2022004748,닥터셀리오포인원뽀얀선크림,유앤미코스메틱,2022-03-16 00:00:00
2022004924,휴캄마일드톤업선크림,(주)웅진휴캄,2022-03-17 00:00:00
2022004925,초초스랩톤캡쳐선크림베이비핑크,(주)씨에스에이코스믹,2022-03-17 00:00:00
2022004956,유아이유에이유브이퍼펙트디펜스선크림,코스맥스(주),2022-03-17 00:00:00
2022005017,에버셀유브이퍼펙트유스선크림,(주)차바이오에프앤씨,2022-03-18 00:00:00
2022005118,아티오유니오운톤업선크림,주식회사아이디어앤아이디얼,2022-03-21 00:00:00
2022005384,하이드라케일에이드선크림,주식회사클로레인터내셔널,2022-03-23 00:00:00
2022005550,모담로즈에센스톤업유브이선크림,주식회사모담글로벌네이처,2022-03-25 00:00:00
2022005572,까우니스마이크로바이옴테카선크림,(주)드림리더,2022-03-25 00:00:00
2022005861,뉴랜드더마바디선크림,(주)뉴랜드올네이처,2022-03-30 00:00:00
2022005902,메드비데일리라이트톤업선크림에스피에프50+피에이+++,주식회사메드비,2022-03-31 00:00:00
2022005969,닥터오라클센텔라바이옴시카마일드선크림,오라클코스메틱(주),2022-03-31 00:00:00
2022005992,영유아용저자극선크림,주식회사일센치,2022-04-01 00:00:00
2022006015,루미네어365수퍼아쿠아선크림,주식회사어썸커머스,2022-04-01 00:00:00
2022006044,토니모리바이탈비타12톤업선크림,(주)토니모리,2022-04-01 00:00:00
2022006099,포을밸런스톤업선크림,(주)레이덱스,2022-04-04 00:00:00
2022006125,바이애콤퓨어카밍시카선크림,주식회사데이랩스,2022-04-04 00:00:00
2022006152,더마팩토리무기자차마일드선크림,(주)제이엘벤처스,2022-04-05 00:00:00
2022006180,뮬365수퍼아쿠아선크림,주식회사어썸커머스,2022-04-05 00:00:00
2022006194,자담유큐바이옴올블럭선크림,(주)코스네이처,2022-04-05 00:00:00
2022006201,길라에잇티트리시카엑스트라카밍선크림,주식회사길라에잇,2022-04-05 00:00:00
2022006213,플루데일리라이트워터풀선크림,(주)지본코스메틱,2022-04-05 00:00:00
2022006236,퍼스트랩프로바이오틱에어벨벳선크림,일동제약(주),2022-04-05 00:00:00
2022006251,엘뷰티모이스트톤업펄선크림,(주)해피엘앤비,2022-04-06 00:00:00
2022006276,바이퓨어센스티브선크림,(주)스킨팜,2022-04-06 00:00:00
2022006280,바이퓨어센스티브선크림,스킨메디코리아,2022-04-06 00:00:00
2022006289,화사수분선크림,(주)바이오시엠,2022-04-06 00:00:00
2022006306,쓰리에스테라피톤업선크림,로뎀메딕,2022-04-06 00:00:00
2022006420,라벨라마일드퍼펙트셀케어선크림,주식회사 피코셀,2022-04-08 00:00:00
2022006432,너리쉬파슬리캄그린선크림,주식회사아시아비엔씨,2022-04-08 00:00:00
2022006583,베로베네유브이톤업멀티선크림,(주)해피엘앤비,2022-04-11 00:00:00
2022006688,참인셀프레스티지선크림,(주)참존,2022-04-13 00:00:00
2022006704,더샘어반에코골든베리씨톤업선크림,(주)더샘인터내셔날,2022-04-13 00:00:00
2022006721,베로미래데일리유브이디펜스선크림,(주)해피엘앤비,2022-04-13 00:00:00
2022006737,웜리토들러선크림마일드솔루션SPF50+PA++++,(주)아이브이지,2022-04-13 00:00:00
2022006739,어나더스케줄카밍라이트선크림에스피에프50+피에이++++,주식회사콤비네이션비,2022-04-13 00:00:00
2022006813,그라코스365이지선크림,(주)더뮤즈,2022-04-14 00:00:00
2022006909,올데이케어펩타인바이옴선크림,(주)스와니코코,2022-04-15 00:00:00
2022006986,엑소더마실키선크림,주식회사더클라세움,2022-04-16 00:00:00
2022007005,쌔뮤데일리바이탈라이즈선크림,주식회사쌤시크코스메틱,2022-04-18 00:00:00
2022007073,닥터원진유브이더블컷선크림,(주)뷰티스킨,2022-04-18 00:00:00
2022007082,순수자아유브이프로텍션선크림SPF50+PA++++,(주)순수자아,2022-04-18 00:00:00
2022007084,힐시드스타라이트톤업선크림,힐시드,2022-04-18 00:00:00
2022007168,밀크바오밥베이비앤키즈논나노미네랄선크림,태남생활건강(주),2022-04-19 00:00:00
2022007171,하멜비건릴리프워터에센스선크림,(주)바른플랜,2022-04-19 00:00:00
2022007315,포뮬리에베네핏포어스선크림,(주)씨피코스메틱,2022-04-21 00:00:00
2022007369,하니술레스모어엠오에이데일리선크림,주식회사메디컬오,2022-04-21 00:00:00
2022007387,유이크바이옴레미디마일드선크림,주식회사지놈앤컴퍼니,2022-04-22 00:00:00
2022007633,메디쥬얼리선크림더멀티디펜더더마에센스,주식회사에스티제이,2022-04-26 00:00:00
2022007707,이다야리프렉터톤업선크림,지닉,2022-04-26 00:00:00
2022007737,엔알디유브이프로텍트마일드선크림,(주)이노보떼,2022-04-26 00:00:00
2022007780,더말란스비타플러스선크림,(주)양스코스메틱,2022-04-28 00:00:00
2022007824,닥터펩티트셀내추럴선크림,에스엘코스메틱주식회사,2022-04-28 00:00:00
2022007861,퍼펙트유브이선크림,(주)에스제이엠코스메틱,2022-04-28 00:00:00
2022007867,더바이옴아쿠아선크림,주식회사해밀리헬스,2022-04-29 00:00:00
2022007868,라마지코와인선크림,주식회사뷰티풀스마일,2022-04-29 00:00:00
2022007878,아요델알로에베라미백톤업선크림,(주)에스제이엠코스메틱,2022-04-29 00:00:00
2022007938,라에스테셀디펜샷톤업선크림,(주)이희앤코,2022-05-02 00:00:00
2022007948,톰티트토트안탄데마일드선크림에스피에프50+피에이++++,바이더랩팩토리주식회사,2022-05-02 00:00:00
2022007950,삼도씨쿨버디선크림,(주)연세코스메틱,2022-05-02 00:00:00
2022007953,수풀비건징크무기자차선크림,주식회사드래곤리퍼블릭,2022-05-02 00:00:00
2022007976,이솔호라이즌선크림,(주)이솔,2022-05-03 00:00:00
2022007987,메이크나인슈퍼라이트모이스춰선크림,주식회사코스존,2022-05-03 00:00:00
2022008005,닥터미라클시카마일드리얼선크림,주식회사 더에이블랩,2022-05-03 00:00:00
2022008019,편강율진정선크림,주식회사편강한방피부과학연구소,2022-05-03 00:00:00
2022008042,세니떼프레쉬카밍선크림,(주)코리아나화장품,2022-05-03 00:00:00
2022008051,웬즈데이10일브라이트닝앰플유브이커튼선크림,웬즈데이랩,2022-05-04 00:00:00
2022008149,지포스인텐스케어라이트웨잇선크림,(주)해피엘앤비,2022-05-04 00:00:00
2022008161,바이프레쉬까멜리아프로텍션선크림,(주)에스투인터코스,2022-05-04 00:00:00
2022008162,캄모멘트리35.3떼르말세라마이드선크림,주식회사그린슈타인,2022-05-04 00:00:00
2022008178,벨라몬스터더마솔루션마일드선크림,(주)세라젬,2022-05-04 00:00:00
2022008188,벨라몬스터유브이컷솔루션선크림,(주)세라젬,2022-05-04 00:00:00
2022008230,로로벨모과선크림,주식회사로로벨,2022-05-06 00:00:00
2022008319,이니스프리히알루론수분선크림,(주)이니스프리,2022-05-09 00:00:00
2022008341,이니스프리마일드시카무기자차선크림,(주)이니스프리,2022-05-09 00:00:00
2022008426,본트리베리에센스무기자차핑크톤업선크림,(주)본트리,2022-05-10 00:00:00
2022008478,수이스킨착한들국화선크림,(주)씨엠에스랩,2022-05-10 00:00:00
2022008499,리코셀유브이쉴드프로레포츠선크림,아이준주식회사,2022-05-11 00:00:00
2022008511,리코셀유브이쉴드프로데일리앤마일드선크림,아이준주식회사,2022-05-11 00:00:00
2022008593,제이숲클린제이어성초마일드선크림SPF50+PA++++,(주)제이숲,2022-05-12 00:00:00
2022008595,제이숲클린제이어성초수분선크림SPF50+PA++++,(주)제이숲,2022-05-12 00:00:00
2022008601,제이숲클린제이어성초톤업선크림SPF50+PA++++,(주)제이숲,2022-05-12 00:00:00
2022008608,베실로니아이펙티브마일드프로선크림,(주)리안코스메틱스,2022-05-12 00:00:00
2022008635,하라셀퍼펙팅블루컷선크림,에이치씨메드,2022-05-12 00:00:00
2022008698,시슨드시바다를살리는선크림,주식회사시슨드시,2022-05-13 00:00:00
2022008764,오브베이스헬로우써니데이즈선크림,주식회사아이썸코리아,2022-05-16 00:00:00
2022008860,말랑코코퍼펙트유브이선크림에스피에프47피에이+++,(주)아쿠아렉스,2022-05-16 00:00:00
2022009117,에뿌진정선크림,주식회사베로베코스메틱,2022-05-19 00:00:00
2022009119,마이미골드헬씨핑크선크림에스피에프50+피에이+++,씨앤오코스메틱,2022-05-19 00:00:00
2022009134,편강율키즈앤베이비촉촉선크림,주식회사편강한방피부과학연구소,2022-05-19 00:00:00
2022009190,소민유브이에센스워터풀톤업선크림,투썸즈업,2022-05-20 00:00:00
2022009202,쥬디메르안티선에이지멜라토닌선크림톤업,(주)셀아이콘랩,2022-05-20 00:00:00
2022009263,쥬디메르안티선에이지멜라토닌선크림내추럴,(주)셀아이콘랩,2022-05-23 00:00:00
2022009331,엘앤브이라벤더오가닉톤업선크림,(주)해피엘앤비,2022-05-23 00:00:00
2022009358,에이에이치씨세이프온에센스선크림SPF50+PA++++,(주)카버코리아,2022-05-23 00:00:00
2022009380,아요델내추럴알로에베라프리미엄화이트톤업선크림,(주)에스제이엠코스메틱,2022-05-24 00:00:00
2022009412,로핸스멀티선크림,(주)셀젠,2022-05-24 00:00:00
2022009417,오션워터핏선크림,한국화장품(주),2022-05-24 00:00:00
2022009429,스킨민트닥터콜라겐365데이즈선크림,(주)에스겔코스메틱,2022-05-24 00:00:00
2022009545,드롭더밤드롭더선브렐라선크림,(주)드롭더밤,2022-05-26 00:00:00
2022009607,퍼펙트유브이에이유브이비선크림스킨케어젤,(주)제주사랑농수산,2022-05-27 00:00:00
2022009697,제이엠솔루션네이처센텔라선크림,(주)지피클럽,2022-05-30 00:00:00
2022009700,비비르시카선크림,(주)비비르,2022-05-31 00:00:00
2022009795,엘로엘스킨프로텍션선크림,주식회사모노글로트홀딩스,2022-05-31 00:00:00
2022009813,올오버시카선크림,대상웰라이프(주),2022-05-31 00:00:00
2022009903,리셀바이포스트레이선크림,(주)이노진,2022-06-02 00:00:00
2022009931,바세린데일리선케어데일리선크림SPF50+PA++++,유니레버코리아(주),2022-06-02 00:00:00
2022010014,레시피박스멀티액션톤업선크림,주식회사마인드마이너,2022-06-03 00:00:00
2022010102,시카리페어선크림,주식회사이레코스메틱,2022-06-07 00:00:00
2022010122,릴리베베데일리선크림SPF30PA++++,(주)미팩토리,2022-06-07 00:00:00
2022010149,지키미선크림,(주)엘케이파트너스아이엔씨,2022-06-07 00:00:00
2022010243,하우링크선크림,(주)비씨엘,2022-06-08 00:00:00
2022010302,더마토리프로트러블슈퍼징크마일드선크림,(주)클리오,2022-06-08 00:00:00
2022010697,씨엔에프워터리선크림화이트닝,주식회사씨엔에프,2022-06-14 00:00:00
2022010714,씨엔에프워터리선크림링클케어,주식회사씨엔에프,2022-06-14 00:00:00
2022010716,씨엔에프워터리선크림트리플,주식회사씨엔에프,2022-06-14 00:00:00
2022010775,산심명윤수선크림,한국화장품(주),2022-06-14 00:00:00
2022010854,바쿠나일리로선크림,주식회사메디코,2022-06-15 00:00:00
2022010857,바쿠나일리로선크림,주식회사메디코,2022-06-15 00:00:00
2022010875,엘리스랩퍼펙트멀티선크림에스피에프50+피에이++++(지성용),두선코스매틱(주),2022-06-15 00:00:00
2022010899,엘리스랩퍼펙트멀티선크림에스피에프50+피에이++++(건성용),두선코스매틱(주),2022-06-15 00:00:00
2022011053,생앤선크림,(주)한솔바이오텍,2022-06-17 00:00:00
2022011113,더보이보이데일리판테놀리페어선크림,주식회사신미글로벌,2022-06-17 00:00:00
2022011120,더보이보이데일리프로바이오캡슐선크림,주식회사신미글로벌,2022-06-17 00:00:00
2022011130,더보이보이데일리워터풀아쿠아선크림,주식회사신미글로벌,2022-06-17 00:00:00
2022011230,은율랩모이스처선크림SPF50+PA++++,(주)방앗간화장품,2022-06-20 00:00:00
2022011255,비러브카밍선크림,주식회사베로베코스메틱,2022-06-21 00:00:00
2022011315,과일나라알로에베라모이스처리얼수딩선크림,(주)웰코스,2022-06-22 00:00:00
2022011392,생앤톤업선크림,(주)한솔바이오텍,2022-06-22 00:00:00
2022011400,굿앤닥데일리퍼펙트선크림,(주)바이오시엠,2022-06-23 00:00:00
2022011430,넬라하얀눈광채발효톤업선크림,(주)플래닛보떼,2022-06-23 00:00:00
2022011491,피에르테트리플케어선크림,(주)에이피,2022-06-24 00:00:00
2022011684,햇빛지우개선크림,주식회사세븐그라운드,2022-06-28 00:00:00
2022011728,멜락신티엑스기미케어선크림,주식회사브랜드501,2022-06-28 00:00:00
2022011829,더보습수딩톤업선크림,주식회사더보습랩,2022-06-29 00:00:00
2022011989,아보리덤편백유브이선크림,주식회사파머스그레인코리아,2022-07-01 00:00:00
2022012027,파스코하이프로텍션루미넌스선크림,주식회사엘엠에이씨,2022-07-04 00:00:00
2022012087,디에이지레드애디션프리미엄선크림,(주)참존,2022-07-04 00:00:00
2022012102,더마픽스리얼콜라겐텐션업선크림,주식회사 제이엘씨인터내셔날,2022-07-04 00:00:00
2022012215,디오프러스유브이디펜스선크림,(주)오브이코스(OVCOS),2022-07-06 00:00:00
2022012290,리셀유브이엑스퍼트리쥬베네이트선크림,주식회사제이케이코스메틱,2022-07-06 00:00:00
2022012336,에바끌레르마운틴선크림,주식회사에바끌레르화장품,2022-07-07 00:00:00
2022012424,시카울트라선크림,에스앤비코리아 주식회사,2022-07-08 00:00:00
2022012509,바비유더모프로텍션울트라선블록선크림,에스엘코스메틱주식회사,2022-07-11 00:00:00
2022012511,소수덤그린마일드업선크림,에스엘코스메틱주식회사,2022-07-11 00:00:00
2022012533,바비유프로텍션콜라겐톤업선크림,에스엘코스메틱주식회사,2022-07-11 00:00:00
2022012546,수오가닉그린티워터혼합자차저자극선크림,주식회사 수오가닉,2022-07-11 00:00:00
2022012563,편강율키즈앤베이비모이스처선크림,주식회사편강한방피부과학연구소,2022-07-11 00:00:00
2022012777,닥터하레마리유자비타데일리선크림,(주)뷰리클,2022-07-13 00:00:00
2022013058,더보이보이데일리프로바이오솔루션선크림,주식회사신미글로벌,2022-07-15 00:00:00
2022013096,몰바니트리플디펜스데일리선크림,주식회사올디브,2022-07-15 00:00:00
2022013103,로메르프라임트러플셀리페어브라이트닝선크림,주식회사에스페라,2022-07-15 00:00:00
2022013204,메이린선크림,주식회사블랑드비,2022-07-19 00:00:00
2022013390,뷰스타무기자차핑크톤업마일드선크림,(주)씨앤씨앤,2022-07-20 00:00:00
2022013394,도라핑크베이스톤업선크림,(주)해피엘앤비,2022-07-20 00:00:00
2022013423,비알티씨마일드선크림,(주)아미코스메틱,2022-07-21 00:00:00
2022013529,아이앤립티트리선크림,주식회사 뷰티넷코리아,2022-07-22 00:00:00
2022013599,인텐스모이스춰라이징선크림,메디젠코스메틱,2022-07-22 00:00:00
2022013747,이지폴드원플립아이스카밍선크림,주식회사명성에이앤티,2022-07-25 00:00:00
2022013748,모니끄미앙하이프로텍션루미넌스선크림,주식회사엘엠에이씨,2022-07-25 00:00:00
2022013799,비더스킨세범제로알로에라이스비건선크림,(주)리베코스,2022-07-26 00:00:00
2022013813,씨케이디그린프로폴리스파운데이션프리선크림,종근당건강(주),2022-07-26 00:00:00
2022013843,봄아토선크림,(주)봄트레이딩,2022-07-28 00:00:00
2022013850,레디플러스22퍼센트부스티드선크림,(주)헤세드바이오,2022-07-27 00:00:00
2022014208,닥터방기원지노모공케어선크림,주식회사코스니즈,2022-08-01 00:00:00
2022014340,제니알톤업선크림,(주)아덴인터내셔널,2022-08-03 00:00:00
2022014520,캠퍼스블라썸복숭아톤업선크림,코스모블라썸주식회사,2022-08-06 00:00:00
2022014568,예그리나선크림,(주)예그리나,2022-08-08 00:00:00
2022014569,에스엠케이비비선크림,(주)홀인원코스메틱,2022-08-08 00:00:00
2022014642,지투케이선크림,윤슬메디,2022-08-09 00:00:00
2022014973,고원마일드톤업선크림,한얼,2022-08-12 00:00:00
2022015153,유마인케이선크림,(주)바이오시엠,2022-08-17 00:00:00
2022015300,하우스오브파라파라다이스토닝선크림,하우스오브파라,2022-08-18 00:00:00
2022015687,동안레시피유브이디렉터순한무기자차톤업선크림,주식회사 해그린바이오,2022-08-23 00:00:00
2022015733,로나스워터풀그린선크림,(주)로나스코스메틱,2022-08-24 00:00:00
2022015832,소수덤프로텍션톤업선크림,주식회사폼인더스트리,2022-08-25 00:00:00
2022016004,스킨푸드유브이베리어스킨핏선크림,주식회사스킨푸드,2022-08-29 00:00:00
2022016761,프리더마세리내츄럴유브이선크림,(주)해피바이오,2022-09-08 00:00:00
2022016771,믹순스킨핏수분선크림,주식회사파켓,2022-09-07 00:00:00
2022016910,믹순실드핏퓨어선크림,주식회사파켓,2022-09-08 00:00:00
2022016939,멀티블록선크림,수다이바이오테크놀로지주식회사,2022-09-08 00:00:00
2022016940,워터프레쉬선크림,수다이바이오테크놀로지주식회사,2022-09-08 00:00:00
2022017076,나인리스이센셜즈유브이쉴드수딩선크림,주식회사제이씨엔컴퍼니,2022-09-13 00:00:00
2022017229,은율랩릴리프선크림SPF50+PA++++,(주)방앗간화장품,2022-09-16 00:00:00
2022017375,폴메디슨딥레드톤업선크림,(주)더블유비스킨,2022-09-20 00:00:00
2022017408,선글로스무기자차선크림,(주)대단한친구들,2022-09-20 00:00:00
2022017456,아이앤립퓨어퍼펙션내추럴선크림,주식회사 뷰티넷코리아,2022-09-21 00:00:00
2022017491,닥터방기원퍼스널톤업선크림01로지,주식회사코스니즈,2022-09-21 00:00:00
2022017539,엠디스픽무향자차수분선크림,주식회사딥런,2022-09-22 00:00:00
2022017581,쓰리워즈에잇레터스수딩워터리선크림,주식회사씨앤씨플래닛,2022-09-22 00:00:00
2022017837,라보페페넬라겐톤업선크림,주식회사스타스테크,2022-09-26 00:00:00
2022018018,아누아어성초실키모이스처선크림,주식회사더파운더즈,2022-09-29 00:00:00
2022018264,산심미백설톤업선크림,한국화장품(주),2022-10-05 00:00:00
2022018434,엘랩코스더퍼펙트에디션올인원선크림,(주)엘슈퍼비젼,2022-10-07 00:00:00
2022018524,엔비베베베베앤키즈선크림,주식회사피텐,2022-10-11 00:00:00
2022018832,레이데이마데퓨어아쿠아선크림에스피에프50+피에이+++,씨앤오코스메틱,2022-10-14 00:00:00
2022018894,제스더마칸나비스리쥬버네이팅톤업선크림,퍼스트인글로벌 주식회사,2022-10-17 00:00:00
2022018929,스킨푸드베리진정선크림,주식회사스킨푸드,2022-10-17 00:00:00
2022018940,메디필비타민알엑스에센스선크림,주식회사스킨이데아,2022-10-17 00:00:00
2022018946,스킨푸드베리수분선크림,주식회사스킨푸드,2022-10-17 00:00:00
2022018950,스킨푸드베리생기선크림,주식회사스킨푸드,2022-10-17 00:00:00
2022019057,올르내추럴에코선크림,주식회사 아이피아코스메틱,2022-10-18 00:00:00
2022019098,에스쁘아워터스플래쉬선크림프레쉬시카,(주)에스쁘아,2022-10-18 00:00:00
2022019241,해바비건선크림,(주)파코메리,2022-10-20 00:00:00
2022019360,에스룸멀티선크림,(주)교원헬스케어,2022-10-24 00:00:00
2022019377,드루썬발라콜라겐선크림SPF50+PA++++,조윤코스텍,2022-10-24 00:00:00
2022019404,트리마이유브이프로텍션선크림SPF50+PA++++,주식회사바움코스,2022-10-24 00:00:00
2022019427,아크네스3초진정선크림,맨소래덤아시아퍼시픽주식회사,2022-10-25 00:00:00
2022019507,닥터방기원퍼스널톤업선크림02베이지,주식회사코스니즈,2022-10-26 00:00:00
2022019557,스킨52모이스처라이저선크림,주식회사스킨52,2022-10-26 00:00:00
2022019618,프리티스킨다이아몬드퓨어핑크톤업선크림,(유)프리티스킨인터내셔널,2022-10-27 00:00:00
2022019660,인텐큐어쉴드플러스선크림,(주)메디안스,2022-10-27 00:00:00
2022019731,엑소좀오로라하리선크림,지니에스,2022-10-28 00:00:00
2022020274,베누코네츄럴톤업노세범선크림SPF50+PA++++,씨앤오코스메틱,2022-11-07 00:00:00
2022020328,린선크림,(주)베스트이노베이션,2022-11-08 00:00:00
2022020333,메디힐비타마이드잡티선크림,엘앤피코스메틱(주),2022-11-08 00:00:00
2022020598,모리아마일드선크림,바이더랩,2022-11-10 00:00:00
2022020784,수네드데일리케어선크림,주식회사 찬슬,2022-11-14 00:00:00
2022020819,수네드데일리케어선크림,주식회사 찬슬,2022-11-14 00:00:00
2022020891,그린핑거야외놀이워셔블선크림,유한킴벌리(주),2022-11-16 00:00:00
2022021290,셀티아라브라이트닝톤업선크림,이레코스텍주식회사,2022-11-21 00:00:00
2022021305,에스쁘아워터스플래쉬선크림세라마이드,(주)에스쁘아,2022-11-22 00:00:00
2022021381,칼라선크림,(주)해피타임,2022-11-22 00:00:00
2022021694,부케가르니나드데일리선크림,(주)브리드비인터내셔널,2022-11-25 00:00:00
2022021717,티르티르마스크핏선크림,주식회사티르티르,2022-11-25 00:00:00
2022022356,피에이치하비1그램선크림시카세븐,피에이치하비주식회사,2022-11-29 00:00:00
2022022417,홀리카홀리카레스온스킨비건쉴드무기자차선크림,엔프라니주식회사,2022-11-29 00:00:00
2022022615,후르디아왓츠롱헬프시카덤선크림,(주)웰코스,2022-11-30 00:00:00
2022022616,엘라비에멜라리턴선크림,(주)휴메딕스,2022-11-30 00:00:00
2022022964,린선크림,(주)베스트이노베이션,2022-12-01 00:00:00
2022023059,제주허브브라이트닝선크림,농업회사법인주식회사제주인디,2022-12-01 00:00:00
2022023573,셀블룸펩타이드비타톤업선크림,(주)동구바이오제약,2022-12-05 00:00:00
2022023659,더보이보이올데이스무딩케어선크림,주식회사신미글로벌,2022-12-05 00:00:00
2022023800,엑시스와이안녕스트레스무기자차선크림버전3,아시아마스터트레이드주식회사,2022-12-06 00:00:00
2022023814,다임샤이닝유브이쉴드선크림,(주)메이포레,2022-12-06 00:00:00
2022023873,비플레인선뮤즈톤업앤코렉팅선크림,주식회사모먼츠컴퍼니,2022-12-06 00:00:00
2022023874,비플레인선뮤즈모이스처선크림,주식회사모먼츠컴퍼니,2022-12-06 00:00:00
2022024354,코스모랩화이트닝앤톤업선크림,(주)정코스메틱,2022-12-08 00:00:00
2022024502,릴릴나인세컨드에어포뮬라선크림,주식회사리와인드랩,2022-12-09 00:00:00
2022024653,비웨어비건톤업선크림,(주)에뛰드,2022-12-09 00:00:00
2022024872,텐제로브라이트닝유자선크림,(주)아트페이스,2022-12-12 00:00:00
2022024993,포켓톤업선크림,주식회사유리코스,2022-12-12 00:00:00
2022025145,텐제로그린캐비어선크림,(주)아트페이스,2022-12-13 00:00:00
2022025360,가비모이스처선크림,주식회사베로니넥서스,2022-12-14 00:00:00
2022025813,티엔그린핑거포레스트마일드카밍선크림,유한킴벌리(주),2022-12-15 00:00:00
2022025814,티엔그린핑거포레스트워터리에센스선크림,유한킴벌리(주),2022-12-15 00:00:00
2022025835,메이크프렘유브이디펜스미워터리캡슐선크림,(주)매그니프,2022-12-15 00:00:00
2022025839,릴리스선가드화이트닝선크림,주식회사블리스본,2022-12-15 00:00:00
2022025843,텐제로블래미쉬시카선크림,(주)아트페이스,2022-12-15 00:00:00
2022025854,메이크프렘유브이디펜스미노세범선크림,(주)매그니프,2022-12-15 00:00:00
2022025856,클리어줄렌클린선크림,주식회사코스멘토코리아,2022-12-15 00:00:00
2022025873,블리브유콜라겐바운싱선크림,서린컴퍼니(주),2022-12-15 00:00:00
2022026421,셀블룸히알루론모이스처에센스선크림,(주)동구바이오제약,2022-12-21 00:00:00
2022026555,에스까다브라이트닝선크림,에스까다코스메틱(주),2022-12-22 00:00:00
2022026597,프랜더마허벌라벤더아쿠아선크림,주식회사 프랜더마,2022-12-23 00:00:00
2022026619,프랜더마보태니컬가든선크림,주식회사 프랜더마,2022-12-23 00:00:00
2022026643,저자극새싹패밀리무기자차선크림,주식회사포유컴퍼니,2022-12-23 00:00:00
2022027020,쿤달데일리워터풀모이스처선크림,주식회사더스킨팩토리,2022-12-27 00:00:00
2022027142,하우리에이치리나데일리선크림,케이시엘(KCL)무역,2022-12-28 00:00:00
2022027177,마이스킨솔로지세라피토신에어리선크림,주식회사엔에프씨,2022-12-28 00:00:00
2022027180,아브카베이비앤키즈아토저자극무기자차선크림,주식회사에이치피씨앤컴퍼니,2022-12-28 00:00:00
2022027181,팜스테이티트리바이옴카밍선크림,(주)명인화장품,2022-12-28 00:00:00
2022027355,릴랙시아에센셜모이스처선크림,한국화장품(주),2022-12-29 00:00:00
2022027374,올데이케어시카앤센텔라선크림,(주)스와니코코,2022-12-30 00:00:00
2022027377,토코보비타톤업선크림,주식회사픽톤,2022-12-30 00:00:00
2022027393,벨로코이화이트톤업바디선크림에스피에프50+피에이+++,바이더랩팩토리주식회사,2022-12-30 00:00:00
2023000029,화이트리고움투인원비비선크림21호라이트베이지,주식회사파마누코,2023-01-02 00:00:00
2023000108,브이티시카선크림,(주)브이티코스메틱,2023-01-02 00:00:00
2023000195,프레마베엑토인수분선크림,라스타,2023-01-03 00:00:00
2023000230,에스트라더마유브이365레드진정톤업선크림,(주)아모레퍼시픽,2023-01-03 00:00:00
2023000305,비플레인선뮤즈무기자차선크림,주식회사모먼츠컴퍼니,2023-01-04 00:00:00
2023000308,루비이에센스톤업선크림,(주)승건코스메틱스,2023-01-04 00:00:00
2023000324,아미니데일리선크림,(주)아미니,2023-01-05 00:00:00
2023000361,에스트라더마유브이365장벽수분무기자차선크림,(주)아모레퍼시픽,2023-01-04 00:00:00
2023000581,메디쥬얼리선크림더리얼유비컷더마에센스,주식회사에스티제이,2023-01-05 00:00:00
2023000656,보니힐퍼펙트모이스처라이징마일드선크림,(주)뷰애드,2023-01-05 00:00:00
2023000659,아브카베이비앤키즈저자극무기자차선크림,주식회사에이치피씨앤컴퍼니,2023-01-05 00:00:00
2023000707,몽디에스엑설런트선크림에스피에프30피에이+++,(주)360퍼스펙티브,2023-01-05 00:00:00
2023000725,아브카톤업노세범무기자차선크림,주식회사에이치피씨앤컴퍼니,2023-01-05 00:00:00
2023000941,제니케일리더화이트플라워톤업선크림,제니케일리(주)(Jenniekaylee Inc.),2023-01-06 00:00:00
2023000973,앰플엔솔라샷피치톤업선크림,(주)코리아나화장품,2023-01-06 00:00:00
2023000974,앰플엔솔라샷징크마일드선크림,(주)코리아나화장품,2023-01-06 00:00:00
2023000976,앰플엔솔라샷워터선크림,(주)코리아나화장품,2023-01-06 00:00:00
2023001041,깔론드보떼아쿠아에센스선크림,깔론드보떼주식회사,2023-01-06 00:00:00
2023001054,플로디카워터멜론모이스처선크림,(주)셀트리온스킨큐어,2023-01-06 00:00:00
2023001422,아토앤오투베이비선크림SPF30PA+++,(주)라오가닉,2023-01-10 00:00:00
2023001461,비프리벨벳티스킨선크림,주식회사이커머스플레이어,2023-01-09 00:00:00
2023001622,메디올가서퍼알로하데일리선크림,오가닉포에버주식회사,2023-01-10 00:00:00
2023001662,메디올가서퍼쿨라워터프루프선크림,오가닉포에버주식회사,2023-01-10 00:00:00
2023002049,싸이닉엔조이파데스킵톤업선크림,십일번가주식회사,2023-01-11 00:00:00
2023002166,마녀공장판테카밍선크림,(주)마녀공장,2023-01-11 00:00:00
2023002185,에이코스매직퍼펙트글로우업선크림,(주)베스트이노베이션,2023-01-11 00:00:00
2023002422,유브이데일리수분선크림,(주)웃는생각컴퍼니,2023-01-12 00:00:00
2023002424,도화가인쌀겨선크림,주식회사코리엘,2023-01-12 00:00:00
2023002442,화이트리고움투인원비비선크림23호내추럴베이지,주식회사파마누코,2023-01-12 00:00:00
2023002446,야팩프리미엄선크림,(주)아름다운맘,2023-01-12 00:00:00
2023002476,리즈코코유브이락선브리즈선크림,리즈메이드,2023-01-12 00:00:00
2023002521,디폰데시그니처오리진선크림,플러스엑스주식회사,2023-01-12 00:00:00
2023002549,잇츠스킨파워10포뮬라브이씨톤업선크림,(주)잇츠한불,2023-01-12 00:00:00
2023002550,잇츠스킨파워10포뮬라엘아이파데프리선크림,(주)잇츠한불,2023-01-12 00:00:00
2023002602,오초석잠마이핏톤업선크림,(주)크리네이처,2023-01-12 00:00:00
2023003669,지클레더클리닉엑토인프로텍티브선크림,주식회사코임컴퍼니,2023-01-17 00:00:00
2023003727,해서린스팟케어히솝선크림,주식회사디와이디,2023-01-17 00:00:00
2023003862,마녀공장파데프리선크림모이스처,(주)마녀공장,2023-01-17 00:00:00
2023004021,누씨오워터리부활초선크림SPF50+PA++++,주식회사하우파파,2023-01-17 00:00:00
2023004042,에투왈아이선크림SPF50+PA++++,(주)아마란스,2023-01-17 00:00:00
2023004101,제이엠솔루션청광마린진주선크림플러스,(주)지피클럽,2023-01-17 00:00:00
2023004135,뉴라덤인텐시브선크림,(주)메디톡스,2023-01-18 00:00:00
2023004136,달바워터풀글로우톤업선크림,주식회사달바글로벌,2023-01-18 00:00:00
2023004494,라엘뷰티미라클클리어스킨핏무기자차선크림,주식회사라엘코리아,2023-01-18 00:00:00
2023004921,더마펌수딩리페어토닝선크림알포,(주)더마펌,2023-01-19 00:00:00
2023005281,화이트리고움히알루론산수분선크림,주식회사파마누코,2023-01-25 00:00:00
2023005321,프리티스킨데일리바디앤페이스선크림,(유)프리티스킨인터내셔널,2023-01-25 00:00:00
2023005362,바이오믹유브이엠선크림,주식회사코스마이징,2023-01-25 00:00:00
2023005543,비욘드데일리디펜스카밍선크림,(주)엘지생활건강,2023-01-25 00:00:00
2023005545,닥터벨머유브이더마시카수분선크림,(주)엘지생활건강,2023-01-25 00:00:00
2023005566,피캄워터베리어선크림,(주)라이프위드코퍼레이션,2023-01-25 00:00:00
2023005670,성분에디터그린토마토포어블러링선크림,주식회사올리브인터내셔널,2023-01-26 00:00:00
2023005755,에이치매지컬비타민선크림,이스터너생명과학(주),2023-01-26 00:00:00
2023005757,에이치매지컬비타민선크림,이스터너생명과학(주),2023-01-26 00:00:00
2023005801,프리티스킨하이드라비파이브선크림,(유)프리티스킨인터내셔널,2023-01-26 00:00:00
2023005806,비욘드데일리디펜스톤업선크림,(주)엘지생활건강,2023-01-26 00:00:00
2023005830,깔론드보떼아쿠아에센스선크림,깔론드보떼주식회사,2023-01-26 00:00:00
2023005983,히알시카토탈모이스처10디선크림,주식회사닥터스코스메틱,2023-01-30 00:00:00
2023006044,메디필콜라겐펩타이드9마일드수딩선크림,주식회사스킨이데아,2023-01-27 00:00:00
2023006072,텐제로딥아쿠아콜라겐선크림투엑스,(주)아트페이스,2023-01-27 00:00:00
2023006129,톤핏선비건수분선크림,한국화장품(주),2023-01-27 00:00:00
2023006368,구달맑은어성초진정무기자차선크림,(주)클리오,2023-01-30 00:00:00
2023006503,아임아쿠아히아루론엑스트라모이스트유브이선크림,(주)스킨애플,2023-01-30 00:00:00
2023006544,코스무라모닝서프라이즈올인원에센셜선크림,(주)세토파,2023-01-30 00:00:00
2023006669,니베아선영에이지페이스선크림,바이어스도르프코리아(유),2023-02-01 00:00:00
2023006832,스킨케어선크림,협동조합세종과학기술연구원,2023-01-31 00:00:00
2023006993,엘로엘모이스처선크림,주식회사모노글로트홀딩스,2023-02-02 00:00:00
2023006996,이지듀이엑스유브이컨트롤아웃도어선크림,(주)디엔코스메틱스,2023-01-31 00:00:00
2023007244,수아이레글로우필터선크림,주식회사엘씨드인터내셔널,2023-02-01 00:00:00
2023007389,비프루브마린순한무기자차선크림SPF50+PA++++,(주)코스모코스,2023-02-01 00:00:00
2023007394,에스트라더마유브이프로장벽수분이지워시선크림,(주)아모레퍼시픽,2023-02-01 00:00:00
2023007657,알엔더블유더레이아웃마일드선크림SPF50+PA+++,주식회사미립,2023-02-02 00:00:00
2023007704,비프루브마린무기자차마일드선크림SPF50+PA++++,(주)코스모코스,2023-02-02 00:00:00
2023007741,아임콜라겐톤업베이스유브이선크림,(주)스킨애플,2023-02-02 00:00:00
2023007772,프리티스킨더퓨어제주시카선크림,(유)프리티스킨인터내셔널,2023-02-02 00:00:00
2023007779,라멜린시카선크림,주식회사라멜린,2023-02-02 00:00:00
2023007781,비욘드엔젤아쿠아톤업선크림,(주)엘지생활건강,2023-02-02 00:00:00
2023007824,라멜린히알루로닉선크림,주식회사라멜린,2023-02-02 00:00:00
2023007959,마리엔메이비건프라이머글로우선크림SPF50+PA++++,에이드코리아컴퍼니주식회사,2023-02-02 00:00:00
2023009127,넘버즈인청초진정맑은물막선크림SPF50+PA++++,주식회사비나우,2023-02-07 00:00:00
2023009236,메디큐브콜라겐퍼밍선크림,주식회사에이피알,2023-02-08 00:00:00
2023009510,라센스로에큐어아쿠아마일드그린선크림,(주)김정문알로에,2023-02-09 00:00:00
2023009645,티트리시카엑스트라카밍선크림,주식회사길라에잇,2023-02-09 00:00:00
2023009722,자주웰니스진정선크림SPF50+PA++++,(주)신세계인터내셔날,2023-02-09 00:00:00
2023009742,자주웰니스워터풀선크림SPF50+PA++++,(주)신세계인터내셔날,2023-02-09 00:00:00
2023009841,자주웰니스톤업선크림SPF50+PA++++,(주)신세계인터내셔날,2023-02-09 00:00:00
2023009916,코이블룸글로우에센스선크림SPF50+PA++++,주식회사브랜드홀더,2023-02-10 00:00:00
2023010541,메디신스템셀더마쉴드펩타이드선크림,주식회사솔리두스팩토리,2023-02-13 00:00:00
2023010625,인워드시카모이스트선크림SPF50+PA++++,인워드주식회사,2023-02-14 00:00:00
2023010988,자작나무수분톤업선크림,서린컴퍼니(주),2023-02-15 00:00:00
2023011422,맥넬리어드벤스드레티놀유브이쉴드선크림,주식회사명동코스메틱,2023-02-16 00:00:00
2023011442,꽃을든남자수분진정선크림SPF50+PA++++,(주)코스모코스,2023-02-16 00:00:00
2023011443,꽃을든남자톤업베이스선크림SPF50+PA++++,(주)코스모코스,2023-02-16 00:00:00
2023011645,닥터힐러트래블러더블유스킨아우라톤업선크림,(주)엔오에이치제이,2023-02-17 00:00:00
2023011705,다보파데스킵톤업커버선크림,(주)넥슨화장품,2023-02-17 00:00:00
2023011723,엘레본유브이쉴드선크림,케이엔비앤에이치,2023-02-17 00:00:00
2023011762,비레디블루수분선크림,(주)아모레퍼시픽,2023-02-17 00:00:00
2023011862,유이크바이옴레미디수분선크림,주식회사지놈앤컴퍼니,2023-02-20 00:00:00
2023011983,후르디아톤업베이스선크림,(주)웰코스,2023-02-20 00:00:00
2023012022,에르띠50선크림,주식회사에르띠코리아,2023-02-20 00:00:00
2023012043,일리윤저자극무기자차선크림,(주)아모레퍼시픽,2023-02-20 00:00:00
2023012044,젤리스푼마일드선크림,주식회사에코더마랩,2023-02-20 00:00:00
2023012063,아브카올데이저자극모이스춰선크림,주식회사에이치피씨앤컴퍼니,2023-02-20 00:00:00
2023012081,바이퓨어센서티브선크림,스킨메디코리아,2023-02-20 00:00:00
2023012141,아틀리에비하와이워셔블선크림포패밀리,주식회사아틀리에비,2023-02-21 00:00:00
2023012162,블랙퍼스킨캄앤톤업선크림SPF50+PA+++,에스시티,2023-02-21 00:00:00
2023012196,에버셀유브이멀티디펜스선크림,(주)차바이오에프앤씨,2023-02-21 00:00:00
2023012371,닥터벨머유브이더마징크100무기자차선크림,(주)엘지생활건강,2023-02-22 00:00:00
2023012374,그란디디에다즐링홍차마일드선크림,부드와서울주식회사,2023-02-22 00:00:00
2023012400,비오엠아토선크림,주식회사레인보우,2023-02-22 00:00:00
2023012463,자이린콜라겐선크림,일양약품(주),2023-02-23 00:00:00
2023012477,누쏨비건톤업선크림,주식회사엔에스엘케이,2023-02-23 00:00:00
2023012524,어라운드미트루아쿠아선크림,(주)웰코스,2023-02-23 00:00:00
2023012573,더마쓰리선퓨어더마화이트닝톤업선크림,주식회사솔리두스팩토리,2023-02-24 00:00:00
2023012592,더마쓰리퍼펙트쉴드화이트닝톤업선크림,주식회사솔리두스팩토리,2023-02-24 00:00:00
2023012594,메디신울트라유브이엑스퍼트화이트닝톤업핏선크림,주식회사솔리두스팩토리,2023-02-24 00:00:00
2023012622,쿤달데일리라이트풀톤업선크림,주식회사더스킨팩토리,2023-02-24 00:00:00
2023012702,셀큐티스퍼펙트하이드레이션선크림,(주)피코스텍,2023-02-27 00:00:00
2023012748,캐처스수분선크림,(주)캐처스,2023-02-28 00:00:00
2023012777,톤핏선비건톤업선크림,한국화장품(주),2023-02-27 00:00:00
2023012778,더프트앤도프트유브이퍼펙션톤업선크림,(주)제너럴브랜즈,2023-02-27 00:00:00
2023012862,에스네이처아쿠아365유브이선크림,에스네이처,2023-02-28 00:00:00
2023012906,닥터앤코에어플라이무기선크림,(주)이엠에스트레이드,2023-02-28 00:00:00
2023012931,라라츄워터핏선크림,(주)라라츄,2023-02-28 00:00:00
2023012954,네이처리퍼블릭캐모마일카밍톤업선크림,(주)네이처리퍼블릭,2023-02-28 00:00:00
2023013024,라온메디핑크선크림,라온커머스주식회사,2023-02-28 00:00:00
2023013064,라라부스터칼라민톤업선크림,라라코리아인터내셔날(주),2023-02-28 00:00:00
2023013176,꽃을든남자선펀치톤업베이스선크림SPF50+PA++++,(주)코스모코스,2023-03-02 00:00:00
2023013241,꽃을든남자선펀치수분진정선크림SPF50+PA++++,(주)코스모코스,2023-03-02 00:00:00
2023013263,한스킨히알루론릴리프워터선크림,(주)셀트리온스킨큐어,2023-03-02 00:00:00
2023013341,미프유브이쉴드선크림,(주)라이프스타일프로젝트,2023-03-02 00:00:00
2023013441,싸이닉엔조이올라운드워터리선크림,십일번가주식회사,2023-03-03 00:00:00
2023013561,더블유스킨아우라톤업선크림,(주)엔오에이치제이,2023-03-03 00:00:00
2023013723,셀렌덤메이크업트리플선크림,나이더스이앤앰,2023-03-06 00:00:00
2023013732,센텔리안24마데카더마쉴드세이프선크림,동국제약주식회사,2023-03-06 00:00:00
2023013733,모이스처데일리선크림,주식회사필킨,2023-03-06 00:00:00
2023013930,이자녹스엘엑스뉴비타래스팅스무딩선크림,(주)엘지생활건강,2023-03-07 00:00:00
2023014004,로벡틴인텐스모이스처선크림,알엘에이피(주),2023-03-07 00:00:00
2023014029,오투에니원헤일로아우라밀키톤업라이트선크림,주식회사스완코스메틱,2023-03-07 00:00:00
2023014088,로젤라선크림,(주)바이오제닉스,2023-03-07 00:00:00
2023014124,브리넥스트수분선크림,주식회사골든페리,2023-03-07 00:00:00
2023014224,헤이네이처어성초데일리선크림,(주)헤이네이처,2023-03-08 00:00:00
2023014269,한스킨리얼컴플렉션히알루론릴리프워터선크림,(주)셀트리온스킨큐어,2023-03-09 00:00:00
2023014275,휴캄자작나무수분앰플선크림,(주)웅진휴캄,2023-03-09 00:00:00
2023014347,닥터블레딕카밍페어선크림,주식회사레이블코스메틱,2023-03-09 00:00:00
2023014390,케이알랩밀키톤업선크림,(주)뷰애드,2023-03-09 00:00:00
2023014489,심플리스틱선크림머스트,주식회사심플리스틱,2023-03-10 00:00:00
2023014518,베니베키유브이프로텍터선크림,주식회사디티엠코스,2023-03-10 00:00:00
2023014543,비욘드엔젤키즈이지워시선크림,(주)엘지생활건강,2023-03-10 00:00:00
2023014587,바이오믹유브이엠글로우톤업선크림,주식회사코스마이징,2023-03-12 00:00:00
2023014605,바이오믹유브이엠틴티드톤업선크림,주식회사코스마이징,2023-03-12 00:00:00
2023014606,바이오믹유브이엠피치블룸톤업선크림,주식회사코스마이징,2023-03-12 00:00:00
2023014662,밀크터치스노우톤필터선크림01베이비피치,주식회사올리브인터내셔널,2023-03-13 00:00:00
2023014664,밀크터치스노우톤필터선크림02오로라퍼플,주식회사올리브인터내셔널,2023-03-13 00:00:00
2023014665,밀크터치스노우톤필터선크림03내추럴옐로우,주식회사올리브인터내셔널,2023-03-13 00:00:00
2023014675,엑소리쥬브라이트닝선크림,주식회사  롬코스,2023-03-13 00:00:00
2023014708,제이엠솔루션더마케어세라마이드선크림,(주)지피클럽,2023-03-13 00:00:00
2023014719,밀크터치서양송악아쿠아선크림,주식회사올리브인터내셔널,2023-03-13 00:00:00
2023014769,아이스트유브이디펜스티24톤업선크림,주식회사 한국비엔씨,2023-03-14 00:00:00
2023014801,휴캄자작나무수분앰플선크림,(주)웅진휴캄,2023-03-14 00:00:00
2023014804,리쥬란바이옴힐러유스포뮬러선크림,(주)파마리서치,2023-03-14 00:00:00
2023014920,토니모리유브이마스터키즈앤맘무기자차마일드선크림,(주)토니모리,2023-03-15 00:00:00
2023014936,브리웨이브워터프루프선크림,주식회사골든페리,2023-03-14 00:00:00
2023014973,프랭클리시카해선크림,주식회사더쿠키,2023-03-15 00:00:00
2023014993,앤유즈소원선크림,앤유즈,2023-03-15 00:00:00
2023015031,이더앤니더모이스처릴리프선크림,주식회사블루존와이드,2023-03-15 00:00:00
2023015167,예쁘리자작나무히알루론카밍선크림SPF50+PA++++,(주)물들임,2023-03-16 00:00:00
2023015194,닥터리본엔케이멀티프로텍션유브이톤업선크림,유한책임회사닥터리본,2023-03-16 00:00:00
2023015227,에이지투웨니스글로우핏톤업선크림,애경산업(주),2023-03-17 00:00:00
2023015271,유니앤코어하이드레이팅래디언스선크림SPF50PA+++,주식회사유니앤코어,2023-03-17 00:00:00
2023015421,마일드시카무기자차선크림,주식회사유니크오브제,2023-03-20 00:00:00
2023015493,꽃을든남자선펀치순한무기자차선크림SPF50+PA++++,(주)코스모코스,2023-03-21 00:00:00
2023015516,라즈베리휘핑톤업선크림,주식회사코링코,2023-03-21 00:00:00
2023015535,비원츠스킨핏에센스수분선크림,에이치케이이노엔(주),2023-03-21 00:00:00
2023015570,버뮤다선크림,주식회사버뮤다코리아,2023-03-21 00:00:00
2023015578,비알티씨마일드핑크톤업선크림,(주)아미코스메틱,2023-03-22 00:00:00
2023015633,폴메디슨유브이프로텍터선크림,(주)더블유비스킨,2023-03-22 00:00:00
2023015666,루비퀸로터스메이크업선크림,(주)아주화장품,2023-03-23 00:00:00
2023015883,셀라뷰셀룰라좀선크림,(주)바이오코스(Biocos),2023-03-27 00:00:00
2023015896,셀라뷰셀룰라좀선크림,(주)바이오코스(Biocos),2023-03-27 00:00:00
2023015945,리얼워터부스터선크림,(주)브리스킨,2023-03-28 00:00:00
2023015955,벤튼시카수분선크림,(주)벤튼,2023-03-28 00:00:00
2023015989,더마렉스삼중기능성선크림,주식회사디펜스,2023-03-28 00:00:00
2023016130,제로시피아토바이옴선크림,케이엠제약(주),2023-03-30 00:00:00
2023016135,브리스킨리얼워터부스터선크림,(주)브리스킨,2023-03-30 00:00:00
2023016150,오래선쉴드톤업선크림,(주)제이앤제이코스텍,2023-03-30 00:00:00
2023016303,해움선크림,주식회사레인보우,2023-04-03 00:00:00
2023016378,스니키톤업선크림,애경산업(주),2023-04-04 00:00:00
2023016406,유브이쉴드에센스선크림,더나임피부과학,2023-04-04 00:00:00
2023016418,툴지선크림SPF43PA++,(주)화진화장품,2023-04-04 00:00:00
2023016448,쁘띠꾸숑톤업바디선크림,라온커머스주식회사,2023-04-04 00:00:00
2023016450,테라피토에이벨테라피토마일드선크림,(주)카보엑스퍼트,2023-04-04 00:00:00
2023016455,엔알디펩타이드볼륨선크림,(주)이노보떼,2023-04-04 00:00:00
2023016465,미와비촉촉무기자차선크림,뷰티오육일팔,2023-04-04 00:00:00
2023016467,아넬리유브이선크림,(주)제이앤제이코스텍,2023-04-04 00:00:00
2023016474,레포츠워터풀선크림,에스엘코스메틱주식회사,2023-04-04 00:00:00
2023016487,화이트리고움레포츠선크림,주식회사파마누코,2023-04-04 00:00:00
2023016499,닥터레이디네추럴퍼펙션선크림,에스엘코스메틱주식회사,2023-04-04 00:00:00
2023016501,바비유콜라겐펩타이드이엑스선크림,에스엘코스메틱주식회사,2023-04-04 00:00:00
2023016502,닥터디에이치오프리미엄안티유브이선크림,에스엘코스메틱주식회사,2023-04-04 00:00:00
2023016582,엘리샤코이올데이마일드선크림,에이치엘비생활건강주식회사,2023-04-05 00:00:00
2023016621,라빈케어이지에프글루타치온바쿠치올선크림,에스엘코스메틱주식회사,2023-04-06 00:00:00
2023016643,닥터블레딕콜라겐선크림,주식회사레이블코스메틱,2023-04-05 00:00:00
2023016646,오브제데일리수분선크림,주식회사어댑트,2023-04-05 00:00:00
2023016674,카텔리넷톤업선크림,에스엘코스메틱주식회사,2023-04-06 00:00:00
2023016683,알지오글루타치온톤업선크림,에스엘코스메틱주식회사,2023-04-06 00:00:00
2023016685,단하나안티유브이나이아신아마이드선크림,에스엘코스메틱주식회사,2023-04-06 00:00:00
2023016712,라멜린선크림,주식회사라멜린,2023-04-07 00:00:00
2023016734,포에버마이실키365선크림,주식회사디에코컴퍼니,2023-04-06 00:00:00
2023016739,우디브바오밥아쿠아선크림,에프엔지뷰티랩주식회사,2023-04-06 00:00:00
2023016765,모델로스프링톤업선크림,(주)모델로,2023-04-07 00:00:00
2023016882,한쉬인텐시브선크림,(주)비씨엘,2023-04-10 00:00:00
2023016894,다이브인워터리모이스처선크림,(주)토리든,2023-04-11 00:00:00
2023016918,세라베라아토마일드선크림,주식회사보틀그린,2023-04-10 00:00:00
2023016980,다이브인워터리모이스처선크림,(주)토리든,2023-04-11 00:00:00
2023016983,햄프케어랩핑크페퍼선크림,(주)세바바이오텍,2023-04-11 00:00:00
2023017038,오브베이스헬로우써니데이즈수분선크림,주식회사아이썸코리아,2023-04-12 00:00:00
2023017068,더마리본디알토닝액티브선크림,유스킨코리아,2023-04-12 00:00:00
2023017069,닌셀라펄샤이닝선크림투,주식회사 코타파,2023-04-12 00:00:00
2023017276,라우마벨바쿠치올히알루론에이치에이플러스비파이브선크림,에스엘코스메틱주식회사,2023-04-13 00:00:00
2023017318,미스블리스톤업페이셜선크림,조선글로벌,2023-04-13 00:00:00
2023017404,파넬시카마누마일드선크림,주식회사일레븐코퍼레이션,2023-04-13 00:00:00
2023017427,셀리맥스하트핑크톤업선크림,(주)앱솔브랩,2023-04-13 00:00:00
2023017456,나니조아올유퍼펙트플러스선크림,나니조아,2023-04-14 00:00:00
2023017460,슈레피선시티브마일드선크림,주식회사레페리,2023-04-14 00:00:00
2023017574,셀린저비건클린선크림에스피에프50+피에이++++,한솔생명과학(주),2023-04-14 00:00:00
2023017672,코코스워터리프레쉬선크림에스피에프50+피에이++++,제이본코스,2023-04-17 00:00:00
2023017674,다비다제로피니쉬커버업선크림,(주)코스리움,2023-04-18 00:00:00
2023017680,미스블리스퍼밍-토닝바디선크림,조선글로벌,2023-04-18 00:00:00
2023017696,코코스톤업노세범선크림에스피에프50+피에이++++,제이본코스,2023-04-17 00:00:00
2023017707,다비다제로피니쉬톤업선크림,(주)코스리움,2023-04-18 00:00:00
2023017709,아이소이슈퍼마일드카밍선크림,(주)자연인,2023-04-18 00:00:00
2023017758,나미래울트라프로텍션톤업스파선크림,(주)죠이라이프,2023-04-18 00:00:00
2023017907,그레이스바이리셀유브이엑스퍼트리쥬베네이트선크림,주식회사제이케이코스메틱,2023-04-19 00:00:00
2023018032,프랭클리화사해선크림,주식회사더쿠키,2023-04-20 00:00:00
2023018033,타임세이브드올인원선크림엑스트라,아마존인터내셔널,2023-04-20 00:00:00
2023018038,베로베네아쿠아선크림,(주)해피엘앤비,2023-04-20 00:00:00
2023018048,닥터방기원퍼스널톤업선크림2베이지,주식회사코스니즈,2023-04-20 00:00:00
2023018053,러블리씨씨픽미핑크스타선크림에스피에프50+피에이+++,주식회사셀러비티코리아,2023-04-20 00:00:00
2023018064,라니기로펭귄선크림50+,(주)코아시스컴퍼니,2023-04-20 00:00:00
2023018072,스킨에셋슈퍼프라임선크림,주식회사삼보화장품,2023-04-20 00:00:00
2023018079,메이크힐원피엘톤업선크림,주식회사메이크힐,2023-04-21 00:00:00
2023018080,비원츠스킨핏에센스톤업선크림,에이치케이이노엔(주),2023-04-21 00:00:00
2023018113,타임세이브드올인원선크림,아마존인터내셔널,2023-04-21 00:00:00
2023018192,더마오드유브이선크림,주식회사디와이글로벌코리아,2023-04-21 00:00:00
2023018237,뉴트리콜라겐화이트닝데일리메이크업선크림,헬킨바이오,2023-04-24 00:00:00
2023018248,밀포드바쿠치올데일리선크림,주식회사파이어웍스,2023-04-24 00:00:00
2023018348,큐리랩인텐시브브라이트닝선크림,주식회사큐리,2023-04-25 00:00:00
2023018427,닥터돌라글루타티온유브이톤업선크림,(주)이노보떼,2023-04-26 00:00:00
2023018428,더루시수퍼유브이선크림,(주)이노보떼,2023-04-26 00:00:00
2023018452,글로우톤업선크림에스피에프50+피에이+++,주식회사 에필로즈,2023-04-26 00:00:00
2023018454,에끌라두유브이밀크프로틴선크림에스피에프50+피에이+++,주식회사 에끌라두,2023-04-26 00:00:00
2023018455,에끌라두유브이콜라겐5000선크림에스피에프40피에이++,주식회사 에끌라두,2023-04-26 00:00:00
2023018466,베지톨로지포도꽃비니페린클린톤업선크림,주식회사아이엔지알,2023-04-26 00:00:00
2023018490,산삼나무선크림,주식회사시프트포,2023-04-26 00:00:00
2023018531,아임유자씨화이트닝선크림,(주)스킨애플,2023-04-27 00:00:00
2023018576,아베크엘뻬슈메종모모선크림,주식회사아베크엘,2023-04-27 00:00:00
2023018603,페페라페톤업선크림,주식회사피케이투코리아,2023-04-27 00:00:00
2023018642,디뮤클리어시카풀선크림,주식회사뷰템,2023-04-28 00:00:00
2023018665,르플라더리프촉촉진정선크림,주식회사블링크랩,2023-04-28 00:00:00
2023018672,비에이치바이옴톤업선크림,주식회사남유에프엔씨,2023-04-28 00:00:00
2023018727,벨루스브라이트닝톤업선크림,주식회사엘리지에(Elizie Inc.),2023-04-29 00:00:00
2023018949,플래니스트자색당근파하선크림,두리화장품(주),2023-05-03 00:00:00
2023019005,생그린데일리스마트선크림,(주)생그린,2023-05-03 00:00:00
2023019007,올브71유브이선케어톤업선크림,(주)차메디텍,2023-05-04 00:00:00
2023019116,모두바른키즈앤맘이지워시선크림,(주)아이비코,2023-05-04 00:00:00
2023019124,천수윤진선크림,주식회사 뉴트리오투,2023-05-04 00:00:00
2023019224,오아이브에어리톤업선크림,(주)올데이코스메틱,2023-05-08 00:00:00
2023019425,온더바디벨먼유브이아쿠아프로텍션선크림,(주)엘지생활건강,2023-05-09 00:00:00
2023019440,아카시아글루타티온선크림,(주)이노보떼,2023-05-09 00:00:00
2023019546,셀리메드셀링크스킨리플렉트이엑스선크림,주식회사레이블코스메틱,2023-05-10 00:00:00
2023019554,아템포마일드선크림,주식회사한양네트웍스,2023-05-10 00:00:00
2023019559,보만다시쿠아카밍선크림,콜마유엑스(주),2023-05-10 00:00:00
2023019574,뽀로로썸머에디션선크림,모린주식회사,2023-05-10 00:00:00
2023019644,뻬슈메종모모선크림,주식회사아베크엘,2023-05-11 00:00:00
2023019657,뷰이뷰이뤼미에르워터리선크림,(주)우신화장품,2023-05-11 00:00:00
2023019678,로벡틴아쿠아수딩선크림SPF50+PA++++,알엘에이피(주),2023-05-11 00:00:00
2023019704,닥터심와이에스케이콜라겐선크림,영산홍어(주),2023-05-11 00:00:00
2023019734,나딸이지워시마일드선크림,(주)바이오시엠,2023-05-12 00:00:00
2023019827,유브이엑스퀀텀머큐리데일리선크림,주식회사파워풀엑스,2023-05-12 00:00:00
2023020104,과일나라데일리앤마이패밀리선크림,(주)웰코스,2023-05-15 00:00:00
2023020264,더마티르애프터트러블선크림,주식회사티르티르,2023-05-15 00:00:00
2023020625,밸런스풀시카톤업선크림,(주)토리든,2023-05-16 00:00:00
2023020744,글로우몰리데일리래디언스톤업선크림,(주)동방코스메틱,2023-05-16 00:00:00
2023020826,로벡틴비타톤업선크림SPF50+PA++++,알엘에이피(주),2023-05-16 00:00:00
2023020947,바이알레시피데일리핏마일드선크림,주식회사맘슈머랩,2023-05-16 00:00:00
2023021027,유브이엑스퀀텀어스무기자차선크림,주식회사파워풀엑스,2023-05-16 00:00:00
2023021133,닥터에르제듀얼엑소좀선크림,(주)디베이스랩,2023-05-17 00:00:00
2023021345,화이트닝유브이프로텍션멀티선크림,(주)동방코스메틱,2023-05-17 00:00:00
2023021864,닥터아토데일리선크림,메디앙스(주),2023-05-18 00:00:00
2023022187,토니모리유브이마스터키즈앤맘무기자차마일드선크림비건,(주)토니모리,2023-05-19 00:00:00
2023022666,비건모이스처퓨어선크림,(주)리즈케이,2023-05-22 00:00:00
2023022699,제이퀸비타민톤업유브이선크림,(주)이노보떼,2023-05-22 00:00:00
2023022754,프랑스메담이지에프미인선크림,(주)씨앤엠코스메틱,2023-05-23 00:00:00
2023022757,브넬카밍데일리선크림,(주)서울화장품,2023-05-23 00:00:00
2023022806,한율어린쑥수분진정선크림,(주)아모레퍼시픽,2023-05-23 00:00:00
2023022856,유기농논나노무기자차선크림베이스,(주)에코먼트,2023-05-23 00:00:00
2023022868,네이처글로리선크림써니플러스,더굿브릿지주식회사,2023-05-24 00:00:00
2023022934,아리아나유브이데일리선크림,(주)아주화장품,2023-05-24 00:00:00
2023022945,씨드더마오리진칸나비스톤업선크림,지푸코리아주식회사,2023-05-24 00:00:00
2023022985,아임닥터데일리아쿠아선크림,나드리화장품(주),2023-05-25 00:00:00
2023023024,메디필유브이트리플실키선크림,주식회사스킨이데아,2023-05-25 00:00:00
2023023087,제로클라우드선크림,주식회사 뷰티넷코리아,2023-05-25 00:00:00
2023023225,하이드레이팅워터선크림,(주)그을린,2023-05-26 00:00:00
2023023236,코리아나마일드수딩선크림,(주)코리아나화장품,2023-05-26 00:00:00
2023023380,리바이포유패밀리워터풀선크림,주식회사에이치유지,2023-05-30 00:00:00
2023023456,레상스톤업선크림,(주)잉글우드랩코리아,2023-05-30 00:00:00
2023023520,미효담톤업선크림,(주)파머스그레인,2023-05-31 00:00:00
2023023524,포어수이엑스그린마일드콜라겐선크림,주식회사한스코스,2023-05-31 00:00:00
2023023664,바라선데이톤업선크림,바라뷰티,2023-06-01 00:00:00
2023023775,셀로맥스플라워유브이선크림,주식회사셀로맥스사이언스,2023-06-02 00:00:00
2023023864,카멜리아블러썸선크림,농업회사법인주식회사제주인디,2023-06-03 00:00:00
2023023892,앙쥬프로페셔널마일드시카톤업선크림에스피에프50+피에이+++50+,씨앤오코스메틱,2023-06-05 00:00:00
2023023947,선글로스2무기자차선크림,(주)대단한친구들,2023-06-05 00:00:00
2023024071,바론시에엑토인에센스선크림,주식회사아이디앤케이,2023-06-07 00:00:00
2023024131,디오프러스시그니처마일드카밍선크림,(주)오브이코스(OVCOS),2023-06-07 00:00:00
2023024205,멜라필비타민비선크림,주식회사루앤팍,2023-06-08 00:00:00
2023024266,플레라디자스민리커버리톤업선크림,(주)바이오코스텍,2023-06-08 00:00:00
2023024375,테디베어모이스트폴리샤인선크림,(주)비엔,2023-06-09 00:00:00
2023024387,더프레스카랩리바이탈유브이시카톤업선크림,주식회사오션스인터내셔널,2023-06-09 00:00:00
2023024399,제주닮동백톤업선크림,주식회사 제주닮,2023-06-09 00:00:00
2023024468,아쿠아글로우선크림,주식회사순바이오팜,2023-06-12 00:00:00
2023024481,오위르글로우선크림,주식회사한스코스,2023-06-12 00:00:00
2023024487,시크릿럽유브이마일드선크림,더에스제이메디코스메틱,2023-06-12 00:00:00
2023024717,이나벨로브라이튼카밍선크림,알리코제약(주),2023-06-14 00:00:00
2023024723,셀뮬러멀티프로텍션선크림,(주)은성글로벌,2023-06-14 00:00:00
2023024725,라피끄넘버8별난선크림,주식회사 라피끄글로벌,2023-06-14 00:00:00
2023024730,아하엘카바시카선크림,아쿠아그린텍(주),2023-06-14 00:00:00
2023024740,닥터블레딕콜라겐선크림지피,주식회사레이블코스메틱,2023-06-14 00:00:00
2023024828,닥터리본멀티프로텍션앰플선크림,유한책임회사닥터리본,2023-06-14 00:00:00
2023024894,디에이엑스인텐시브프로텍션선크림,(주)디에이바이오테크,2023-06-15 00:00:00
2023024913,리바이포유워터풀선크림,주식회사에이치유지,2023-06-15 00:00:00
2023024926,닥터리본멀티프로텍션앰플선크림,유한책임회사닥터리본,2023-06-15 00:00:00
2023024955,컬러비브블루워터카밍선크림,주식회사이든팜,2023-06-15 00:00:00
2023025004,더마쉐어비건워터풀비타민선크림,이리스,2023-06-16 00:00:00
2023025009,엑시스와이바이옴더블디펜스선크림,아시아마스터트레이드주식회사,2023-06-16 00:00:00
2023025205,시카카밍선크림,주식회사 뷰티넷코리아,2023-06-19 00:00:00
2023025206,바자르선크림,에스와이바자르주식회사,2023-06-19 00:00:00
2023025252,바자르선크림,에스와이바자르주식회사,2023-06-20 00:00:00
2023025291,엑소테놀유브이브라이트닝선크림,디오셀(주),2023-06-20 00:00:00
2023025362,제노시스울트라쉴드선크림,(주)디티에스엠지,2023-06-21 00:00:00
2023025434,트루아일랜드알래스카아쿠아히아루론선크림,(주)조이코스,2023-06-22 00:00:00
2023025586,바이타지선크림SPF50+PA++++,아이에스코스주식회사,2023-06-23 00:00:00
2023025662,이너프울트라엑스텐선크림SPF50PA+++,(주)이너프,2023-06-26 00:00:00
2023025670,이너프에잇펩타이드선크림SPF50PA+++,(주)이너프,2023-06-26 00:00:00
2023025682,애니선크림,조선글로벌,2023-06-26 00:00:00
2023025683,테라로직마데셀더마리페어비5선크림,주식회사닥터스코스메틱,2023-06-26 00:00:00
2023025728,랑끄워터소프트선크림,주식회사비요렛,2023-06-27 00:00:00
2023025751,랑끄에어소프트선크림,주식회사비요렛,2023-06-27 00:00:00
2023025788,뷰포트파이브스타스페셜선크림,(주)한솔바이오텍,2023-06-27 00:00:00
2023025833,클레루어모이스트톤업선크림,"주식회사더에이치큐(The HQ Co.,Ltd.)",2023-06-28 00:00:00
2023025849,엑소덤울트라카밍선크림,케이엘글로벌,2023-06-28 00:00:00
2023025884,닥터멜락신아스타잔틴기미미백캡슐선크림,주식회사브랜드501,2023-06-28 00:00:00
2023025934,딘시프리미엄비건마일드모이스트선크림,(주)유한양행,2023-06-30 00:00:00
2023025937,딘시프리미엄비건톤업선크림,(주)유한양행,2023-06-30 00:00:00
2023025970,토킹앤유스킨핏퓨어선크림,코스맥스(주),2023-06-29 00:00:00
2023026048,더스킨라파유브이퍼펙트선크림,제이앤비,2023-06-30 00:00:00
2023026072,입큰그린애플비건선크림SPF50+PA++++,이넬화장품(주),2023-06-30 00:00:00
2023026113,닥터바르고퍼스트에디션히알루로닉시카유브이선크림,주식회사한미생활건강,2023-06-30 00:00:00
2023026211,아넬리마일드선크림,아넬리(ANELY),2023-07-04 00:00:00
2023026217,에코팩토리무기자차데일리프로텍트선크림,(주)에코먼트,2023-07-04 00:00:00
2023026218,에델바이스콜라겐선크림,(주)제주사랑농수산,2023-07-06 00:00:00
2023026225,테스트선크림,(주)아쿠아렉스,2023-07-04 00:00:00
2023026236,허스텔러원더베지톤업선크림SPF50+PA++++,주식회사앙티브,2023-07-04 00:00:00
2023026255,허스텔러원더베지릴리프선크림SPF50+PA++++,주식회사앙티브,2023-07-04 00:00:00
2023026316,셀리진올데이퍼펙트선크림,피엠더블유글로벌 주식회사,2023-07-05 00:00:00
2023026382,로지로이내추럴톤업피니쉬선크림,(주)에이바이오머티리얼즈,2023-07-06 00:00:00
2023026407,핑크알로에쿨카밍선크림,글로본(주),2023-07-06 00:00:00
2023026414,코스미2엑스플러스콜라겐알부틴톤업선크림,(주)해피엘앤비,2023-07-06 00:00:00
2023026444,프란츠네이키드선쉴드펩타이드선크림,바이오센서연구소(주),2023-07-06 00:00:00
2023026580,다이아큐브티피선크림플러스,인타글리오(주),2023-07-07 00:00:00
2023026921,비큐셀더블프로텍터톤업선크림라이트바이올렛,(주)더마비큐셀,2023-07-12 00:00:00
2023026927,반코르포어쉴드선크림,일성 유한책임회사,2023-07-12 00:00:00
2023027070,오데어올데이마일드선크림,(주)엘엔티이(LNTE),2023-07-13 00:00:00
2023027627,케어놀로지토닝라이트업선크림,(주)닥터아임,2023-07-14 00:00:00
2023027900,비타10톤업선크림,유진프로덕트,2023-07-18 00:00:00
2023027949,물빛미글루타치온톤업선크림SPF50+PA++++,(주)퍼스트코스메틱,2023-07-18 00:00:00
2023027965,지니윰콜라겐샤인톤업선크림,주식회사갯뉴스킨코리아,2023-07-18 00:00:00
2023028100,와이에스골드다이아몬드안티유브이선크림,원뷰티코스메틱주식회사,2023-07-19 00:00:00
2023028111,스템포유유브이톤업선크림,주식회사스템포인트,2023-07-19 00:00:00
2023028118,데쥬벤트유브이디펜스톤업선크림,주식회사 데쥬벤트,2023-07-19 00:00:00
2023028124,다이아큐브에이피선크림플러스,인타글리오(주),2023-09-14 00:00:00
2023028139,아오와인텐큐어쉴드플러스선크림,(주)메디안스,2023-07-19 00:00:00
2023028233,닥터포요리얼선크림,에스엘코스메틱주식회사,2023-07-20 00:00:00
2023028624,셀루언스에이지리턴유브이퍼펙트선크림,㈜케이에이치,2023-07-21 00:00:00
2023028727,포어퍼펙트펑션즈선크림,"아름모아주식회사(ArumMore Co.,Ltd.)",2023-07-21 00:00:00
2023029969,비레디나이스웨더블루수분선크림,(주)아모레퍼시픽,2023-07-26 00:00:00
2023030207,랩포유멀티엑스리페어선크림,(주)랩포유,2023-07-27 00:00:00
2023030218,헤리에타스킨톤업선크림,(주)웰코스,2023-07-28 00:00:00
2023030571,라타플랑미나리진정선크림,주식회사제이피컴패니,2023-07-28 00:00:00
2023030719,라타플랑하얀쌀톤업선크림,주식회사제이피컴패니,2023-07-31 00:00:00
2023030857,닥터하레마리마일드유브이블록선크림,(주)뷰리클,2023-08-01 00:00:00
2023031246,헥사아라데일리프로텍션퓨어선크림,주식회사미립,2023-08-04 00:00:00
2023031273,닥터제이에스케이블루밍마일드선크림,㈜제이에스케이,2023-08-07 00:00:00
2023031370,담소울에브리데이톤업선크림,(주)여인은소담,2023-08-08 00:00:00
2023031410,리치워터선크림,주식회사피케이투코리아,2023-08-08 00:00:00
2023031444,그린브이블룸선크림,(주)피앤스토리,2023-08-08 00:00:00
2023031480,쉬가이아얼티메이트실드톤업선크림,주식회사가일라,2023-08-08 00:00:00
2023031534,미슈얼리선크림,주식회사바칸,2023-08-09 00:00:00
2023031562,로멘틱뷰티하이드레이팅선크림,주식회사재운코퍼레이션,2023-08-09 00:00:00
2023031609,시카티브아연선크림,(주)에이블씨엔씨,2023-08-10 00:00:00
2023031678,피어나셀카밍슈터선크림,(주)에이치엘씨그룹(H.L.C.GROUP),2023-08-10 00:00:00
2023031746,폴메디슨딥레드시카선크림,(주)더블유비스킨,2023-08-11 00:00:00
2023032043,이즈앤트리참마밀크톤업선크림,(주)이즈앤트리,2023-08-16 00:00:00
2023032157,사라팜레메디스그린티카밍선크림,(주)노블스컴,2023-08-17 00:00:00
2023032210,대라두부선크림,주식회사대라,2023-08-18 00:00:00
2023032250,더마쉐어비건콜라겐스킨선크림,이리스,2023-08-18 00:00:00
2023032252,크리스탈스킨비건콜라겐스킨선크림,이리스,2023-08-18 00:00:00
2023032270,큐라씨온락토케어선크림,(주)나인원코스메디,2023-08-18 00:00:00
2023032416,씨뉴랩더마올베리어퓨어앤모이스처라이징선크림,(주)한국기능성화장품연구센터,2023-08-21 00:00:00
2023032490,아르떼트리플액션비건선크림,닥터아르떼(Dr. Arte),2023-08-22 00:00:00
2023032533,케이레이디케어바쿠치올톤업선크림,에스엘코스메틱주식회사,2023-08-23 00:00:00
2023032577,하나마이블리스베리글로이스킨유브이쉴드선크림,(주)하나마이,2023-08-23 00:00:00
2023032578,아이오뜨프리미엄디앤에잇에센스선크림,주식회사 몽돌,2023-08-23 00:00:00
2023032592,팔미선크림,(주)해피타임,2023-08-23 00:00:00
2023032678,씨뉴랩더마올베리어퓨어모이스처라이징선크림,코스엘,2023-08-24 00:00:00
2023032749,료안선크림,에스알코스메틱주식회사,2023-08-25 00:00:00
2023032906,이이더블유나인씨씨앤선크림,씨엠컴퍼니글로벌,2023-08-28 00:00:00
2023033010,브링백체리블라썸블레미쉬8지에프톤업선크림,스마트라이프텍주식회사,2023-08-29 00:00:00
2023033206,퓨어덤옴므오일컨트롤선크림,씨앤텍 주식회사,2023-08-31 00:00:00
2023033289,세니지아와일드진생톤업선크림,(주)유니크미,2023-08-31 00:00:00
2023033345,포레덤브이식스선크림,주식회사포레덤,2023-09-01 00:00:00
2023033368,에센허브티트리마일드선크림,(주)아미코스메틱,2023-09-01 00:00:00
2023033524,에센허브티트리브라이트톤업선크림,(주)아미코스메틱,2023-09-05 00:00:00
2023033635,십장생천심선크림,로제화장품(주),2023-09-06 00:00:00
2023033769,케이레이디케어톤업선크림바쿠치올화이트닝,에스엘코스메틱주식회사,2023-09-07 00:00:00
2023034065,다니크유브이디펜스틴티드선크림,주식회사트레이드엑스,2023-09-11 00:00:00
2023034105,지케이스킨내추럴선크림,에스엘코스메틱주식회사,2023-09-12 00:00:00
2023034373,이호씨화이트에이톤업선크림,주식회사벨라씨앤씨,2023-09-15 00:00:00
2023034436,그린핑거야외놀이힘센선크림,유한킴벌리(주),2023-09-18 00:00:00
2023034520,보아코스킨액티브롤랑마일드카밍선크림,와이딥,2023-09-19 00:00:00
2023034787,평안아쿠아톤업선크림,(주)해피엘앤비,2023-09-21 00:00:00
2023034885,닥터로즈워터스플래쉬선크림로사하이브리드,(주)스킨팜,2023-09-22 00:00:00
2023034933,파화이트부스터톤업선크림SPF50+PA++++,디와이코스메틱,2023-09-22 00:00:00
2023035163,에스피에프50+이지에프센텔라시카앰플선크림포센시티브,주식회사온누리인터내셔널,2023-09-25 00:00:00
2023035404,프레쥬어성초에어리핏선크림,(주)에바스코스메틱,2023-09-26 00:00:00
2023035605,서울1988소나무선크림,주식회사케이시크릿,2023-09-27 00:00:00
2023035704,닌셀라펄샤이닝선크림원,주식회사 코타파,2023-10-04 00:00:00
2023035764,시카유브이그린안티폴루션선크림,주식회사바이포엠에프앤티,2023-10-05 00:00:00
2023035784,텐제로퍼펙트유브이선크림화이트토마토,(주)아트페이스,2023-10-05 00:00:00
2023035804,텐제로퍼펙트유브이선크림수딩알로에,(주)아트페이스,2023-10-05 00:00:00
2023036018,렉스리데일리선크림,㈜라피네제이,2023-10-10 00:00:00
2023036094,넘버에잇소프트글로우선크림,넘버에잇코스메틱,2023-10-10 00:00:00
2023036156,비건어스카밍선크림,주식회사성율코퍼레이션,2023-10-11 00:00:00
2023036485,셀메드유브이플렉스선크림,주식회사제이비케이랩,2023-10-12 00:00:00
2023036693,선글로스글로우업무기자차선크림,(주)대단한친구들,2023-10-13 00:00:00
2023036809,설화수상백선크림,(주)아모레퍼시픽,2023-10-16 00:00:00
2023036983,슈퐁톤업선크림,주식회사라피카,2023-10-17 00:00:00
2023037108,리얼베리어시카그린톤업선크림,(주)네오팜,2023-10-19 00:00:00
2023037158,더나은나3중기능성선크림,티씨엔코리아주식회사,2023-10-19 00:00:00
2023037258,한스킨누디씬톤업선크림,(주)셀트리온스킨큐어,2023-10-20 00:00:00
2023037436,오픈워크소프트마일드선크림,주식회사와이즐리컴퍼니,2023-10-24 00:00:00
2023037510,마녀공장히알루론하이드레이팅선크림,(주)마녀공장,2023-10-24 00:00:00
2023037585,원데이즈유시카밍마일드선크림,주식회사오유인터내셔널,2023-10-25 00:00:00
2023037587,원데이즈유프로바이타씨브라이트닝선크림,주식회사오유인터내셔널,2023-10-25 00:00:00
2023037737,델라루즈그린액티브데일리선크림,주식회사델라루즈코스메틱,2023-10-27 00:00:00
2023037752,오픈워크아쿠아에센스선크림,주식회사와이즐리컴퍼니,2023-10-27 00:00:00
2023037761,밀크터치서양송악판테놀톤필터선크림,주식회사올리브인터내셔널,2023-10-27 00:00:00
2023037819,피토트리화이트닝톤업선크림,주식회사 하디스,2023-10-30 00:00:00
2023037839,기도톤업선크림,아미스트리,2023-10-31 00:00:00
2023037956,한스라벨르프리미엄에스씨그린마일드선크림,주식회사한스코스,2023-10-31 00:00:00
2023038224,설화수상백톤업선크림,(주)아모레퍼시픽,2023-11-02 00:00:00
2023038252,구달맑은어성초진정수분톤업선크림,(주)클리오,2023-11-02 00:00:00
2023038643,아노딘카바카바카밍선크림,주식회사에스페라,2023-11-03 00:00:00
2023038923,덕히알엑스엠에스투선크림,주식회사더키,2023-11-08 00:00:00
2023038925,덕히알엑스에이치에스원선크림,주식회사더키,2023-11-08 00:00:00
2023038946,앱솔루트디펜스선크림,주식회사더마센트릭,2023-11-08 00:00:00
2023038979,오영멀티프로텍션선크림,주식회사오영비티,2023-11-08 00:00:00
2023038986,리얼베리어세라수분장벽선크림,(주)네오팜,2023-11-08 00:00:00
2023039001,쇼트웨이브유브이프로텍트레포츠프로선크림,엔아이피에프엔씨,2023-11-08 00:00:00
2023039010,프리티스킨더퓨어제주시카워터프루프선크림,(유)프리티스킨인터내셔널,2023-11-09 00:00:00
2023039137,기미선선크림,(주)박랩글로벌,2023-11-10 00:00:00
2023039270,베리즈글로우톤업선크림,주식회사서연컴퍼니,2023-11-13 00:00:00
2023039398,아이코코더마순한선크림,(주)에이치아이글로넷,2023-11-14 00:00:00
2023039413,마니아홀릭선크림,(주)퍼스트마켓,2023-11-15 00:00:00
2023039441,나르시아유브이에센셜선크림,(주)나르시피아,2023-11-15 00:00:00
2023039487,식물나라저자극페이스앤바디선크림,씨제이올리브영(주),2023-11-16 00:00:00
2023039584,비플레인선뮤즈톤업앤코렉팅매트선크림,주식회사모먼츠컴퍼니,2023-11-17 00:00:00
2023039779,연아이보리유자톤업선크림,주식회사연코스메틱,2023-11-21 00:00:00
2023039792,문캣스킨릴리프그린티선크림,카일라니인터내셔널,2023-11-21 00:00:00
2023039852,한샤인데일리모이스처프로텍팅선크림,한샤인코스메틱스,2023-11-23 00:00:00
2023039898,아로마더코스모스인증오가닉샹탈선크림,아로마더주식회사,2023-11-23 00:00:00
2023039994,식물나라워터프루프선크림,씨제이올리브영(주),2023-11-24 00:00:00
2023040047,에이지투웨니스스킨핏수분선크림플러스,애경산업(주),2023-11-24 00:00:00
2023040085,제이엠솔루션청광마린진주선크림펄,(주)지피클럽,2023-11-24 00:00:00
2023040109,바이오힐보프로바이오덤콜라겐에센스선크림,씨제이올리브영(주),2023-11-24 00:00:00
2023040265,쉬스킨내추럴스킨마일드유브이선크림,(주)이노보떼,2023-11-27 00:00:00
2023040428,247챠르광유브이선크림,주식회사뷰티엔팩,2023-11-29 00:00:00
2023040475,헤디슨마일드수분선크림,주식회사 아이피아코스메틱,2023-11-29 00:00:00
2023040522,프로다프리미엄선크림,주식회사빌리바이브,2023-11-30 00:00:00
2023040646,메디필피토시카놀비5카밍비건선크림,주식회사스킨이데아,2023-11-30 00:00:00
2023040806,예쁘다나이아신아마이드3선크림,주식회사오유인터내셔널,2023-12-01 00:00:00
2023040838,공주스킨비타유브이선크림,필레코리아,2023-12-04 00:00:00
2023040840,로얄스킨시카선크림,필레코리아,2023-12-04 00:00:00
2023040841,로얄스킨알로에선크림,필레코리아,2023-12-04 00:00:00
2023040842,로얄스킨히알루론산선크림,필레코리아,2023-12-04 00:00:00
2023040870,더페이스샵듀이래스팅톤업선크림,(주)엘지생활건강,2023-12-04 00:00:00
2023040887,미샤올어라운드제로비건선크림,(주)에이블씨엔씨,2023-12-04 00:00:00
2023040902,공주스킨비타유브이선크림,필레코리아,2023-12-04 00:00:00
2023040903,셀라피에이리페어데일리수딩선크림,(주)에이블씨엔씨,2023-12-04 00:00:00
2023040904,닥터셀라피피엔레이저수딩선크림,(주)에이블씨엔씨,2023-12-04 00:00:00
2023040958,아이코코톤업선크림,(주)에이치아이글로넷,2023-12-04 00:00:00
2023041026,센텔리안24마데카더마쉴드세이프수분선크림,동국제약주식회사,2023-12-06 00:00:00
2023041027,센텔리안24마데카더마쉴드세이프톤업선크림,동국제약주식회사,2023-12-06 00:00:00
2023041131,아쿠아이온플라즈마수분에센스선크림,주식회사브랜드501,2023-12-06 00:00:00
2023041138,닥터멜락신아쿠아이온플라즈마수분에센스선크림,주식회사브랜드501,2023-12-06 00:00:00
2023041139,닥터멜락신아쿠아이온플라즈마톤업에센스선크림,주식회사브랜드501,2023-12-06 00:00:00
2023041199,닥터딥카밍선크림,(주)미네랄하우스,2023-12-06 00:00:00
2023041252,제이준릴렉싱선크림,차에이아이헬스케어주식회사,2023-12-07 00:00:00
2023041283,팜스테이카렌듈라릴리프선크림,(주)명인화장품,2023-12-07 00:00:00
2023041286,더콜린워터러스터데일리선크림,주식회사비엔코,2023-12-07 00:00:00
2023041305,에비딘까멜리아마일드선크림,닥터블랭크,2023-12-07 00:00:00
2023041328,과일나라바세린모이스처내추럴유브이쉴드선크림,(주)웰코스,2023-12-07 00:00:00
2023041394,메이아일랜드히알루비5앰플드롭톤업선크림,(주)코코스랩,2023-12-08 00:00:00
2023041408,어시앙에이더블유선크림,주식회사앱스바이오,2023-12-08 00:00:00
2023041411,에이지랩스네일뮤신브라이트닝선크림,(주)코코스랩,2023-12-08 00:00:00
2023041442,멜드림베이비선크림,"주식회사긱(GIK CO.,LTD)",2023-12-08 00:00:00
2023041512,바이오힐보프로바이오덤콜라겐톤업선크림,씨제이올리브영(주),2023-12-11 00:00:00
2023041516,머지브이히알루론산무기자차톤업선크림,(주)미팩토리,2023-12-11 00:00:00
2023041591,더마팩토리비제로퓨어선크림,(주)제이엘벤처스,2023-12-11 00:00:00
2023041625,오띠릴리프데일리선크림SPF50+PA++++,(주)오띠인터내셔널,2023-12-12 00:00:00
2023041741,아티보그린리프카밍선크림,(주)코스메카코리아,2023-12-13 00:00:00
2023041779,메디필히알루론산물톡스마일드톤보정선크림,주식회사스킨이데아,2023-12-13 00:00:00
2023041864,머지브이히알루론산수분선크림,(주)미팩토리,2023-12-14 00:00:00
2023041891,샤인멀티선크림,(주)죠이라이프,2023-12-14 00:00:00
2023041908,달바수퍼모이스처에센스선크림,주식회사달바글로벌,2023-12-14 00:00:00
2023041910,팜알엑스알로에워터트리플비타쿨링선크림,(주)엘지생활건강,2023-12-15 00:00:00
2023041948,이즈앤트리어니언프레쉬플루이드선크림,(주)이즈앤트리,2023-12-15 00:00:00
2023042067,프리티스킨핑크톤업선크림,(유)프리티스킨인터내셔널,2023-12-18 00:00:00
2023042069,프리티스킨노세범선크림,(유)프리티스킨인터내셔널,2023-12-18 00:00:00
2023042128,에나덩키선크림,(주)우앤주,2023-12-18 00:00:00
2023042144,파믹슈퍼풀베지그린워터에센스톤업선크림,농업회사법인 주식회사 에이스팜,2023-12-18 00:00:00
2023042199,안젤리카모이스처라이저선크림,(주)해피엘앤비,2023-12-20 00:00:00
2023042204,더마겐화이트선크림,주식회사웰스팜텍,2023-12-19 00:00:00
2023042215,누니눈꽃아쿠아80슬로에이징선크림,(주)미미박스,2023-12-19 00:00:00
2023042348,디어클레어스올데이에어리무기자차선크림,위시컴퍼니(주),2023-12-20 00:00:00
2023042349,메디힐비타민씨브라이트닝선크림,엘앤피코스메틱(주),2023-12-21 00:00:00
2023042413,더블하트시어세이프선크림,더블하트(주),2023-12-21 00:00:00
2023042415,메디힐수분진정선크림,엘앤피코스메틱(주),2023-12-21 00:00:00
2023042417,메디힐수분톤업선크림,엘앤피코스메틱(주),2023-12-21 00:00:00
2023042474,라멜린수분데일리선크림,주식회사라멜린,2023-12-21 00:00:00
2023042483,라멜린에어핏워터리선크림,주식회사라멜린,2023-12-21 00:00:00
2023042485,맥넬리워터풀선크림,주식회사명동코스메틱,2023-12-21 00:00:00
2023042589,미하이스35포시즌워터선크림,(주)리노아,2023-12-22 00:00:00
2023042644,빛살아쿠아라이트에어핏선크림,주식회사코노브,2023-12-22 00:00:00
2023042689,프리티스킨데일리아쿠아선크림,(유)프리티스킨인터내셔널,2023-12-26 00:00:00
2023042697,뽀로로그린마일드선크림,모린주식회사,2023-12-26 00:00:00
2023042924,매스티나화이트매스틱톤업선크림,주식회사프롬바이오코스메틱,2023-12-26 00:00:00
2023043105,티엘스레드오렌지나이아신아마이드모이스처선크림,(주)네오팜,2023-12-27 00:00:00
2023043847,앤소드레디언트쉴드선크림,주식회사파나티스,2023-12-29 00:00:00
2024000025,메디필히알루론산물톡스밀착보송선크림,주식회사스킨이데아,2024-01-02 00:00:00
2024000102,에이솔루션히알루론수분마일드선크림,애경산업(주),2024-01-02 00:00:00
2024000121,에이솔루션비타씨수분톤업선크림,애경산업(주),2024-01-02 00:00:00
2024000141,로벡틴카밍연꽃수선크림SPF50+PA++++,알엘에이피(주),2024-01-03 00:00:00
2024000201,라운드어라운드컴포트그린티톤업선크림,씨제이올리브영(주),2024-01-04 00:00:00
2024000305,빛살아쿠아라이트프레시선크림,주식회사코노브,2024-01-02 00:00:00
2024000426,오쏘코스편백수분선크림,오에이오코스,2024-01-02 00:00:00
2024000582,맑은수분365비건선크림,주식회사어뮤즈코리아,2024-01-03 00:00:00
2024000583,베이지톤업365비건선크림,주식회사어뮤즈코리아,2024-01-03 00:00:00
2024000626,마몽드카밍샷아줄렌선크림,(주)아모레퍼시픽,2024-01-03 00:00:00
2024000639,숲의사랑피톤치드뉴트리셔스트리플선크림,(주)스킨헬스코스메틱,2024-01-03 00:00:00
2024000686,라운드어라운드컴포트그린티카밍선크림,씨제이올리브영(주),2024-01-04 00:00:00
2024000728,클리오듀얼톤업선크림,(주)클리오,2024-01-04 00:00:00
2024000805,아떼비건릴리프무기자차선크림,(주)엘에프(LF corp),2024-01-04 00:00:00
2024000861,오픈워크에어리톤업선크림,주식회사와이즐리컴퍼니,2024-01-05 00:00:00
2024000882,바이리즌비알안티링클선크림,휴젤주식회사,2024-01-05 00:00:00
2024000981,스팀베이스트레멜라수딩선크림,(주)허밍아비스,2024-01-05 00:00:00
2024001004,오미티드프레쉬라임결광수분선크림,주식회사벤처리스트,2024-01-05 00:00:00
2024001032,메노모소그린프로텍터선크림,주식회사오엠에스인터내셔날,2024-01-08 00:00:00
2024001047,닥터비움글루타시카아쿠아선크림,주식회사이노바인코리아,2024-01-08 00:00:00
2024001050,마리앤메이비건시카수딩선크림SPF50+PA++++,에이드코리아컴퍼니주식회사,2024-01-08 00:00:00
2024001205,메디메르시크릿럽유브이마일드선크림,더에스제이메디코스메틱,2024-01-09 00:00:00
2024001308,버드데이트패밀리러브선크림SPF50+PA++++,(주)버드데이트,2024-01-10 00:00:00
2024001322,퓨리피아메타바이옴에센스선크림,트루넥스 주식회사,2024-01-10 00:00:00
2024001343,아블리에마일드선크림,주식회사케이웨이컴퍼니,2024-01-10 00:00:00
2024001344,라타플랑미나리진정포어리스선크림,주식회사제이피컴패니,2024-01-10 00:00:00
2024001352,케이글로우선크림,헬킨바이오,2024-01-10 00:00:00
2024001363,플렉스킨히알스톰에이지리스루미너스선크림SPF50+PA++++,(주)올바른,2024-01-10 00:00:00
2024001373,제이엠솔루션청광마린선크림플러스,(주)지피클럽,2024-01-10 00:00:00
2024001386,후시다인더마트러블징크카밍선크림,동화약품(주),2024-01-10 00:00:00
2024001544,에뛰드순정디렉터톤업수정선크림,(주)에뛰드,2024-01-11 00:00:00
2024001611,라운드어라운드컴포트그린티수분선크림,씨제이올리브영(주),2024-01-11 00:00:00
2024001635,프리티스킨하이드라비파이브트리트먼트선크림,(유)프리티스킨인터내셔널,2024-01-12 00:00:00
2024001732,프리마크블루캡슐모이스처선크림,자민경(주),2024-01-12 00:00:00
2024001786,디디선크림,주식회사부스터스,2024-01-12 00:00:00
2024001822,에이에이치씨마스터즈멜라프로텍트워터풀선크림,(주)카버코리아,2024-01-15 00:00:00
2024001933,식물나라뽀얀쌀생기톤업수분선크림,씨제이올리브영(주),2024-01-15 00:00:00
2024001934,식물나라뽀얀쌀생기톤업커버선크림,씨제이올리브영(주),2024-01-15 00:00:00
2024001941,그리놀리지선크림,한국콜마(주),2024-01-15 00:00:00
2024002018,베베코올데이선크림,주식회사베베코,2024-01-16 00:00:00
2024002021,더샘유브이퍼펙션세이프베리어선크림,(주)더샘인터내셔날,2024-01-16 00:00:00
2024002035,비더마마일드모이스처선크림,(주)클레오스랩,2024-01-16 00:00:00
2024002264,프리티스킨멀티하이드라비파이브오일컨트롤선크림,(유)프리티스킨인터내셔널,2024-01-17 00:00:00
2024002328,단하나워터풀에센스선크림,주식회사 다이아,2024-01-17 00:00:00
2024002381,그리고프리미엄톤업선크림,주식회사디자이너스랩,2024-01-17 00:00:00
2024002382,비야프리미엄톤업선크림,주식회사디자이너스랩,2024-01-17 00:00:00
2024002393,프랜다르울트라알로에쿨링선크림,프랜다르,2024-01-17 00:00:00
2024002461,코씨루미나톤업선크림,주식회사알딩,2024-01-18 00:00:00
2024002466,온더바디벨먼유브이배리어퍼펙트선크림,(주)엘지생활건강,2024-01-18 00:00:00
2024002548,프리마크그린캡슐카밍선크림,자민경(주),2024-01-18 00:00:00
2024002552,프리마크블루캡슐모이스처선크림,자민경(주),2024-01-18 00:00:00
2024002708,환한브라이트닝선크림,(주)유에스티,2024-01-19 00:00:00
2024002714,비햅슬로우차가수분선크림,주식회사율라오,2024-01-19 00:00:00
2024002748,노엘로힐스스킨베리어선크림,주식회사세손,2024-01-19 00:00:00
2024002781,플리브미비건마일드플러스선크림,플리브,2024-01-19 00:00:00
2024002787,브링그린티트리시카프레시선크림,씨제이올리브영(주),2024-01-19 00:00:00
2024002873,다비다케이글로우선크림,헬킨바이오,2024-01-22 00:00:00
2024002933,에딧비선데이노세범선크림,(주)삐아,2024-01-22 00:00:00
2024002943,바이탈라이징로즈마리수분장벽선크림,(주)아로마티카,2024-01-22 00:00:00
2024002990,러븀대나무히알루론산수분선크림,주식회사뭉클,2024-01-22 00:00:00
2024002998,키넬프리미엄선가드콜리플라워데일리선크림,주식회사에이에프에스,2024-01-22 00:00:00
2024003003,에이지제로안티링클비건바쿠치올톤업선크림,(주)카이트코리아,2024-01-23 00:00:00
2024003122,키넬빙하수수분촉촉모이스처마일드선크림,주식회사에이에프에스,2024-01-23 00:00:00
2024003125,로우퀘스트베리어인핸싱선크림,라이온코리아주식회사,2024-01-23 00:00:00
2024003261,텐제로퍼펙트유브이바디선크림선샤인알로에,(주)아트페이스,2024-01-23 00:00:00
2024003321,시코르글로우인핸싱선크림글로우핑크,(주)신세계,2024-01-24 00:00:00
2024003441,모델로로우이리턴트리페어선크림,(주)모델로,2024-01-23 00:00:00
2024003542,티암비쓰리나이아신선크림,주식회사파이어웍스,2024-01-24 00:00:00
2024004002,저스트스킨어성초리바이탈에너지선크림,(주)메디앤리서치,2024-01-25 00:00:00
2024004021,데쥬벤트데일리유브이디펜스선크림,주식회사 데쥬벤트,2024-01-25 00:00:00
2024004262,브링그린대나무히알루수분선크림,씨제이올리브영(주),2024-01-25 00:00:00
2024005002,메디힐수분유브이컷선크림,엘앤피코스메틱(주),2024-01-29 00:00:00
2024005025,메이크프렘글로우베이지톤업선크림,(주)매그니프,2024-01-29 00:00:00
2024005026,메이크프렘수딩핑크톤업선크림,(주)매그니프,2024-01-29 00:00:00
2024005561,아크웰아쿠아클리니티선크림,(주)비앤에이치코스메틱,2024-01-30 00:00:00
2024005563,제이엠솔루션더블쉴드선크림,(주)지피클럽,2024-01-30 00:00:00
2024005663,비아이펙트수분에센스선크림100,주식회사뷰티인아시아,2024-01-30 00:00:00
2024005672,메이아일랜드브라이트닝유브이에센셜톤업선크림,(주)코코스랩,2024-01-30 00:00:00
2024005713,허니집아쿠아라이트선크림,주식회사신미글로벌,2024-01-31 00:00:00
2024005741,무신사스탠다드액티브워터프루프선크림,주식회사무신사,2024-01-30 00:00:00
2024005841,에필로우내추럴글로우누드톤업선크림,주식회사리바이탈랩,2024-01-30 00:00:00
2024005972,마로한더마인텐시브케어선크림,동안(주),2024-02-02 00:00:00
2024006078,션리리프레싱선크림,(주)신안코스메틱,2024-02-01 00:00:00
2024006142,베이스킨워터풀듀이선크림,(주)에바커머스,2024-02-02 00:00:00
2024006147,룰루뷰엔케이셀유브이엑티브톤업선크림,주식회사라콘,2024-02-02 00:00:00
2024006162,이호워터풀시카톤업선크림,주식회사미소피네,2024-02-02 00:00:00
2024006163,비더마틱이지워시선크림,(주)이폴리움,2024-02-02 00:00:00
2024006252,비오엠파데프리톤커버선크림,주식회사비스타릿,2024-02-05 00:00:00
2024006267,어네이브비건선크림,(주)쁘띠엘린,2024-02-05 00:00:00
2024006273,비알티씨액티브맥스쉴드선크림,(주)아미코스메틱,2024-02-05 00:00:00
2024006317,메디필바이오인텐스글루타치온멜라토닝선크림,주식회사스킨이데아,2024-02-05 00:00:00
2024006359,더토마토선크림,(주)리베코스,2024-02-06 00:00:00
2024006389,리프레쉬북극빙하젤듀얼캡슐선크림,(주)뷰티피플인터내셔널,2024-02-06 00:00:00
2024006590,시코르글로우인핸싱선크림아이시블루,(주)신세계,2024-02-08 00:00:00
2024006605,베타시토스테롤시카데일리프로텍션선크림,주식회사케이라라,2024-02-07 00:00:00
2024006634,데저트프리캑타이드배리어선크림,뷰티블러바드,2024-02-08 00:00:00
2024006793,씨스터앤에어핏선크림,주식회사브이티피엘,2024-02-13 00:00:00
2024006901,3더블유클리닉콜라겐앤럭셔리골드워터-풀세럼선크림,(주)한국자이화장품,2024-02-14 00:00:00
2024006918,데미에르플라워부스팅선크림,주식회사제이투코스메틱,2024-02-14 00:00:00
2024006953,아임쏘리포마이스킨락토아쿠아선크림,주식회사얼트루,2024-02-14 00:00:00
2024006989,라센스로에큐어워터스플래쉬쿨링선크림,(주)김정문알로에,2024-02-15 00:00:00
2024006996,아토엔비선크림,주식회사 퓨엔,2024-02-15 00:00:00
2024007027,아토엔비선크림,주식회사 퓨엔,2024-02-15 00:00:00
2024007123,시크릿플라워콜라겐선크림,주식회사이든팜,2024-02-16 00:00:00
2024007124,이너프콜라겐쓰리엑스모이스처선크림SPF50+PA++++,(주)이너프,2024-02-16 00:00:00
2024007201,온더바디퓨어더마마일드모이스처선크림,(주)엘지생활건강,2024-02-16 00:00:00
2024007212,참랩아쿠아카밍선크림,(주)한생바이오,2024-02-16 00:00:00
2024007330,에르쯔틴에어리토닝선크림,(주)에르쯔틴,2024-02-19 00:00:00
2024007381,천비화선디브워터풀세럼선크림,주식회사벨리투아,2024-02-19 00:00:00
2024007392,디화이트유브이수분선크림,주식회사아르느보화장품,2024-02-19 00:00:00
2024007475,라타플랑별꽃비타톤업선크림,주식회사제이피컴패니,2024-02-20 00:00:00
2024007663,헤베선크림,(주)레디언스,2024-02-20 00:00:00
2024007883,선티크아임포시즌핸드선크림,(주)노멀리스트,2024-02-21 00:00:00
2024007884,비클티-아크선크림,주식회사바이알케미,2024-02-21 00:00:00
2024008384,비히디비건카밍오션리페어선크림,주식회사비히디,2024-02-22 00:00:00
2024008402,올리셀유브이프로텍션선크림,(주)메종드올리비아,2024-02-22 00:00:00
2024008425,오믹셀인진쑥선크림,(주)제이앤피네이처,2024-02-22 00:00:00
2024008513,코스메틱오케스트라에센셜선크림,주식회사코스메틱오케스트라,2024-02-22 00:00:00
2024008542,딘시프리미엄비건액티비티선크림,(주)유한양행,2024-02-22 00:00:00
2024008668,아리벨퍼펙트쉴드선크림365,(주)지엘케이바이오,2024-02-23 00:00:00
2024008912,카이젠안티스팟앤안티에이지소프트데일리선크림,주식회사 셀라니코,2024-02-26 00:00:00
2024008918,디폰데시그니처베리어선크림,플러스엑스주식회사,2024-02-26 00:00:00
2024008966,라비오뜨유브이베일퍼펙트핏선크림,(주)라비오뜨,2024-02-26 00:00:00
2024009031,메디필레드락토콜라겐모공리프팅선크림,주식회사스킨이데아,2024-02-27 00:00:00
2024009054,오르시아퍼펙트콜라겐티엠28데이즈인텐시브앰플선크림,(주)코리아나화장품,2024-02-27 00:00:00
2024009108,누타유스풀핸드선크림,이스터너생명과학(주),2024-02-27 00:00:00
2024009163,리얼베리어피치핏톤업선크림,(주)네오팜,2024-02-28 00:00:00
2024009176,호호바스토리슈퍼선크림,제이엔씨인스티튜트,2024-02-28 00:00:00
2024009189,캡스테이릴리프선크림,주식회사이든팜,2024-02-28 00:00:00
2024009229,아델리오멀티디펜스선크림,주식회사피엔에이,2024-02-28 00:00:00
2024009238,아쿠아릴렉싱선크림,주식회사 뷰티넷코리아,2024-02-29 00:00:00
2024009287,아쿠아모이스처라이징선크림,(주)닥터아임,2024-02-29 00:00:00
2024009293,백옥생허브선크림,정산바이오텍주식회사,2024-02-29 00:00:00
2024009332,가히징크더마마일드선크림,(주)코리아테크,2024-02-29 00:00:00
2024009348,프로텍팅베이스선크림,주식회사인디스모닝,2024-02-29 00:00:00
2024009434,포트레워터베일선크림,주식회사포트레,2024-03-04 00:00:00
2024009452,룰루뷰엔케이유브이엑티브톤업선크림,주식회사라콘,2024-03-05 00:00:00
2024009501,아토비케이히알루론산워터선크림,(주)더원코스메틱,2024-03-05 00:00:00
2024009508,키오스킨엘시스테인멜라케어선크림,주식회사키오스킨,2024-03-05 00:00:00
2024009509,셀라딕스노세범131리페어선크림,(주)이삼오구,2024-03-05 00:00:00
2024009510,러베유기농무기자차선크림,주식회사빌리지베이비,2024-03-05 00:00:00
2024009512,젬무브퀸카밍톤업선크림,(주)젬마코리아,2024-03-05 00:00:00
2024009549,디엘케이브라이트닝선크림,에스엘코스메틱주식회사,2024-03-05 00:00:00
2024009560,비타할로에어리워터핏선크림,씨피엘비주식회사,2024-03-06 00:00:00
2024009567,아트델리히알루론시카유브이톤업선크림,(주)피플앤코,2024-03-05 00:00:00
2024009583,에리쉬포맨유브이디펜스선크림,(주)이노벨라코스메틱,2024-03-05 00:00:00
2024009618,문씰마일드톤업부스터선크림,주식회사투엠브이,2024-03-06 00:00:00
2024009670,아오와인텐큐어쉴드플러스마일드선크림,(주)메디안스,2024-03-07 00:00:00
2024009716,성분에디터액티브마린아스타잔틴톤업선크림,주식회사올리브인터내셔널,2024-03-07 00:00:00
2024009765,화이트리고움마일드선크림,주식회사파마누코,2024-03-07 00:00:00
2024009794,프리미어룩엑소플러스리페어선크림,바이플레이주식회사,2024-03-07 00:00:00
2024009795,아트델리멜라컷톤업선크림,(주)피플앤코,2024-03-07 00:00:00
2024009809,키오스킨엘시스테인멜라케어라이트업선크림,주식회사키오스킨,2024-03-08 00:00:00
2024009844,아트델리생기톤업선크림,(주)피플앤코,2024-03-08 00:00:00
2024009932,산뜻정화선크림,무인양품(주),2024-03-11 00:00:00
2024009938,더블유드레스룸모이스처라이징선크림,(주)트랜드아이,2024-03-11 00:00:00
2024009958,퓨리토데일리소프트터치선크림,하이네이처주식회사,2024-03-11 00:00:00
2024009971,아트델리생기톤업선크림이엑스,(주)피플앤코,2024-03-11 00:00:00
2024009988,큐템핑크토닝선크림,주식회사스킨메드,2024-03-11 00:00:00
2024009999,닥터바이오에어쿨무기자차선크림,주식회사로크,2024-03-11 00:00:00
2024010014,큐템워터풀베리어선크림,주식회사스킨메드,2024-03-11 00:00:00
2024010061,오쎄소이베베모이스춰선크림,(주)오쎄,2024-03-12 00:00:00
2024010097,튼튼맘스닥터캐비지제주양배추비건선크림,(주)텐박스,2024-03-12 00:00:00
2024010105,하티데일리유브이쉴드선크림,레꽁쁠레코리아,2024-03-12 00:00:00
2024010184,아트델리데일리선크림,(주)피플앤코,2024-03-13 00:00:00
2024010241,닥터딥시너지선크림,(주)미네랄하우스,2024-03-13 00:00:00
2024010289,바이오에스트리플크라운선크림,(주)바이오에스,2024-03-15 00:00:00
2024010347,더블유스킨핑크화이트닝선크림,(주)해피엘앤비,2024-03-14 00:00:00
2024010406,아이제제블랙커민엔이엠블리스선크림,주식회사아네시,2024-03-15 00:00:00
2024010408,팜알엑스알로에워터트리플비타톤업선크림,(주)엘지생활건강,2024-03-15 00:00:00
2024010444,랑벨피치포린핏업선크림,주식회사랑벨,2024-03-15 00:00:00
2024010501,달바워터풀톤업선크림(퍼플),주식회사달바글로벌,2024-03-15 00:00:00
2024010609,피엘디크수분선크림,디씨케이,2024-03-18 00:00:00
2024010651,어시크파히페선크림,바르나바스주식회사,2024-03-19 00:00:00
2024010724,아로메르톤컨트롤선크림,(주)아이노스,2024-03-20 00:00:00
2024010729,매스티나화이트매스틱앰플선크림,주식회사프롬바이오코스메틱,2024-03-20 00:00:00
2024010731,트러블레스오일리스마일드워터에어리핏선크림,(주)팜스킨,2024-03-20 00:00:00
2024010736,매스티나화이트매스틱앰플선크림,주식회사프롬바이오코스메틱,2024-03-20 00:00:00
2024010744,한율흰감국광채선크림,(주)아모레퍼시픽,2024-03-20 00:00:00
2024010774,휘게프레쉬비건톤업선크림,주식회사휘게라이프,2024-03-20 00:00:00
2024010850,어퓨퓨어블록내추럴데일리선크림라이트,(주)에이블씨엔씨,2024-03-21 00:00:00
2024010858,제이스더마프로젝트에디션카밍선크림,㈜케이에이치,2024-03-21 00:00:00
2024010898,팡키톤업선크림,팡키마켓,2024-03-21 00:00:00
2024010927,닥터엘비리턴에이지케어커버선크림,제이지월드(JG),2024-03-21 00:00:00
2024010944,키네프하이드라시카수분선크림,(주)아미코스메틱,2024-03-22 00:00:00
2024010989,아토앤오투옥시젠베이비칼라민선크림,(주)라오가닉,2024-03-22 00:00:00
2024011045,헉슬리워터리선크림스테이선세이프,(주)노드메이슨,2024-03-22 00:00:00
2024011061,라운드랩베이비마일드선크림,서린컴퍼니(주),2024-03-22 00:00:00
2024011135,퓨어스킨유브이디펜스수딩선크림,(주) 퓨어스킨,2024-03-25 00:00:00
2024011145,크루터올인원선크림50플러스,주식회사어바웃씽킹,2024-03-25 00:00:00
2024011204,큐템글로우핑크토닝선크림,주식회사스킨메드,2024-03-26 00:00:00
2024011240,코앤클리어톤업선크림,아만느인터내셔널,2024-03-26 00:00:00
2024011252,플렌티플랜트컴피스킨진생선크림,주식회사 라피끄,2024-03-26 00:00:00
2024011309,한스킨모공블러노세범선크림,(주)셀트리온스킨큐어,2024-03-27 00:00:00
2024011381,꼬마와땅유아선크림,스킨큐어(주),2024-03-28 00:00:00
2024011402,올데이멜로우유브이선크림,와더스킨,2024-03-28 00:00:00
2024011432,모어벨라타임안티레이어링선크림,(주)모어벨라,2024-03-28 00:00:00
2024011489,퀸슬리시그니처마일드시카선크림,조선글로벌,2024-03-28 00:00:00
2024011499,제이엠솔루션더마케어센텔라리페어선크림,(주)지피클럽,2024-03-29 00:00:00
2024011643,알콩달콩데일리촉촉선크림,코스투비,2024-03-29 00:00:00
2024011729,바르테라선크림,(주)아이코스코리아,2024-04-01 00:00:00
2024011752,제이엠솔루션유브이딥모이스처선크림알프스블루,(주)지피클럽,2024-04-01 00:00:00
2024011774,더블유드레스룸히알루론워터리선크림,(주)트랜드아이,2024-04-01 00:00:00
2024011802,케이클리글루타치온글로우선크림,(주)케이클리,2024-04-01 00:00:00
2024011851,맥넬리오일컨트롤선크림,주식회사명동코스메틱,2024-04-02 00:00:00
2024011868,리베스킨광필에크덤선크림,㈜제이엠바이오텍,2024-04-02 00:00:00
2024011933,아크웰흑미수분선크림,(주)비앤에이치코스메틱,2024-04-02 00:00:00
2024011957,키시닝시카듀선크림,주식회사에이프릴인터내셔널,2024-04-03 00:00:00
2024012027,시크블랑코비타민12컴플렉스선크림,주식회사아이엠포텐,2024-04-03 00:00:00
2024012057,뉴니스수분선크림히알루론선캐쳐,주식회사노타입,2024-04-03 00:00:00
2024012133,프레코퍼펙트케어선크림,(주)스킨헬스코스메틱,2024-04-04 00:00:00
2024012138,프롬더스킨글루타치온콜라겐선크림,바이오모아메디칼주식회사,2024-04-04 00:00:00
2024012205,세니떼레포츠쉴드선크림,(주)코리아나화장품,2024-04-04 00:00:00
2024012223,원더풀파워리프팅선크림,주식회사원더풀,2024-04-04 00:00:00
2024012274,노라유브이프로텍션글로우선크림,주식회사에스지에프앤비,2024-04-05 00:00:00
2024012326,탐스킨올데이선크림,(주)케이메디켐(K-Medichem),2024-04-05 00:00:00
2024012345,뷰워터풀에센스선크림,(주)지에스리테일,2024-04-05 00:00:00
2024012450,리브엠워터핏10중수분착붙선크림,주식회사브리브컴퍼니,2024-04-08 00:00:00
2024012582,라비엘베이스프리워터풀톤업선크림,주식회사파인월드,2024-04-08 00:00:00
2024012682,더마펌유브이덤하이드로레이어선크림,(주)더마펌,2024-04-09 00:00:00
2024012981,이자녹스녹스랩비타래스팅스무딩선크림,(주)엘지생활건강,2024-04-09 00:00:00
2024013183,인더파마비타라이트선크림,주식회사에프에스디,2024-04-11 00:00:00
2024013185,인더파마비타라이트선크림,주식회사에프에스디,2024-04-11 00:00:00
2024013321,타가시카수딩선크림,주식회사비케이브로스,2024-04-11 00:00:00
2024013343,글로우율무선크림SPF50PA++++,커런티브주식회사,2024-04-11 00:00:00
2024013404,포비페이스프레쉬워터프루프선크림,주식회사엘엔씨코퍼레이션,2024-04-12 00:00:00
2024013432,닥터멜락신하이드로세라믹톤업에센스선크림,주식회사브랜드501,2024-04-12 00:00:00
2024013462,닥터멜락신하이드로세라믹수분에센스선크림,주식회사브랜드501,2024-04-12 00:00:00
2024013516,커버퀸톤업선크림,(주)오퍼스컴퍼니,2024-04-12 00:00:00
2024013521,데이랑스화이트퍼펙트네이처선크림,퓨리비즈피부공학연구소,2024-04-12 00:00:00
2024013601,살사랑브라이트닝선크림,주식회사제이메르,2024-04-12 00:00:00
2024013721,내추럴그린티톤업선크림,주식회사씨앤피코리아,2024-04-15 00:00:00
2024013729,달바워터풀밸런싱선크림,주식회사달바글로벌,2024-04-15 00:00:00
2024013782,리쎄엑소토닌톤업선크림,(주)리쎄코리아,2024-04-15 00:00:00
2024013783,데이리쎄멜라치올톤업선크림,(주)리쎄코리아,2024-04-15 00:00:00
2024013821,토니모리순한살구톤업선크림,(주)토니모리,2024-04-15 00:00:00
2024014081,퍼스트픽라이트톤업비타민선크림,㈜퍼스트픽,2024-04-16 00:00:00
2024014082,퍼스트픽라이트비비실키파운데이션선크림,㈜퍼스트픽,2024-04-16 00:00:00
2024014167,나튀에상스베어스킨선크림,(주)코리아테크,2024-04-16 00:00:00
2024014183,닥터강톤업선크림,(주)에스테르,2024-04-16 00:00:00
2024014265,러베유기농인증무기자차선크림,주식회사빌리지베이비,2024-04-16 00:00:00
2024014276,아이홉무기자차선크림,주식회사아룸,2024-04-16 00:00:00
2024014278,마데카21테카토닝핑크톤업선크림,동국제약주식회사,2024-04-16 00:00:00
2024014291,엔비피시스시카내추럴선크림,(주)에스테르,2024-04-16 00:00:00
2024014327,오르띠에매일촉촉순선크림,(주)익성,2024-04-17 00:00:00
2024014423,셀크네모이스처선크림,주식회사네이처렌,2024-04-17 00:00:00
2024014478,라브린워터풀카밍선크림,주식회사엔씨지컴퍼니,2024-04-18 00:00:00
2024014538,클라랩판테카인텐시브선크림,(주)나예코스메틱,2024-04-18 00:00:00
2024014614,스킨라이트데일리톤업시카선크림,씨앤텍 주식회사,2024-04-18 00:00:00
2024014706,리프랩라이스마일드모이스처라이징선크림,(주)결고은사람들,2024-04-19 00:00:00
2024014708,수앤미마일드선크림핑크톤업,에스엘코스메틱주식회사,2024-04-19 00:00:00
2024014710,유어비건더티트리모이스처그로우선크림,스키나,2024-04-19 00:00:00
2024014711,제로시피피토바이옴선크림,케이엠제약(주),2024-04-19 00:00:00
2024014725,어나더페이스펩타테놀아쿠아베리어선크림,(주)명인화장품,2024-04-19 00:00:00
2024014859,캐비네드쁘아쏭데일리선크림,주식회사 캐비네드아난티,2024-04-22 00:00:00
2024014862,닥터이브플러스내추럴그린티톤업선크림,주식회사씨앤피코리아,2024-04-22 00:00:00
2024015058,닌셀라펄스파클링선크림원,주식회사 코타파,2024-04-23 00:00:00
2024015069,비덴노니37선크림,에덴동산,2024-04-24 00:00:00
2024015075,셀루언스루미너스데일리선크림,㈜케이에이치,2024-04-24 00:00:00
2024015134,멜뢰블루유브이프로텍션멀티선크림샵에스01,(주)스킨팜,2024-04-24 00:00:00
2024015165,제이준히알루론산하이드레이팅선크림,차에이아이헬스케어주식회사,2024-04-24 00:00:00
2024015167,꼼벨르데일리마일드선크림,주식회사씨엔케이컴퍼니,2024-04-24 00:00:00
2024015225,바이오셀렉센텔라쿨링톤업선크림,주식회사 바이오셀렉,2024-04-25 00:00:00
2024015250,시카톤업모이스처라이저선크림,주식회사포메데시,2024-04-25 00:00:00
2024015261,플라네르톤업글로우선크림,(주)크리스탈리,2024-04-25 00:00:00
2024015331,씨실밤부솔트톤업선크림,(주)인산가,2024-04-26 00:00:00
2024015451,키오스킨엑소좀워터선크림,주식회사키오스킨,2024-04-29 00:00:00
2024015521,지케이스킨셀트라넥사믹선크림,에스엘코스메틱주식회사,2024-04-29 00:00:00
2024015536,잔망루피선크림,모린주식회사,2024-04-29 00:00:00
2024015629,인텐시브브라이트닝선크림,에스엘코스메틱주식회사,2024-04-30 00:00:00
2024015644,콜라겐톤업선크림,에스엘코스메틱주식회사,2024-04-30 00:00:00
2024015694,어텐시옹오십오아웃도어워터프루프톤업선크림,주식회사 정코스,2024-04-30 00:00:00
2024015802,유어비건더라이스브랜선크림,스키나,2024-05-02 00:00:00
2024015813,듀온미올데이선크림,주식회사해움인터내셔널,2024-05-02 00:00:00
2024015842,나노소울엑스트라캄앤톤업선크림에스피에프50+피에이+++,씨앤오코스메틱,2024-05-02 00:00:00
2024015872,케이에이치티선크림,크리앤디,2024-05-02 00:00:00
2024015883,배니싱밤톤업선크림시그니처,㈜나인위시스,2024-05-02 00:00:00
2024016002,콜라겐리페어선크림,타라(TARA),2024-05-03 00:00:00
2024016075,글로우율무선크림SPF50+PA++++,커런티브주식회사,2024-05-03 00:00:00
2024016105,벨라애플핏톤업선크림,주식회사벨라씨앤씨,2024-05-07 00:00:00
2024016223,아리아코프라임선크림에스피에프50+피에이+++,씨앤오코스메틱,2024-05-07 00:00:00
2024016314,코이솔리드모이스처선크림,주식회사브랜드홀더,2024-05-08 00:00:00
2024016372,타라주안티옥시젠톤업선크림릴리프그린,(주)대웅제약,2024-05-08 00:00:00
2024016397,타라주안티옥시젠톤업선크림네추럴로지,(주)대웅제약,2024-05-08 00:00:00
2024016398,더샘에코어스핑크선크림이엑스,(주)더샘인터내셔날,2024-05-08 00:00:00
2024016473,3에이치에이클리어시카선크림,주식회사뷰티인사이드,2024-05-09 00:00:00
2024016542,셀리맥스브라이트닝모공잡티선크림,(주)앱솔브랩,2024-05-09 00:00:00
2024016722,루시도르셀테카선크림,(주)에이바이오머티리얼즈,2024-05-09 00:00:00
2024016870,파미셀플레이셀판테놀닥터선크림,파미셀(주),2024-05-10 00:00:00
2024016874,이지마인드무기자차자작나무톤업선크림,이지마인드,2024-05-10 00:00:00
2024017123,톰티트토트안탄데마일드선크림,(주)제트글로벌,2024-05-10 00:00:00
2024017442,트루디스러브유브이프로텍트마일드선크림,에스엘코스메틱주식회사,2024-05-13 00:00:00
2024017561,도젠에브리데이마일드선크림,주식회사도젠,2024-05-13 00:00:00
2024017673,레브메르프로텍트유브이선크림,주식회사퍼스트코리아,2024-05-14 00:00:00
2024017723,소녀콜라겐톤업선크림,일양약품(주),2024-05-14 00:00:00
2024017867,비쥬수분담은진정부활초선크림,하제,2024-05-16 00:00:00
2024017949,제이엠솔루션스킨부스트라이스선크림1.0,(주)지피클럽,2024-05-17 00:00:00
2024017967,제이엠솔루션스킨부스트나이아신아마이드선크림1.0,(주)지피클럽,2024-05-17 00:00:00
2024018084,블러픽시포어타이트닝벨벳선크림,(주)코리아테크,2024-05-17 00:00:00
2024018541,미사유려미백선크림,(주)에이블씨엔씨,2024-05-20 00:00:00
2024018629,오오티디워터그로우더마선크림,(주)아트앤디자인인터내셔널,2024-05-20 00:00:00
2024018663,아름빛퓨어비타민씨선크림,(주)제이에이치티코스,2024-05-20 00:00:00
2024018761,캐롤프랑크이드라카밍선크림,주식회사블루존와이드,2024-05-20 00:00:00
2024019484,나튀에상스비타워터리톤업선크림,(주)코리아테크,2024-05-23 00:00:00
2024019573,요스킨선크림,주식회사셀코코,2024-05-24 00:00:00
2024019619,아스파시아제주녹차톤업선크림,(주)이노보떼,2024-05-24 00:00:00
2024019649,아스파시아여수동백톤업선크림,(주)이노보떼,2024-05-24 00:00:00
2024019654,라비오뜨유브이베일톤업선크림,(주)라비오뜨,2024-05-24 00:00:00
2024019742,에이치와이오스킨앤랩비건퍼펙트유브이선크림,(주)미도화장품,2024-05-27 00:00:00
2024019799,아일롭카밍컨트롤선크림,(주)코리아테크,2024-05-28 00:00:00
2024019852,보나쥬르진저아쿠아릴리프선크림,주식회사보나쥬르,2024-05-28 00:00:00
2024019954,벨로코이히아루로닉시카선크림,주식회사케이엠홀딩스,2024-05-29 00:00:00
2024020003,오에르에잇마일드선크림,주식회사휴스퀘어인터내셔날,2024-05-29 00:00:00
2024020032,야슈브워터리선크림,(주)헤세드바이오,2024-05-30 00:00:00
2024020065,커버퀸시카퍼펙트선크림,(주)오퍼스컴퍼니,2024-05-30 00:00:00
2024020119,차월드뷰티선크림,(주)에이스제약,2024-05-30 00:00:00
2024020173,랑벨프레시업수분선크림,주식회사랑벨,2024-05-31 00:00:00
2024020178,시카카나비선크림,(주)세바바이오텍,2024-05-31 00:00:00
2024020255,나튀에상스더마카밍선크림,(주)코리아테크,2024-05-31 00:00:00
2024020312,잇츠스킨시크릿솔루션웨딩드레스선크림,(주)잇츠한불,2024-06-03 00:00:00
2024020315,나튀에상스스킨글로우선크림,(주)코리아테크,2024-06-03 00:00:00
2024020319,디퍼앤디퍼마이비타민선크림,주식회사더모멘트,2024-06-03 00:00:00
2024020354,디어메이요거트팝톤업선크림SPF50+PA++++,㈜벨레코,2024-06-03 00:00:00
2024020365,헤슬못난이감자맑은선크림,주식회사헤메코,2024-06-03 00:00:00
2024020411,미구하라데일리케어선크림오리진SPF50+PA+++,(주)겟뷰티,2024-06-04 00:00:00
2024020467,마크앤로나유브이프로텍트선크림SPF50+PA++++,주식회사제이씨패밀리,2024-06-04 00:00:00
2024020523,닥터리본엑소좀앰플선크림,주식회사닥터발란스뷰티,2024-06-05 00:00:00
2024020559,시카카나비프리미엄선크림,(주)세바바이오텍,2024-06-05 00:00:00
2024020567,라포라피신델리아톤업선크림,주식회사웰스팜텍,2024-06-05 00:00:00
2024020637,레디우스리뉴유브이쉴드톤업선크림,주식회사이데아약품,2024-06-07 00:00:00
2024020656,이미르데일리모이스처선크림,주식회사 새비,2024-06-07 00:00:00
2024020658,이미르데일리마일드톤업선크림,주식회사 새비,2024-06-07 00:00:00
2024020731,벨로코이히아루로닉레티날선크림,주식회사케이엠홀딩스,2024-06-10 00:00:00
2024020742,비프루브마린톤업커버선크림SPF50+PA++++,(주)코스모코스,2024-06-10 00:00:00
2024020800,퍼마톨로지하이드라픽스카밍선크림,주식회사린뷰티,2024-06-11 00:00:00
2024020882,궁중비책제로베베데일리베이비선크림,(주)제로투세븐,2024-06-11 00:00:00
2024020933,뷰티드라마벨벳화이트닝톤업선크림,주식회사코코앤코코,2024-06-11 00:00:00
2024020965,어울이브이씨모이스처마일드톤업선크림,주식회사아이씨오,2024-06-11 00:00:00
2024021012,제로시피선크림,케이엠제약(주),2024-06-11 00:00:00
2024021030,제주마린펄선크림,주식회사이뽀,2024-06-11 00:00:00
2024021141,스킨컬쳐킵플렉션선크림,맥스하이드주식회사,2024-06-12 00:00:00
2024021151,퀸스퀸엑소도너선크림,케이에스코리아,2024-06-12 00:00:00
2024021246,닌셀라펄스파클링선크림투,주식회사 코타파,2024-06-13 00:00:00
2024021286,참존톤업핏세라마이드선크림,(주)참존,2024-06-13 00:00:00
2024021341,조선미녀맑은쌀선크림아쿠아프레쉬,주식회사구다이글로벌,2024-06-13 00:00:00
2024021622,아카라7필터밀크네츄럴톤업선크림,(주)해피엘앤비,2024-06-14 00:00:00
2024021805,제이엠솔루션스킨부스트히알루로닉애씨드선크림1.0,(주)지피클럽,2024-06-17 00:00:00
2024021953,블리비데일리유브이쉴드선크림,주식회사블리비코스메틱,2024-06-18 00:00:00
2024021965,더마유레카모이스처바이오선크림,유레카코스,2024-06-17 00:00:00
2024022105,퓨어그라운드콜라겐톤업선크림,(주)인스코리아,2024-06-18 00:00:00
2024022148,예샤히알루론산선크림,(주)해피엘앤비,2024-06-18 00:00:00
2024022341,어텐시옹오십오아웃도어톤업선크림,주식회사 정코스,2024-06-19 00:00:00
2024022467,웰라쥬리얼히알루로닉톤업선크림,휴젤주식회사,2024-06-19 00:00:00
2024022547,선글로스글로우업무기자차선크림오리지널,주식회사디마프,2024-06-20 00:00:00
2024022556,비앤힐스킨핏릴리프선크림,주식회사투유에이치앤비,2024-06-20 00:00:00
2024022571,모이스처라이징시카선크림,주식회사셀라랩바이오,2024-06-20 00:00:00
2024022588,톤업시카선크림,주식회사셀라랩바이오,2024-06-20 00:00:00
2024022614,엠보디아디엑소테놀레이디3지에프톤업선크림,주식회사바이셀인터내셔널,2024-06-21 00:00:00
2024022619,78도씨선크림,그레이잇,2024-06-21 00:00:00
2024022810,선크림콜라겐글로우스킨,송죽화장품,2024-06-24 00:00:00
2024022968,엑스트라기미선선크림,(주)박랩글로벌,2024-06-25 00:00:00
2024023003,티나데일리케어퓨어선크림,(주)유화바이오코스메틱,2024-06-25 00:00:00
2024023014,셀메드유브이플렉스선크림SPF50+PA++++,주식회사제이비케이랩,2024-06-25 00:00:00
2024023063,리엔케이셀브라이트닝트리트먼트선크림,힐러비주식회사,2024-06-26 00:00:00
2024023106,닥터라미체선크림,주식회사라미체1,2024-06-26 00:00:00
2024023119,언뮤트하이드로카밍데일리선크림,주식회사크레아랩,2024-06-26 00:00:00
2024023138,원하다아토지오액티브프리미엄유브이선크림,(주)원하다,2024-06-26 00:00:00
2024023161,레모나비타민씨플러스선크림,(주)스킨팜,2024-06-26 00:00:00
2024023196,퓨어루닥터라벨퀴노아선크림,주식회사송지랩스,2024-06-28 00:00:00
2024023283,더네이쳐북케어셀비비선크림라이트,주식회사미즈아담인터내셔날,2024-06-27 00:00:00
2024023321,아티보톤업피치선크림,(주)코스메카코리아,2024-06-27 00:00:00
2024023885,닥터지니힐마일드앤모이스트선크림,(주)제주사랑농수산,2024-06-28 00:00:00
2024023981,니즈덤마일드선크림,주식회사승뮤즈,2024-07-01 00:00:00
2024024161,프로캄이지에프액티브365선크림,한미사이언스(주),2024-07-01 00:00:00
2024024265,아이리스선크림비타민씨,주식회사미스모아,2024-07-01 00:00:00
2024024283,다자연비타톤업선크림,(주)자연의벗,2024-07-02 00:00:00
2024024480,에스트누글루타치온씨글로우워터풀선크림,큐어라벨(주),2024-07-02 00:00:00
2024024629,물들임프리미엄바이옴선크림SPF50+PA++++,(주)물들임,2024-07-02 00:00:00
2024024690,마리앤허니안티유브이화이트닝선크림,에스엘코스메틱주식회사,2024-07-03 00:00:00
2024024692,마리앤허니어메이징톤업선크림,에스엘코스메틱주식회사,2024-07-03 00:00:00
2024024713,마리앤허니워터프루프콜라겐선크림,에스엘코스메틱주식회사,2024-07-03 00:00:00
2024024766,크리스탈스킨비건워터풀비타민선크림,이리스,2024-07-03 00:00:00
2024024947,엠씨씨히알루론산캡슐핑크톤업선크림,(주)원인터내셔날,2024-07-04 00:00:00
2024024960,오드로이모공축소톤업선크림블리미필리디,일성 유한책임회사,2024-07-04 00:00:00
2024025063,엠씨씨히알루론산캡슐선크림,(주)원인터내셔날,2024-07-05 00:00:00
2024025106,온도퓨어카밍선크림,주식회사아리아코스메틱,2024-07-05 00:00:00
2024025122,오오티디워터그로우톤업선크림,(주)아트앤디자인인터내셔널,2024-07-05 00:00:00
2024025279,엠씨씨히알루론산캡슐선크림,(주)원인터내셔날,2024-07-08 00:00:00
2024025391,리엔케이인텐스브라이트닝셀에센스선크림,힐러비주식회사,2024-07-09 00:00:00
2024025394,조조모모마일드모이스처비건선크림,앨트웰(주),2024-07-09 00:00:00
2024025545,블랑스더퍼스트스템선크림,주식회사 다이아,2024-07-09 00:00:00
2024025622,라센스로에큐어워터스플래쉬쿨링선크림SPF50+PA++++,(주)김정문알로에,2024-07-09 00:00:00
2024025691,시크릿쥬쥬별의보석선크림,(주)네모난오렌지,2024-07-09 00:00:00
2024026082,엑소리쥬톤업선크림,주식회사  롬코스,2024-07-10 00:00:00
2024026201,디오프러스유브이디펜스데일리페이스앤바디선크림,(주)오브이코스(OVCOS),2024-07-11 00:00:00
2024026224,스킨피스트부활초워터리선크림,주식회사에이슬릿코리아,2024-07-11 00:00:00
2024026415,닥터톤즈유브이프로텍터선크림,주식회사르미,2024-07-12 00:00:00
2024026521,닥터톤즈유브이프로텍터선크림,주식회사르미,2024-07-12 00:00:00
2024026670,듀이셀에어매트선크림,(주)버디네트웍스,2024-07-15 00:00:00
2024026792,엠씨씨히알루론산캡슐핑크톤업선크림,(주)원인터내셔날,2024-07-15 00:00:00
2024026824,이너프콜라겐쓰리엑스모이스처톤업선크림SPF50+PA++++,(주)이너프,2024-07-15 00:00:00
2024026967,미라클톡스마일드쿨선크림,(주)뷰렌코리아,2024-07-15 00:00:00
2024026976,다보센텔라마일드카밍선크림,(주)넥슨화장품,2024-07-15 00:00:00
2024026977,다보워터풀유브이쉴드데일리선크림,(주)넥슨화장품,2024-07-15 00:00:00
2024026988,홀스킨비타씨잡티케어톤업선크림,주식회사루엠,2024-07-15 00:00:00
2024027022,듀벤스마린선크림,주식회사티엔씨인터내셔널,2024-07-16 00:00:00
2024027092,에이에이치씨마스터즈멜라프로텍트워터풀선크림SPF50+PA++++,(주)카버코리아,2024-07-16 00:00:00
2024027198,청화데일리브라이트닝선크림,(주)청화팜,2024-07-17 00:00:00
2024027206,청화브라이트닝선크림,(주)청화팜,2024-07-17 00:00:00
2024027224,자스민스템셀콜라겐선크림,조이앤코퍼레이션주식회사,2024-07-17 00:00:00
2024027252,마리끌레르선크림,(주)터치미코리아,2024-07-18 00:00:00
2024027387,끄레뷰실크펩타이드화이트닝선크림,주식회사끄레뷰,2024-07-18 00:00:00
2024027528,부쉬맨히알루론산데일리선크림SPF50+PA++++,주식회사부쉬맨,2024-07-19 00:00:00
2024027676,다보센텔라마일드카밍선크림,(주)넥슨화장품,2024-07-22 00:00:00
2024027782,유이크바이옴레미디톤업선크림보라,주식회사지놈앤컴퍼니,2024-07-23 00:00:00
2024027883,자우로셀포세이돈듀선크림,(주)아이오티스킨,2024-07-23 00:00:00
2024027953,에스엔피유브이퍼펙트데일리선크림,(주)에스디생명공학,2024-07-24 00:00:00
2024028543,닥터문프리미엄알로에베라선크림,주식회사에이앤에스,2024-07-29 00:00:00
2024028547,미라벨코리아홍쌀레드라이스톤컨트롤선크림,(주)아이노스,2024-07-29 00:00:00
2024028583,스플래쉬함초롬물기담은선크림,주식회사힐러스그라운드,2024-07-30 00:00:00
2024028584,모순선크림,(주)오월의아침코스메틱,2024-07-30 00:00:00
2024028701,두리코스크리스탈스킨핏선크림,두리화장품(주),2024-07-30 00:00:00
2024028739,스킨피스트카밍워터리선크림,주식회사에이슬릿코리아,2024-07-30 00:00:00
2024028823,루미덤브라이트닝파데프리선크림,주식회사바이비,2024-07-31 00:00:00
2024028850,리레볼루션선크림매트코튼,주식회사팀패스,2024-07-31 00:00:00
2024028851,리레볼루션선크림매트스위트,주식회사팀패스,2024-07-31 00:00:00
2024028853,리레볼루션선크림글로우스위트,주식회사팀패스,2024-07-31 00:00:00
2024028867,리레볼루션선크림글로우코튼,주식회사팀패스,2024-07-31 00:00:00
2024028987,시드랩에브리데이톤업선크림,힐시드,2024-07-31 00:00:00
2024029066,디모디브토네이징선크림,디모디브,2024-08-01 00:00:00
2024029541,아꾸아톡스라이크틴티드선크림,복스하우스,2024-08-05 00:00:00
2024029667,레아필큐어링히아루로닉워터풀톤업선크림,(주)유스케어팜,2024-08-05 00:00:00
2024029677,화윤설모이스처선크림,주식회사 오키,2024-10-24 00:00:00
2024030225,이프로페셔널퍼펙트선크림,미르나르샤,2024-08-07 00:00:00
2024030401,아르니아데일리마일드모이스트선크림에스피에프50+피에이+++,씨앤오코스메틱,2024-08-08 00:00:00
2024030441,아르니아알로에페이스앤바디워터프루프선크림에스피에프50+피에이+++,씨앤오코스메틱,2024-08-08 00:00:00
2024030476,로얄드벨천년진액퍼펙트선크림,(주)마이엘클로버,2024-08-08 00:00:00
2024030563,셀맥스데일리선크림,유즈베이(주),2024-08-08 00:00:00
2024030806,디어클레어스올데이에어리무기자차선크림에스피에프50+피에이++++,위시컴퍼니(주),2024-08-09 00:00:00
2024030821,유어케어스로즈블룸톤업선크림,(주)엘에프케이,2024-08-09 00:00:00
2024031813,제이에이치케이퀸비타민톤업유브이선크림,(주)이노보떼,2024-08-16 00:00:00
2024032041,두리코스크리스탈핑크톤업선크림,두리화장품(주),2024-08-19 00:00:00
2024032046,두리코스바쿠치올토닝선크림,두리화장품(주),2024-08-19 00:00:00
2024032261,쌀겨수수분선크림,명동화장품,2024-08-19 00:00:00
2024032262,바코시톤업선크림00,(주)씨엔티드림,2024-08-19 00:00:00
2024032265,바코시톤업선크림01,(주)씨엔티드림,2024-08-19 00:00:00
2024032386,키노닉스토마토로지톤업선크림,주식회사코코넛트리,2024-08-20 00:00:00
2024033203,세렌포즈유브이에센셜선크림,(주)스킨포지티브,2024-08-23 00:00:00
2024033457,더마씬논나노선크림,(주)라이프스타일프로젝트,2024-08-26 00:00:00
2024033706,탈리코스메틱맑음솔루션데일리수분선크림,주식회사에이치앤엠컴퍼니,2024-08-27 00:00:00
2024033717,금단미인청미선크림,주식회사금단에스피,2024-08-27 00:00:00
2024033804,브이앤에이안티옥시던트모이스처선크림,힐러비주식회사,2024-08-27 00:00:00
2024034012,포썸머오션프루프무기자차선크림,오션차일드,2024-08-28 00:00:00
2024034161,퀸즈유니무기선크림,(주)나투젠,2024-08-28 00:00:00
2024034682,디아트셀오로라진주에센셜화이트선크림,데이셀코스메틱(주),2024-08-30 00:00:00
2024035081,클라리티라이트선크림,주식회사스킨스타,2024-09-20 00:00:00
2024035182,퐁당데일리유브이쉴드선크림,(주)피플스,2024-09-05 00:00:00
2024035664,마이해린비타민선크림,(주)이노보떼,2024-09-06 00:00:00
2024035689,인포디플러스엑세스피316선크림,주식회사버라이즈,2024-09-06 00:00:00
2024035775,일센치순수한무기자차선크림,주식회사일센치,2024-09-09 00:00:00
2024035844,모이스처선크림워터리,"비브이엠티주식회사(bvmt Co.,Ltd)",2024-09-10 00:00:00
2024036106,에스쁘아워터스플래쉬선크림톤업래스팅,(주)에스쁘아,2024-09-12 00:00:00
2024036190,자우라시크릿톤업선크림,(주)이노보떼,2024-09-13 00:00:00
2024036321,옥마마갈락토미세스톤업선크림,하나글로벌,2024-09-19 00:00:00
2024036366,파메드프리선크림,파메드,2024-09-19 00:00:00
2024036368,설해원스킨베일선크림,주식회사새서울레저,2024-09-19 00:00:00
2024036369,헤리에타에브리데이카밍선크림,(주)웰코스,2024-09-20 00:00:00
2024036740,더마팩토리트라넥삼산3퍼센트아쿠아선크림,(주)제이엘벤처스,2024-09-23 00:00:00
2024036761,더마팩토리트라넥삼산3퍼센트마일드선크림,(주)제이엘벤처스,2024-09-23 00:00:00
2024036794,오글로시수퍼마일드선크림,주식회사블루화,2024-09-23 00:00:00
2024036849,히디프퓨어톤캡슐선크림,주식회사메디테라피,2024-09-24 00:00:00
2024036929,리더스글로우톤업선크림,(주)리더스코스메틱,2024-09-25 00:00:00
2024036930,리더스컴포트베리어선크림,(주)리더스코스메틱,2024-09-25 00:00:00
2024037039,일삼오디모이스쳐선크림,주식회사일삼오디,2024-09-25 00:00:00
2024037086,리더스워터드롭에센스선크림,(주)리더스코스메틱,2024-09-26 00:00:00
2024037126,자연아침선크림,주식회사엠에이치글로발,2024-09-26 00:00:00
2024037143,엔니자연아침선크림,주식회사엠에이치글로발,2024-09-26 00:00:00
2024037183,에코탑하이드라비파이브톤업선크림,주식회사갯뉴스킨코리아,2024-09-27 00:00:00
2024037207,레드액티브수분선크림,주식회사클랩스,2024-09-27 00:00:00
2024037291,레시피멀티프로텍트선크림,레시피(주),2024-09-30 00:00:00
2024037405,무스프로플러스데일리유브이디팬스선크림,(주)해피엘앤비,2024-10-02 00:00:00
2024037423,오글로시스킨수퍼마일드선크림,주식회사블루화,2024-10-02 00:00:00
2024037628,캐이레이디케어톤업선크림바쿠치올화이트닝,헬킨바이오,2024-10-08 00:00:00
2024037687,은선크림비타민씨,주식회사미스모아,2024-10-08 00:00:00
2024037757,유이크바이옴레미디톤업선크림그린,주식회사지놈앤컴퍼니,2024-10-10 00:00:00
2024037761,비러브멀티선크림,주식회사베로베코스메틱,2024-10-10 00:00:00
2024037927,립힙내츄럴톤업글로우선크림,주식회사브랜드랩,2024-10-11 00:00:00
2024037956,라더마스킨사이언스퍼펙트선크림,라더마홀딩스,2024-10-11 00:00:00
2024038062,단하나하이앤드더마선크림,주식회사 다이아,2024-10-14 00:00:00
2024038096,에이엠마퍼플톤업선크림,주식회사미셀코리아랩,2024-10-14 00:00:00
2024038444,솔고플라티노톤업선크림,주식회사알파에이아이,2024-10-17 00:00:00
2024038584,일초픽감자선크림,주식회사호석,2024-10-18 00:00:00
2024038693,단하나하이엔드더마선크림,주식회사 다이아,2024-10-21 00:00:00
2024038718,파티온노스카나인트러블컴포트수분선크림,동아제약(주),2024-10-21 00:00:00
2024038733,원웰쌀겨수블레미쉬선크림,원웰,2024-10-22 00:00:00
2024038821,나튀에상스베어스킨선크림,(주)코리아테크,2024-10-22 00:00:00
2024038965,레브쌍유브이촉촉시카선크림,보보화장품,2024-10-24 00:00:00
2024038980,플라메스페더핏톤업선크림,(주)그로우문,2024-10-24 00:00:00
2024039033,코지화이트포어케어톤온선크림,오디너리피플50,2024-10-24 00:00:00
2024039279,아이엔브이유나이아신아마이드톤업선크림,(주)에스테르,2024-10-28 00:00:00
2024039336,화윤설윈디샤이닝선크림,주식회사 오키,2024-10-28 00:00:00
2024039337,헤아림래디언스토닝선크림,주식회사헤아림코스메틱,2024-10-28 00:00:00
2024039342,데이셀메디랩더마프로바이탈선크림,데이셀코스메틱(주),2024-10-28 00:00:00
2024039560,수비안청담시그니처프라임선크림,(주)테라젝아시아,2024-10-30 00:00:00
2024039578,플라너피치요거트톤업선크림,(주)크리스탈리,2024-10-30 00:00:00
2024039730,노라더마릴리프선크림,주식회사에스지에프앤비,2024-10-31 00:00:00
2024039920,키노닉스토마토그린에어핏선크림,주식회사코코넛트리,2024-11-01 00:00:00
2024040562,소르띠에노블린3이펙트선크림,더라미주식회사,2024-11-05 00:00:00
2024040630,론지자신감부스팅선크림,(주)케이피티,2024-11-05 00:00:00
2024040804,닥터케이티엘프로덕션선크림,주식회사칸린,2024-11-06 00:00:00
2024040942,달바클린티트리리포좀톤업선크림(그린),주식회사달바글로벌,2024-11-06 00:00:00
2024041022,베비언스센서티브워셔블선크림,(주)엘지생활건강,2024-11-06 00:00:00
2024041402,엔지엔비건에센스선크림,엔지엔주식회사,2024-11-07 00:00:00
2024041562,나인프리슈퍼유브이선크림,조이앤코퍼레이션주식회사,2024-11-07 00:00:00
2024041623,오엠에스톤업선크림,대구한의대학교,2024-11-07 00:00:00
2024041662,오엠에스톤업선크림,대구한의대학교,2024-11-07 00:00:00
2024042167,큐라힐눈편한선크림,주식회사큐라힐바이오,2024-11-08 00:00:00
2024042442,아데나루체맨마일드모이스트선크림에스피에프50+피에이+++,씨앤오코스메틱,2024-11-11 00:00:00
2024042653,어반코스서울톤업선크림,주식회사팀메이,2024-11-11 00:00:00
2024042657,구달어성초진정그린톤업선크림,(주)클리오,2024-11-11 00:00:00
2024042761,라비앙퍼펙트유스이지에프앰플선크림,(주)피에스인터네셔널,2024-11-11 00:00:00
2024043572,굿앤닥엑소선크림,(주)바이오시엠,2024-11-13 00:00:00
2024043665,히아루론산네추럴선크림,(주)이즈앤트리,2024-11-13 00:00:00
2024043983,엠브라셀황금누에워터선크림,(주)두드림,2024-11-14 00:00:00
2024044261,다임유브이퍼펙트쉴드선크림,(주)메이포레,2024-11-15 00:00:00
2024044281,황금희아쿠아프로텍션선크림,(주)히엘케이,2024-11-15 00:00:00
2024044463,코스체인지스노우글로우선크림,(주)로나스코스메틱,2024-11-15 00:00:00
2024044744,프로랑스데일리선크림,(주)프로랑스화장품,2024-11-18 00:00:00
2024044885,이즈앤트리히아루론산워터리선크림,(주)이즈앤트리,2024-11-18 00:00:00
2024045063,라시뎀일루미네이트글로우시스템글루타치온1프로화이트닝톤업선크림,스킨힐사이언스(Skin Hill Science),2024-11-18 00:00:00
2024045201,더혜민퍼펙트디펜스데일리선크림,헬킨바이오,2024-11-19 00:00:00
2024045283,포레스트귤타민비타토닝선크림바이그린핑거,유한킴벌리(주),2024-11-19 00:00:00
2024045783,딕셔니스트아미노산나이아신선크림,(주)잇츠한불,2024-11-20 00:00:00
2024046141,뷰티온럭셔리내추럴화이트선크림,뷰티온코스메틱,2024-11-21 00:00:00
2024046562,식물나라뽀얀쌀보라톤업수분선크림,씨제이올리브영(주),2024-11-22 00:00:00
2024046604,23스킨랩유브이퍼펙트컷선크림,주식회사씨앤피코리아,2024-11-22 00:00:00
2024047142,위스킨턴오버28쿨톤업선크림,(주)바이오시엠,2024-11-25 00:00:00
2024047941,두리코스올인원선크림,두리화장품(주),2024-11-26 00:00:00
2024048042,타카시히카엔엠엔엑소좀선크림,도담바이오,2024-11-26 00:00:00
2024048167,에이비래디언스토닝선크림,(주)더마펌,2024-11-27 00:00:00
2024048342,프리티스킨하이드라비파이브엑소좀톤업퍼플코렉팅선크림,(유)프리티스킨인터내셔널,2024-11-27 00:00:00
2024048362,프리티스킨하이드라비파이브엑소좀오일컨트롤선크림,(유)프리티스킨인터내셔널,2024-11-27 00:00:00
2024048461,아벨라핑크톤업선크림,(주)에스제이엠코스메틱,2024-11-27 00:00:00
2024048861,라네즈워터뱅크유브이베리어선크림,(주)아모레퍼시픽,2024-11-28 00:00:00
2024049023,바를선크림,주식회사폴레드,2024-11-28 00:00:00
2024049768,닥터미셀라선크림,에스엘코스메틱주식회사,2024-12-02 00:00:00
2024049827,프리티스킨하이드라비파이브엑소좀트리트먼트선크림,(유)프리티스킨인터내셔널,2024-12-02 00:00:00
2024049867,엠디케이톤업선크림,에스엘코스메틱주식회사,2024-12-02 00:00:00
2024049881,리피다톤업선크림,에스엘코스메틱주식회사,2024-12-02 00:00:00
2024049961,본어글리워터인피치라이트선크림,자민경(주),2024-12-02 00:00:00
2024050063,히알루론산아쿠아수딩선크림,(주)씨에스에이코스믹,2024-12-02 00:00:00
2024050422,베르디톤업트리플액션선크림,(주)엘유케이,2024-12-03 00:00:00
2024050442,베르디퍼펙팅매트톤업선크림,(주)엘유케이,2024-12-03 00:00:00
2024051525,일소빌베리쿨카밍수분선크림,주식회사미립,2024-12-05 00:00:00
2024051553,엘디퀸브라이트닝톤업선크림,(주)이노보떼,2024-12-05 00:00:00
2024051681,올라라프리미엄데일리선크림,송죽화장품,2024-12-06 00:00:00
2024051802,엘디퀸퍼펙트콜라겐선크림,다미인,2024-12-06 00:00:00
2024052262,이앤알톤업선크림,(주)이앤알,2024-12-09 00:00:00
2024052323,저자극페이스앤바디선크림,씨제이올리브영(주),2024-12-10 00:00:00
2024052484,네이추럴리얼티메이트유브이디펜스선크림,비코빅,2024-12-10 00:00:00
2024052522,엔프라니알로에시카워터프루프선크림,엔프라니주식회사,2024-12-10 00:00:00
2024052590,아비브어성초마일드선크림릴리프튜브,(주)포컴퍼니,2024-12-11 00:00:00
2024052634,제이엠솔루션더마케어센텔라리페어선크림클리어,(주)지피클럽,2024-12-11 00:00:00
2024052689,홀리카홀리카알로에시카워터프루프선크림,엔프라니주식회사,2024-12-11 00:00:00
2024052770,디올데일리글로우유브이쉴드선크림,주식회사 디올앤메디,2024-12-12 00:00:00
2024052785,더샘유브이퍼펙션포어리스톤업선크림,(주)더샘인터내셔날,2024-12-12 00:00:00
2024052803,메이크프렘히알워터핏선크림,(주)매그니프,2024-12-12 00:00:00
2024052991,에뛰드순정디렉터수분선크림,(주)에뛰드,2024-12-13 00:00:00
2024052994,코리아나제이엔비블루로터스디어셀유브이아이알선크림,(주)코리아나화장품,2024-12-13 00:00:00
2024053402,슈링크알엑스리커버리수딩선크림,(주)클래시스,2024-12-16 00:00:00
2024053743,오르제나마일드유브이쉴드선크림,(주)워너비코스메틱,2024-12-17 00:00:00
2024053745,오르제나에어리핏톤업선크림,(주)워너비코스메틱,2024-12-17 00:00:00
2024053884,몽뜨허브무기자차선크림,주식회사뉴본라이프,2024-12-18 00:00:00
2024054158,메디큐브피디알엔핑크톤업선크림,주식회사에이피알,2024-12-19 00:00:00
2024054201,지샌달솔라이클립스선크림,엔비엘케이주식회사,2024-12-19 00:00:00
2024054249,비올라스실키선크림,주식회사 그린메디신,2024-12-19 00:00:00
2024054324,호픈파데프리선크림,주식회사파인핸스,2024-12-20 00:00:00
2024054384,에뛰드순정디렉터무기자차선크림,(주)에뛰드,2024-12-20 00:00:00
2024054621,에스트라더마유브이365비타씨광채수분선크림,(주)아모레퍼시픽,2024-12-23 00:00:00
2024054658,티지도미나스안티피그먼트유브이프로텍터유브이에이지디펜스선크림,태극제약(주),2024-12-24 00:00:00
2024054660,티지도미나스안티피그먼트유브이프로텍터피피포스트블레미쉬선크림,태극제약(주),2024-12-24 00:00:00
2024054662,티지도미나스안티피그먼트유브이프로텍터브라이트톤업선크림,태극제약(주),2024-12-24 00:00:00
2024055072,오하운편백수톤업선크림,(주)슬로우라이프,2024-12-26 00:00:00
2024055074,늘투엔티스작두콩아쿠아선크림,(주)창쿠글로벌,2024-12-26 00:00:00
2024055089,디에이99더블랙타이트닝데일리유브이선크림,나무트리,2024-12-26 00:00:00
2024055110,파파레서피티트리컨트롤마일드선크림,주식회사에이비티아시아,2024-12-27 00:00:00
2024055149,피네수멀티선크림,(주)피노젠 농업회사법인(PINOGEN),2024-12-27 00:00:00
2024055175,에센픽히아판토수분선크림,주식회사아이비엘컴퍼니,2024-12-27 00:00:00
2024055190,센테카솔선크림에스,한솔생명과학(주),2024-12-30 00:00:00
2024055192,보보탑아가마일드선크림,주식회사레인보우,2024-12-30 00:00:00
2024055222,기도톤업선크림무기자차에스피에프50+피에이++++,비코빅,2024-12-30 00:00:00
2024055279,다이브인퍼플톤업선크림,(주)토리든,2024-12-31 00:00:00
2024055296,레이어랩다크스팟클리어안티옥스디펜스선크림,주식회사레이어바이레이어,2024-12-31 00:00:00
2025000066,엘라비에히알솔루션워터풀선크림,(주)휴메딕스,2025-01-02 00:00:00
2025000073,웰라쥬리얼히알루로닉블루선크림,휴젤주식회사,2025-01-02 00:00:00
2025000101,오에라블루미네랄선크림SPF30PA++,주식회사한섬,2025-01-02 00:00:00
2025000136,브링그린슈퍼레몬글루타치온톤업선크림,씨제이올리브영(주),2025-01-02 00:00:00
2025000616,디어도어그린스무디쿨링선크림,(주)아이콘비엑스,2025-01-06 00:00:00
2025000717,비긴스바이정샘물블루캐모마일히알루론산수분선크림,(주)정샘물뷰티,2025-01-06 00:00:00
2025000839,듀벨라톤업선크림,주식회사피케이투코리아,2025-01-06 00:00:00
2025001019,베이스드온미선핏업선크림,더라운디드,2025-01-07 00:00:00
2025001046,편강율수분진정선크림,주식회사편강한방피부과학연구소,2025-01-07 00:00:00
2025001145,얼랄라에브리데이디펜스바디선크림,(주)코리아테크,2025-01-07 00:00:00
2025001178,유브이엑스퀀텀주피터워터프루프우유니선크림,주식회사파워풀엑스,2025-01-07 00:00:00
2025001481,아비브글루타치온좀씨씨선크림토닝튜브,(주)포컴퍼니,2025-01-08 00:00:00
2025001616,리얼코스삼중기능성선크림,주식회사리얼코스,2025-01-09 00:00:00
2025001679,캄모멘트리떼르말에어리톤업선크림,주식회사그린슈타인,2025-01-09 00:00:00
2025001693,아리얼그린비타민씨브라이트닝선크림,(주)뷰티팩토리,2025-01-09 00:00:00
2025001780,래시아쿠아쉴드선크림,에스와이코스메틱스주식회사,2025-01-09 00:00:00
2025001855,레디보이슈퍼하이드레이팅실키선크림,주식회사엔티엔코리아,2025-01-10 00:00:00
2025002123,청미수편백선크림,건강연구소,2025-01-10 00:00:00
2025002456,풀리쌀세라수분선크림,주식회사어댑트,2025-01-13 00:00:00
2025002718,비플레인녹두쿨링수분선크림,주식회사모먼츠컴퍼니,2025-01-14 00:00:00
2025002846,파파레서피가지클리어링선크림,주식회사에이비티아시아,2025-01-15 00:00:00
2025002899,듀댑시카티카밍아쿠아선크림,주식회사쥬네뷰,2025-01-15 00:00:00
2025002915,듀댑시카티마일드톤업선크림,주식회사쥬네뷰,2025-01-15 00:00:00
2025002996,플랑플랑에어리톤업유브이선크림,(주)뉴겐코스메틱,2025-01-15 00:00:00
2025003075,더멜라아쿠아쉴드선크림,주식회사언파운디즘,2025-01-15 00:00:00
2025003078,다이브인모이스처선크림,(주)토리든,2025-01-15 00:00:00
2025003133,오띠시카워터풀선크림,(주)오띠인터내셔널,2025-01-16 00:00:00
2025003157,비욘드엔젤아쿠아올케어수분선크림,(주)엘지생활건강,2025-01-16 00:00:00
2025003238,프리티스킨더퓨어제주시카데일리선크림,(유)프리티스킨인터내셔널,2025-01-16 00:00:00
2025003256,백당고맑은톤막걸리선크림,주식회사코스메쉐프,2025-01-16 00:00:00
2025003275,티샤에이엠마퍼플톤업선크림,주식회사미셀코리아랩,2025-01-16 00:00:00
2025003345,더마토리히알샷베리어스킨프렙선크림비5,(주)클리오,2025-01-16 00:00:00
2025003376,세라케어데일리선크림,지루샵,2025-01-16 00:00:00
2025003456,이다야엠지디비레포츠선크림,지닉,2025-01-16 00:00:00
2025003675,닥터벨머패밀리이지워시선크림,(주)엘지생활건강,2025-01-17 00:00:00
2025004117,셀라보워터다이브선크림,주식회사블루존와이드,2025-01-20 00:00:00
2025004217,토니모리유브이마스터아쿠아쿨링선크림,(주)토니모리,2025-01-21 00:00:00
2025004639,프리미엄유브이톤업선크림,주식회사레인보우뷰티코스메틱,2025-01-22 00:00:00
2025004738,삼백육십오데이선크림,(주)스킨애플,2025-01-22 00:00:00
2025005025,닥터멜라힐모이스처톤업선크림,주식회사더마밀,2025-01-23 00:00:00
2025005136,클리오멜라케어듀얼톤업선크림,(주)클리오,2025-01-23 00:00:00
2025005696,강남미인워터리마일드선크림,(유)프리티스킨인터내셔널,2025-02-03 00:00:00
2025005702,샤이닝코드멀티프로텍션선크림,(주)태양코스,2025-02-03 00:00:00
2025005755,베리아워비에이치바이옴톤업선크림,주식회사남유에프엔씨,2025-02-03 00:00:00
2025005779,샤이닝코드멀티프로텍션선크림,(주)태양코스,2025-02-03 00:00:00
2025005997,오브제포어제로오일컨트롤선크림,주식회사어댑트,2025-02-03 00:00:00
2025006016,댕기머리그린마일드선크림,두리화장품(주),2025-02-03 00:00:00
2025006017,로에셀래디언스톤업선크림,주식회사웅진헬스원,2025-02-03 00:00:00
2025006243,마리에레포츠안티유브이선크림,송죽화장품,2025-02-04 00:00:00
2025006303,마리에마일드모이스처선크림,송죽화장품,2025-02-04 00:00:00
2025006440,프롬더스킨글로우선크림,바이오모아메디칼주식회사,2025-02-04 00:00:00
2025006546,온더바디퓨어더마유브이배리어퍼펙트선크림,(주)엘지생활건강,2025-02-04 00:00:00
2025006596,그린플러스선크림,(주)제이뷰티,2025-02-05 00:00:00
2025006896,밀바랩제주용암해수보습비건선크림,태남생활건강(주),2025-02-05 00:00:00
2025006936,아브카베이비앤키즈이지워시선크림,주식회사에이치피씨앤컴퍼니,2025-02-05 00:00:00
2025006938,닥터멜로소아임유자씨화이트닝선크림,(주)스킨애플,2025-02-05 00:00:00
2025007137,제이비사라글로우스킨핏선크림,주식회사제이투코스메틱,2025-02-05 00:00:00
2025007175,스킨앤랩베리어덤컴포트선크림,랩앤컴퍼니(주),2025-02-06 00:00:00
2025007275,바세린아쿠아에센스선크림,시투와이주식회사,2025-02-06 00:00:00
2025007326,달바비타캡슐안티에이징선크림,주식회사달바글로벌,2025-02-06 00:00:00
2025007355,하우스오브허트로피컬듀선크림,주식회사하우스오브허코리아,2025-02-06 00:00:00
2025007492,슈퍼대디아토비건이지워시선크림,주식회사하이베러,2025-02-06 00:00:00
2025007510,바닐라코유브이디펜스워터프루프선크림,㈜에프앤코,2025-02-06 00:00:00
2025007547,엘로엘퓨어마일드선크림,주식회사모노글로트홀딩스,2025-02-07 00:00:00
2025007596,포렌시아데일리브라이트닝유브이선크림,주식회사제이투코스메틱,2025-02-07 00:00:00
2025008000,엠비수선크림하이프로텍션,하나글로벌,2025-02-10 00:00:00
2025008175,엘로엘브라이트비타선크림,주식회사모노글로트홀딩스,2025-02-10 00:00:00
2025008238,베이비코너패밀리선크림,주식회사인터오리진아이엔씨,2025-02-10 00:00:00
2025008516,지피덤이지에프스킨베리어선크림,(주)셀트리온스킨큐어,2025-02-11 00:00:00
2025008736,더마토리히알루론스킨프렙선크림비5,(주)클리오,2025-02-12 00:00:00
2025008795,아넬리슈퍼콜라겐마일드선크림,아넬리(ANELY),2025-02-12 00:00:00
2025008875,마르마르디심플레인아쿠아드링크선크림,(주)제이코스에이치엠,2025-02-12 00:00:00
2025008876,마르마르디심플레인스킵베이스선크림,(주)제이코스에이치엠,2025-02-12 00:00:00
2025008915,에스테인올스킨소프트글로우톤업선크림,주식회사에스테인,2025-02-12 00:00:00
2025008935,딘시프리미엄비건블루톤업선크림,(주)유한양행,2025-02-12 00:00:00
2025008996,캡스테이릴리프선크림SPF50+PA++++,주식회사이든팜,2025-02-12 00:00:00
2025009055,유브이쉴드선크림,(주)라이프스타일프로젝트,2025-02-12 00:00:00
2025009298,마미케어들깨톤업선크림,주식회사올리브인터내셔널,2025-02-13 00:00:00
2025009360,미담즈수분에센스선크림,(주)이레프,2025-02-18 00:00:00
2025009363,3더블유클리닉인텐시브유브이선크림,(주)한국자이화장품,2025-02-13 00:00:00
2025009379,아넬리어메이징톤업선크림,아넬리(ANELY),2025-02-13 00:00:00
2025009389,아넬리워터프루프콜라겐선크림,아넬리(ANELY),2025-02-13 00:00:00
2025009397,아넬리액티브선크림,아넬리(ANELY),2025-02-13 00:00:00
2025009597,아넬리카밍워터리선크림,아넬리(ANELY),2025-02-14 00:00:00
2025009647,프란츠네이키드선쉴드펩타이드톤업선크림,바이오센서연구소(주),2025-02-14 00:00:00
2025009817,에스트누바이에스더글루타치온씨글로우워터풀선크림,큐어라벨(주),2025-02-14 00:00:00
2025009836,아비브하이퍼유브이선크림퍼펙트쉴드,(주)포컴퍼니,2025-02-14 00:00:00
2025010018,보와시그니처시카카밍선크림,주식회사더블유와이디,2025-02-14 00:00:00
2025010118,팜스테이라벤더에센스톤업선크림,(주)명인화장품,2025-02-17 00:00:00
2025010155,팜스테이히아루론산물톡스톤업선크림,(주)명인화장품,2025-02-17 00:00:00
2025010641,밀크바오밥데일리라이트선크림,태남생활건강(주),2025-02-18 00:00:00
2025010660,코스미프레쉬톤업선크림,(주)해피엘앤비,2025-02-18 00:00:00
2025010777,셀루닉더에센셜글로우선크림,(주)세라젬,2025-02-18 00:00:00
2025011118,피브인아쿠아컴포트핏톤업선크림,엠큐인터내셔널주식회사,2025-02-19 00:00:00
2025011196,베이지크톤업씨이선크림,주식회사페이지(PAGEINC.),2025-02-19 00:00:00
2025011336,에스엔피글루타치온나이아신아마이드유브이필터토닝선크림,(주)에스디생명공학,2025-02-20 00:00:00
2025011407,스타라이크피디알엔스킨핏수분선크림,주식회사스타라이크,2025-02-20 00:00:00
2025011440,스타라이크파데프리톤업선크림,주식회사스타라이크,2025-02-20 00:00:00
2025011712,레노마논스탑3웨이선크림,더라미주식회사,2025-02-21 00:00:00
2025011776,어나더페이스나이아치온빛톤업선크림,(주)명인화장품,2025-02-21 00:00:00
2025011817,라피네소르띠에노블린3이펙트선크림,더라미주식회사,2025-02-21 00:00:00
2025011819,브이티에어리선크림,(주)브이티코스메틱,2025-02-21 00:00:00
2025011837,스킨비타올그린오가닉비타선크림,(주)코리아나화장품,2025-02-21 00:00:00
2025011900,더마팩토리데일리톤코렉팅선크림,(주)제이엘벤처스,2025-02-21 00:00:00
2025011936,에센허브멀티디펜스퓨어글로우톤업선크림,(주)아미코스메틱,2025-02-21 00:00:00
2025012102,모어리프화이트코튼리프톤업선크림,주식회사 페슬,2025-02-24 00:00:00
2025012129,가히캐비글로우선크림,(주)코리아테크,2025-02-24 00:00:00
2025012657,해피바스필쏘굿시카진정수분선크림,(주)아모레퍼시픽,2025-02-25 00:00:00
2025012745,폴메디슨딥레드선크림,(주)더블유비스킨,2025-02-26 00:00:00
2025012785,쟈스에코더마워터인에센스선크림,(주)피플앤코,2025-02-26 00:00:00
2025012882,서울랩히야세라선인장아쿠아선크림,주식회사셀레스티크인터내셔널,2025-02-26 00:00:00
2025012912,듀얼펜스너리싱선크림,코스맥스(주),2025-02-26 00:00:00
2025012979,누메슈퍼내추럴슬립선크림,주식회사워너비뷰티,2025-02-26 00:00:00
2025013016,유리프에센스선크림,주식회사피엘스토리,2025-02-26 00:00:00
2025013017,유리프아쿠아선크림,주식회사피엘스토리,2025-02-26 00:00:00
2025013267,더마픽스포어프라이밍선크림,주식회사 제이엘씨인터내셔날,2025-02-27 00:00:00
2025013336,더마픽스워터베일선크림,주식회사 제이엘씨인터내셔날,2025-02-27 00:00:00
2025013478,더마메디톤업선크림,에스엘코스메틱주식회사,2025-02-27 00:00:00
2025013512,애니프리미엄골프안티유브이선크림,에스엘코스메틱주식회사,2025-02-28 00:00:00
2025013576,하이스킨데일리선크림프로텍트,에스엘코스메틱주식회사,2025-02-28 00:00:00
2025013597,이엔코스시카플러스선크림,주식회사이엔코스,2025-02-28 00:00:00
2025013622,에스터쿱리페어링화이트선크림,(주)셀렉스,2025-02-28 00:00:00
2025013626,씨엘포진생베리프리미엄선크림,(주)아미코스메틱,2025-02-28 00:00:00
2025013939,제이블린글루치올07셀렉티브선크림,주식회사제이투코스메틱,2025-03-04 00:00:00
2025013963,디퍼히알큐브에센스선크림,주식회사소브린,2025-03-04 00:00:00
2025014015,독도히어로즈히알루론산톤업선크림,주식회사벤톤,2025-03-05 00:00:00
2025014036,케이맘이지투워시야외놀이선크림,㈜마더케이,2025-03-04 00:00:00
2025014238,벨프리모히알베리어선크림,동국헬스케어엠앤아이주식회사,2025-03-05 00:00:00
2025014242,데이지크아쿠아쉘선크림,주식회사데이지크,2025-03-05 00:00:00
2025014247,뽀나미슈엑토인데일리선크림,주식회사디앤티홀딩스,2025-03-05 00:00:00
2025014496,다이브비타로이드그린캄선크림,주식회사씨스토어,2025-03-05 00:00:00
2025014499,아데니아로즈에센스톤업유브이선크림,주식회사모담글로벌네이처,2025-03-05 00:00:00
2025014857,도우엑소좀물광선크림,주식회사파머스그레인글로벌 (Farmer's grain global),2025-03-06 00:00:00
2025014958,유리프워터프루프선크림,주식회사피엘스토리,2025-03-06 00:00:00
2025015316,헬스데이프리미엄선크림,일양약품(주),2025-03-07 00:00:00
2025015317,베리듀피디알엔세라마이드선크림,(주)베리맘,2025-03-07 00:00:00
2025015356,담톤수분진정시카선크림,(주)서아,2025-03-07 00:00:00
2025015475,노니피아노니수분선크림,주식회사클레이코리아,2025-03-07 00:00:00
2025016159,라시뎀매트릭스더마시스템락토베리어울트라힐선크림,스킨힐사이언스(Skin Hill Science),2025-03-10 00:00:00
2025016241,워크필리쥬버네이션선크림SPF50+PA++++,(주)아이젤,2025-03-10 00:00:00
2025016476,레시피선몬랩슈퍼아쿠아선크림,레시피(주),2025-03-10 00:00:00
2025016589,아쉐미네에센스톤업선크림,주식회사 쪼이,2025-03-11 00:00:00
2025016848,코리아나루바체이지에프톤업선크림,(주)코리아나화장품,2025-03-11 00:00:00
2025017168,베로베네래디언스아쿠아선크림,(주)해피엘앤비,2025-03-12 00:00:00
2025017180,비비메이브라이트닝퍼펙트선크림,하나글로벌,2025-03-12 00:00:00
2025017224,다이브비타로이드릿업토닝선크림,주식회사씨스토어,2025-03-12 00:00:00
2025017415,레시피선몬랩리프레시쿨링선크림,레시피(주),2025-03-13 00:00:00
2025017615,아누아데일리투명수분선크림,주식회사더파운더즈,2025-03-13 00:00:00
2025017886,비오엠라이트온럭셔리캐비어바디톤업선크림,주식회사비스타릿,2025-03-14 00:00:00
2025017927,미라클위모이스처선크림,주식회사케이웨이컴퍼니,2025-03-14 00:00:00
2025018016,네이처스킨유브이톤업선크림,(주)이노보떼,2025-03-14 00:00:00
2025018263,담톤맑은톤업마일드선크림,(주)서아,2025-03-17 00:00:00
2025018275,담톤수분진정시카선크림,(주)서아,2025-03-17 00:00:00
2025018495,비플레인레몬씨글루타치온톤업선크림,주식회사모먼츠컴퍼니,2025-03-17 00:00:00
2025018697,더마니크듀얼베리어핏선크림,피넛(P.nut),2025-03-17 00:00:00
2025018718,보타닉스스노우인텐시브코어선크림,주식회사 네이처보타닉스,2025-03-17 00:00:00
2025018738,샤르드피디알엔톤업선크림,주식회사샤르드,2025-03-17 00:00:00
2025018795,리르톤앤선크림,(주)아이더블유컴퍼니,2025-03-18 00:00:00
2025018818,케이알랩미소선크림,(주)해피엘앤비,2025-03-18 00:00:00
2025019016,비루리톤업선크림SPF50+PA++++,씨앤오코스메틱,2025-03-18 00:00:00
2025019176,헤리티지트리플콜라겐선크림,(주)아름다운화장품,2025-03-18 00:00:00
2025019254,셀로맥스포시즌스선크림,주식회사셀로맥스사이언스,2025-03-19 00:00:00
2025019335,유기농라벤더선크림,(주)다빈홀딩스,2025-03-19 00:00:00
2025019337,핑키통키키즈케어선크림,주식회사핑키코스메틱,2025-03-19 00:00:00
2025019436,쿤달베리콜라겐톤업선크림,주식회사더스킨팩토리,2025-03-19 00:00:00
2025019438,쿤달히알루론수분선크림,주식회사더스킨팩토리,2025-03-19 00:00:00
2025019499,바엘파로광채톤업선크림,주식회사오엔코스메틱,2025-03-19 00:00:00
2025019675,바엘파로진정수분선크림,주식회사오엔코스메틱,2025-03-20 00:00:00
2025019795,코리아나발효화이트닝선크림,(주)코리아나화장품,2025-03-20 00:00:00
2025019999,에브리루틴글루타피디알엔선크림,주식회사에브리루틴,2025-03-21 00:00:00
2025020037,라운드랩소나무진정시카선크림,서린컴퍼니(주),2025-03-21 00:00:00
2025020055,리쥬브시카밍선크림,주식회사제너레이션,2025-03-21 00:00:00
2025020185,리셀미프리미엄선크림,티엔비코스메틱(주),2025-03-21 00:00:00
2025020208,레시피선몬랩카밍유브이퍼펙트선크림,레시피(주),2025-03-21 00:00:00
2025020495,바바코징크퓨어선크림,주식회사블렌디크,2025-03-24 00:00:00
2025020543,바이애콤이지에프에센스선크림,주식회사데이지크,2025-03-24 00:00:00
2025020596,뉴스템알엑스아이피엘비타세럼선크림,주식회사와이제이랩,2025-03-24 00:00:00
2025020655,데이그에어리핏선크림,(주)아이소브,2025-03-24 00:00:00
2025020795,흑미데일리선크림,(주)디트레이드,2025-03-24 00:00:00
2025021096,노웨이에세럼비건선크림,주식회사유케이,2025-03-25 00:00:00
2025021435,참존탑클래스어드밴스드리프팅콜라겐톤업선크림,(주)참존,2025-03-26 00:00:00
2025021517,함익진쵸우즌선라이트프리미엄선크림에스피에프50+피에이++++,함익진화장품,2025-03-26 00:00:00
2025021735,화미사유기농배꽃발효선크림,(주)이엔에스코리아,2025-03-26 00:00:00
2025021757,잉글맥스유브이디펜스선크림21,주식회사메타이십일글로벌,2025-03-26 00:00:00
2025021957,닥터멜로소노세범포어리스매트선크림,(주)스킨애플,2025-03-26 00:00:00
2025021959,황금희프로아쿠아프로텍션선크림,(주)히엘케이,2025-03-27 00:00:00
2025021975,마녀공장로터스프라이머프리선크림,(주)마녀공장,2025-03-26 00:00:00
2025021977,닥터멜로소라이스프로바이오틱스화이트닝선크림,(주)스킨애플,2025-03-26 00:00:00
2025021978,닥터멜로소톤업메이크업베이스선크림,(주)스킨애플,2025-03-26 00:00:00
2025021979,닥터멜로소아쿠아워터핏하이드레이션선크림,(주)스킨애플,2025-03-26 00:00:00
2025022335,리덴스톤블러링선크림,주식회사에프앤엘코퍼레이션,2025-03-27 00:00:00
2025022415,비로체쌀윤광선크림,주식회사마이밸류,2025-03-27 00:00:00
2025022517,에이지투웨니스에센셜워터핏선크림,애경산업(주),2025-03-28 00:00:00
2025022520,성분에디터핑크블라썸브라이트닝톤업선크림,주식회사올리브인터내셔널,2025-03-28 00:00:00
2025022536,바세린세라덤모이스처선크림,애경산업(주),2025-03-28 00:00:00
2025022664,비엠티에스트루선크림365,(주)씨앤케이인터내셔널,2025-03-28 00:00:00
2025022780,비엠티에스톤업선크림,(주)씨앤케이인터내셔널,2025-03-28 00:00:00
2025023039,아토99편백수분선크림,주식회사레드99,2025-03-31 00:00:00
2025023358,스킨1004마다가스카르센텔라에어핏선크림라이트,주식회사크레이버코퍼레이션,2025-03-31 00:00:00
2025023360,리모라쌀빛선크림,주식회사 엘림,2025-04-01 00:00:00
2025023755,에끌라두엑소클리니카유브이선크림,주식회사 에끌라두,2025-04-01 00:00:00
2025023855,릴리비데일리선크림,주식회사 릴리베스,2025-04-01 00:00:00
2025023955,쥬스투클렌즈톤업선크림,주식회사바이얼스,2025-04-01 00:00:00
2025023997,베니아3시그니처트리플러스톤업선크림,(주)벤스랩,2025-04-01 00:00:00
2025024305,스와니브멜라즈노톤업선크림,비엔케이코스텍,2025-04-02 00:00:00
2025024307,빅또리앤라온퓨어선크림,(주)리즈코퍼레이션,2025-04-02 00:00:00
2025024499,터치인솔프리티필터유브이에센스선크림,(주)본느,2025-04-02 00:00:00
2025024500,엘리스랩소프트톤업선크림,두선코스매틱(주),2025-04-02 00:00:00
2025025122,루비이시그널라이트톤업선크림,(주)승건코스메틱스,2025-04-03 00:00:00
2025025296,블링블링화이트닝톤업선크림,(주)메이포레,2025-04-04 00:00:00
2025025416,에뛰드순정디렉터수분선크림SPF50+PA++++,(주)에뛰드,2025-04-04 00:00:00
2025025578,타이니탄데일리워터풀선크림알엠,주식회사상상과상상,2025-04-04 00:00:00
2025025579,타이니탄데일리워터풀선크림슈가,주식회사상상과상상,2025-04-04 00:00:00
2025025580,타이니탄데일리워터풀선크림지민,주식회사상상과상상,2025-04-04 00:00:00
2025025581,타이니탄데일리워터풀선크림정국,주식회사상상과상상,2025-04-04 00:00:00
2025025596,타이니탄데일리워터풀선크림진,주식회사상상과상상,2025-04-04 00:00:00
2025025598,타이니탄데일리워터풀선크림제이홉,주식회사상상과상상,2025-04-04 00:00:00
2025025599,타이니탄데일리워터풀선크림뷔,주식회사상상과상상,2025-04-04 00:00:00
2025025661,라벤더프로텍트선크림,(주)아시안스파,2025-04-07 00:00:00
2025025722,씨엘포멀티히아루로닉하이드레이팅선크림,(주)아미코스메틱,2025-04-07 00:00:00
2025025819,화이트더마선더마뉴선크림플러스,(주)이노보떼,2025-04-07 00:00:00
2025025899,더메오랩에이치에스피선크림SPF50+PA++++,엘디아,2025-04-07 00:00:00
2025026140,3더블유클리닉데일리올인원선크림,(주)한국자이화장품,2025-04-08 00:00:00
2025026195,바이존바세린울트라선크림,(주)터치미코리아,2025-04-08 00:00:00
2025026197,3더블유클리닉아쿠아수분선크림,(주)한국자이화장품,2025-04-08 00:00:00
2025026235,3더블유클리닉콜라겐화이트선크림,(주)한국자이화장품,2025-04-08 00:00:00
2025026836,비비메이글리머파운데이션프리선크림,하나글로벌,2025-04-09 00:00:00
2025027141,제이블린시카테비아51원데이수분선크림,주식회사제이투코스메틱,2025-04-09 00:00:00
2025027142,셀라보워터다이브톤업선크림,주식회사블루존와이드,2025-04-09 00:00:00
2025027339,온그리디언츠스킨베리어판테놀선크림,(주)파워플레이어,2025-04-10 00:00:00
2025027343,메리시콜촉촉유브이컷톤업선크림,(주)브이오엘,2025-04-10 00:00:00
2025027569,식물나라뽀얀쌀초록톤업수분선크림,씨제이올리브영(주),2025-04-10 00:00:00
2025027635,에이엔솔루션너리싱선크림,그린코스주식회사,2025-04-14 00:00:00
2025028417,세라마이드선크림,주식회사더필,2025-04-14 00:00:00
2025028418,베라모어포어블러톤업선크림,베라모어주식회사,2025-04-15 00:00:00
2025028695,미라클화이트닝선크림SPF50+PA+++,주식회사엠에이치글로발,2025-04-14 00:00:00
2025028817,일리윤저자극이지워시선크림,(주)아모레퍼시픽,2025-04-15 00:00:00
2025028999,유비발디에어리캡슐산뜻블루사계절무기자차비건선크림,주식회사세이어바웃,2025-04-15 00:00:00
2025029000,쏘옥베이지수분선크림,주식회사파마누코,2025-04-15 00:00:00
2025029035,유비발디에어리캡슐진정그린사계절모이스처비건선크림,주식회사세이어바웃,2025-04-15 00:00:00
2025029196,새틴결파데프리선크림,네오베,2025-04-15 00:00:00
2025029215,새틴결파데프리선크림,네오베,2025-04-15 00:00:00
2025030039,네이처리퍼블릭유브이컷바오밥파데프리선크림,(주)네이처리퍼블릭,2025-04-17 00:00:00
2025030195,티르티르에어핏히아시스선크림,주식회사티르티르,2025-04-17 00:00:00
2025030336,엘루자이콜라겐톤업선크림,비엔케이코스텍,2025-04-17 00:00:00
2025030617,이너프유브이클리어마일드선크림SPF50PA+++,(주)이너프,2025-04-18 00:00:00
2025030618,이너프유브이클리어워터풀선크림SPF50PA+++,(주)이너프,2025-04-18 00:00:00
2025030619,이너프유브이클리어톤업선크림SPF50PA+++,(주)이너프,2025-04-18 00:00:00
2025030675,피부엔바이오락토라이트톤선크림,(주)웰메이드생활건강,2025-04-18 00:00:00
2025030777,온그리디언츠스킨베리어마일드선크림,(주)파워플레이어,2025-04-18 00:00:00
2025031038,르베라쥬콜라겐히알루로닉선크림,에스엘코스메틱주식회사,2025-04-21 00:00:00
2025031041,레이어랩스킨블러선크림,주식회사레이어바이레이어,2025-04-21 00:00:00
2025031055,르베라쥬모이스처알로에선크림,에스엘코스메틱주식회사,2025-04-21 00:00:00
2025031056,르베라쥬안티링클골드스네일선크림,에스엘코스메틱주식회사,2025-04-21 00:00:00
2025031486,에네스티톤업유브이컷선크림,(주)에네스티,2025-04-22 00:00:00
2025031502,이나벨로모이스처선크림,알리코제약(주),2025-04-22 00:00:00
2025031576,달바워터풀톤업선크림커버베이지,주식회사달바글로벌,2025-04-22 00:00:00
2025031610,아이스베일유브이쉴드선크림,(주)씨에스에이코스믹,2025-04-22 00:00:00
2025031621,퍼지티브리밸런싱수분선크림,주식회사헤이엄,2025-04-22 00:00:00
2025031656,네이처리퍼블릭유브이컷바오밥수분선크림,(주)네이처리퍼블릭,2025-04-22 00:00:00
2025031736,더랩바이블랑두클리어히알옴므선크림,주식회사에런케이,2025-04-22 00:00:00
2025031940,르누베르아줄렌시카밸런스톤업선크림,주식회사 르누베르,2025-04-22 00:00:00
2025031959,이로로뉴본셀프로텍트데일리선크림,풍전약품주식회사,2025-04-23 00:00:00
2025032155,더에스럭셔리백설톤업선크림SPF50+PA++++,(주)크리에이티브위드,2025-04-23 00:00:00
2025032436,문룩헬리오가드얼티밋듀얼프로텍션선크림유브이에센스실드,(주)엘유케이,2025-04-23 00:00:00
2025032438,문룩헬리오가드얼티밋듀얼프로텍션선크림매트디펜스,(주)엘유케이,2025-04-23 00:00:00
2025032616,에텔랑물선크림,주식회사 비앤유코스메틱,2025-04-24 00:00:00
2025032759,메디필시카쿨링진정선크림,주식회사스킨이데아,2025-04-24 00:00:00
2025032762,메디필비타민멜라토닝톤업선크림,주식회사스킨이데아,2025-04-24 00:00:00
2025032818,피오다르그로우선크림,주식회사에비히,2025-04-24 00:00:00
2025032837,비바스유브이프로텍터선크림,(주)해든화장품,2025-04-24 00:00:00
2025032879,리얼네이처알로에베라선크림,(주)코스메이트코스메틱,2025-04-24 00:00:00
2025032898,아이레놀쌩얼보정선크림3.0,주식회사와이즈플래닛컴퍼니,2025-04-24 00:00:00
2025033277,네파엑티브라이트파워선크림,(주)한영코리아,2025-04-28 00:00:00
2025033335,퓨클레어유브이스플래쉬선크림,(주)수인코스메틱,2025-04-28 00:00:00
2025033355,더에스럭셔리백설톤업선크림,(주)크리에이티브위드,2025-04-28 00:00:00
2025033428,온그리디언츠스킨베리어수분선크림,(주)파워플레이어,2025-04-28 00:00:00
2025033497,피오다르시카그로우선크림,주식회사에비히,2025-04-28 00:00:00
2025034155,이나벨로모이스처선크림,알리코제약(주),2025-04-29 00:00:00
2025034237,쏭리비타세라선크림,(주)케이엔델,2025-04-30 00:00:00
2025034255,뷰티드라마유브이워터풀쉴드선크림,주식회사코코앤코코,2025-04-29 00:00:00
2025034296,아넬리슈퍼콜라겐더마선크림,아넬리(ANELY),2025-04-29 00:00:00
2025034389,르베라쥬하이프로텍션익스트림선크림,에스엘코스메틱주식회사,2025-04-30 00:00:00
2025034391,비플레인선뮤즈톤업앤코렉팅선크림마일드그린,주식회사모먼츠컴퍼니,2025-04-30 00:00:00
2025034415,르베라쥬하이프로텍션데일리노세범선크림,에스엘코스메틱주식회사,2025-04-30 00:00:00
2025034416,르베라쥬하이프로텍션롱래스팅선크림,에스엘코스메틱주식회사,2025-04-30 00:00:00
2025034459,블루폴톤업유브이에센스선크림,주식회사알티에스코스메틱,2025-04-30 00:00:00
2025034493,에디토리얼퓨어헬로선크림페이스샤인,주식회사바이미나,2025-04-30 00:00:00
2025034495,에디토리얼퓨어헬로샤인선크림,주식회사바이미나,2025-04-30 00:00:00
2025034826,소프트모이스쳐무기자차선크림,주식회사미묘,2025-04-30 00:00:00
2025035377,데일리아어린이선크림,(주)오브이코스(OVCOS),2025-05-07 00:00:00
2025035600,비플레인선뮤즈톤업앤코렉팅선크림피치핑크,주식회사모먼츠컴퍼니,2025-05-07 00:00:00
2025035619,타이디랩퍼플톤업선크림,(주)타이디랩,2025-05-07 00:00:00
2025035735,씨유비타민유선크림,(주)씨유스킨,2025-05-08 00:00:00
2025036042,르누베르아줄렌시카자일리톨톤업선크림,주식회사 르누베르,2025-05-08 00:00:00
2025036137,이놀선크림,이놀바이오주식회사,2025-05-08 00:00:00
2025036175,더아인콜라겐톤업선크림,주식회사 더아인코스메틱,2025-05-08 00:00:00
2025036258,글루타넥스글로우선크림라이트,넥서스파마주식회사,2025-05-08 00:00:00
2025036355,아펠피디알엔모이스처라이징선크림,아펠코스메틱주식회사,2025-05-09 00:00:00
2025036515,리얼네이처알로에베라선크림,(주)코스메이트코스메틱,2025-05-09 00:00:00
2025036523,라비오뜨유브이베일워터핏선크림,(주)라비오뜨,2025-05-09 00:00:00
2025036656,니아코스메틱스톤업선크림,(주)이노보떼,2025-05-09 00:00:00
2025036678,아페리레비브리즈톤업선크림,(주)수아내추럴,2025-05-09 00:00:00
2025036975,파파레서피라이스블레미쉬딥모이스트선크림,주식회사에이비티아시아,2025-05-12 00:00:00
2025037237,메디필액티브실키선크림2.0,주식회사스킨이데아,2025-05-12 00:00:00
2025037295,오브제모이스처데일리선크림,주식회사어댑트,2025-05-12 00:00:00
2025037436,옵티팜히알초선크림,(주)라이프스타일프로젝트,2025-05-12 00:00:00
2025037496,돌데일리글로우유브이쉴드선크림,주식회사 디올앤메디,2025-05-12 00:00:00
2025037697,크라우니에스케이선크림,주식회사바라코,2025-05-12 00:00:00
2025037735,엘로엘베리어디펜스선크림,주식회사모노글로트홀딩스,2025-05-12 00:00:00
2025038133,아르텔라콜라겐선크림,주식회사셀코코,2025-05-13 00:00:00
2025038277,페르바도어린이선크림,주식회사뉴퍼플,2025-05-13 00:00:00
2025038575,와이즐리아쿠아에센스퍼플톤업선크림,주식회사와이즐리컴퍼니,2025-05-13 00:00:00
2025038675,싸이닉파워옴므워터리선크림,십일번가주식회사,2025-05-14 00:00:00
2025039279,테카플러스포뮬러컴포트선크림,동국제약주식회사,2025-05-14 00:00:00
2025039495,베라루데일리선크림SPF50+PA++++,(주)셀드로우(celldraw),2025-05-15 00:00:00
2025039516,프욜시그니처하이브리드유브이선크림,주식회사제이투코스메틱,2025-05-15 00:00:00
2025039555,글로우업바이비욘드히알루론판테놀수분진정선크림,(주)엘지생활건강,2025-05-15 00:00:00
2025039556,서해솔엑토인센서티브선크림,(주)리베코스,2025-05-15 00:00:00
2025039715,공스킨수분선크림,(주)동방코스메틱,2025-05-15 00:00:00
2025040035,더마팩토리노세범카밍선크림,(주)제이엘벤처스,2025-05-15 00:00:00
2025040256,디오메르톤업선크림,(주)초콜릿코스메틱,2025-05-16 00:00:00
2025040415,맘스타나투라비타베이비선크림,(주)미도화장품,2025-05-16 00:00:00
2025040999,루힐로선퓨어링크히알루로닉워터풀톤업선크림,(주)스킨덤,2025-05-19 00:00:00
2025041065,미려퍼펙트유브이선크림,(주)미려코스메틱,2025-05-19 00:00:00
2025041156,텐제로알로에유브이톤업바디선크림,(주)아트페이스,2025-05-20 00:00:00
2025041175,멜티끄아쿠아데일리선크림,주식회사비에이치링크,2025-05-19 00:00:00
2025042878,더셀랩셀톤선크림,더셀앤컴퍼니주식회사,2025-05-21 00:00:00
2025042975,디오프러스이십사케이골드아쿠아콜라겐텐인원페이스앤바디선크림,(주)오브이코스(OVCOS),2025-05-22 00:00:00
2025043175,셀비엔안티멜라즈마디펜스선크림에스피에프50+피에이++++,(주)월드코스텍,2025-05-22 00:00:00
2025043298,온비데일리수분선크림,온,2025-05-22 00:00:00
2025043616,닥터방기원시카마이드데일리에센스선크림,주식회사코스니즈,2025-05-22 00:00:00
2025043679,퓨티포텍트마일드선크림,퓨티이노센스,2025-05-23 00:00:00
2025043680,효비건퍼펙트유브이선크림,(주)미도화장품,2025-05-23 00:00:00
2025043790,비앤비무기자차선크림,(주)비앤비코리아,2025-05-26 00:00:00
2025043826,비타할로에어리워터핏선크림에프엑스,(주)피에프네이처,2025-05-26 00:00:00
2025043845,나인틴포티세븐페이스업선크림,투에스플러스주식회사,2025-05-26 00:00:00
2025043852,나이아신선글리터아쿠아선크림,(주)유나이티드코리아,2025-05-26 00:00:00
2025043930,메디프로유브이에이유브이비톤업선크림에스피에프50+피에이+++,상진화학,2025-05-27 00:00:00
2025044119,백설마일드톤업선크림,주식회사아마르떼코스메틱,2025-05-28 00:00:00
2025044126,라뮤니르센서티브트리플리페어선크림,주피터코리아,2025-05-28 00:00:00
2025044218,블루랩실크쉴드리페어알로에베라선크림,(주)에스제이엠코스메틱,2025-05-29 00:00:00
2025044673,제이엠솔루션콜라겐피디알엔퍼밍선크림,(주)지피클럽,2025-06-04 00:00:00
2025044700,제이엠솔루션시카마데카밍선크림,(주)지피클럽,2025-06-04 00:00:00
2025044704,프리티스킨강남미인워터리마일드선크림,(유)프리티스킨인터내셔널,2025-06-04 00:00:00
2025044715,프리티스킨더퓨어제주감귤비타씨브라이트닝365선크림,(유)프리티스킨인터내셔널,2025-06-04 00:00:00
2025044717,프리티스킨더퓨어제주시카365마일드선크림,(유)프리티스킨인터내셔널,2025-06-04 00:00:00
2025044744,미니페이스바이끌레드벨카밍순선크림,에이치엠제이코리아(주),2025-06-04 00:00:00
2025044760,피토버클린케어선크림,주식회사에스지메디코스,2025-06-04 00:00:00
2025044946,바코시톤업선크림에피에프50피에이++++,주식회사벨롱앤아이코스,2025-06-05 00:00:00
2025045009,레이알선크림에스피에프50플러스피에이++++,(주)죠이라이프,2025-06-09 00:00:00
2025045011,젤라쿠아블러링블루젤리톤업선크림,주식회사뷰티풀스마일,2025-06-09 00:00:00
2025045025,제이엠솔루션멀티히아워터풀선크림,(주)지피클럽,2025-06-09 00:00:00
2025045076,선스킨글로우톤업베이스선크림,주식회사선스킨코스메틱,2025-06-09 00:00:00
2025045185,더율더마시카모이스처데일리선크림,지와이씨앤씨,2025-06-10 00:00:00
2025045336,라카본딩선크림01라이트베이지,주식회사라카코스메틱스,2025-06-10 00:00:00
2025045384,리안후엑소좀시카카밍선크림,주식회사온닥터,2025-06-10 00:00:00
2025045630,카타리나지오멀티리커버리유브이선크림,더라미주식회사,2025-06-11 00:00:00
2025045747,모넨느에센스선크림,한국바이오뷰티산업협동조합,2025-06-11 00:00:00
2025045757,힐란드저스트선크림,주식회사바넬로피플러스,2025-06-11 00:00:00
2025045855,이즈앤트리어니언뉴페어퍼플톤업선크림,(주)이즈앤트리,2025-06-12 00:00:00
2025045920,에비라랩톤업선크림,주식회사멜로즈코리아,2025-06-12 00:00:00
2025045982,라운드랩소나무진정시카무기자차선크림,서린컴퍼니(주),2025-06-13 00:00:00
2025046013,랩서울한톤업선크림,주식회사 제이에이치사이언스,2025-06-13 00:00:00
2025046035,아꾸아트리플베리어선크림,복스하우스,2025-06-13 00:00:00
2025046058,안나홀츠올인원트리플러스울트라선크림,(주)안나홀츠,2025-06-13 00:00:00
2025046061,안나홀츠올인원트리플러스울트라선크림,(주)안나홀츠,2025-06-13 00:00:00
2025046080,닥터큐비오퓨어선크림,주식회사딜라이트코스메틱,2025-06-15 00:00:00
2025046125,요아럽유브이하이브리드선크림,주식회사요아럽,2025-06-16 00:00:00
2025046150,아이레놀쌩얼보정선크림1.0,주식회사와이즈플래닛컴퍼니,2025-06-16 00:00:00
2025046152,아이레놀쌩얼보정선크림2.0,주식회사와이즈플래닛컴퍼니,2025-06-16 00:00:00
2025046170,프롬미톤업파운데이션프리리페어피디알엔선크림,주식회사에프엠그룹,2025-06-16 00:00:00
2025046178,클리브진생베리프리미엄선크림,(주)아미코스메틱,2025-06-16 00:00:00
2025046180,에스폴리오룩앳미시카선크림,주식회사뷰티인사이드,2025-06-16 00:00:00
2025046181,이브스러브스네일화이트닝선크림,(주)이앤알,2025-06-16 00:00:00
2025046483,이너프콜라겐에이엑스브라이트닝선크림SPF50+PA++++,(주)이너프,2025-06-18 00:00:00
2025046493,닥터쉘딩멜라블럭톤업선크림,켄지메디코스,2025-06-18 00:00:00
2025046516,에이썸블링블링화이트닝톤업선크림,(주)메이포레,2025-06-18 00:00:00
2025046572,심플스틱이지선크림,(주)심플스틱,2025-06-19 00:00:00
2025046594,리젠시아채리티선크림,주식회사에이스원글로벌,2025-06-19 00:00:00
2025046600,키리아테라피마레글래시어아쿠아스킨핏선크림,유스코스,2025-06-19 00:00:00
2025046612,라씰레에코36.9맑은녹두선크림,주식회사컬쳐제이,2025-06-19 00:00:00
2025046621,폴리인디고브라이트닝선크림,농업회사법인주식회사제주인디,2025-06-19 00:00:00
2025046742,네이처리퍼블릭유브이컷바오밥톤업선크림,(주)네이처리퍼블릭,2025-06-20 00:00:00
2025046762,록키스베리굿선크림,(주)록키스,2025-06-20 00:00:00
2025046774,안나홀츠울트라프로텍트수분선크림,(주)안나홀츠,2025-06-20 00:00:00
2025046910,알라딘알엑스디에이500베리어프로텍션선크림,주식회사에이디피더마,2025-06-23 00:00:00
2025046912,스튜핏클레오스프로텍터워터리선크림,한솔생명과학(주),2025-06-23 00:00:00
2025046960,센테카솔선크림오,한솔생명과학(주),2025-06-23 00:00:00
2025047029,뷰티팜선크림,(주)에이스제약,2025-06-23 00:00:00
2025047046,디씨뷰티엑소유브이톤업선크림,주식회사바이옵트,2025-06-23 00:00:00
2025047102,프리더마세리내츄럴플러스유브이선크림,주식회사 더엘케이,2025-06-23 00:00:00
2025047139,스킨체인저프로페셔널선크림,더록시코스메틱,2025-06-24 00:00:00
2025047239,스킨1004마다가스카르센텔라에어핏선크림플러스,주식회사크레이버코퍼레이션,2025-06-25 00:00:00
2025047399,이노센스마일드앤리프레시선크림,나드리화장품(주),2025-06-26 00:00:00
2025047416,다인스노블레스마일드선크림,나드리화장품(주),2025-06-26 00:00:00
2025047436,백당고맑은톤기미선크림,주식회사코스메쉐프,2025-06-26 00:00:00
2025047442,더마린마일드모이스처미네랄선크림,환인제약(주),2025-06-26 00:00:00
2025047614,에프엔리퍼브릭리쥬셀글로우비비선크림,(주)피코스텍,2025-06-30 00:00:00
2025047640,나린플라모이스춰카밍선크림,(주)로즈로드,2025-06-27 00:00:00
2025047739,뉴베리프백합리커버리선크림SPF50+PA++++,리더스어소시에이츠주식회사,2025-06-30 00:00:00
2025047770,닥터멜락신티엑스아스타잔틴기미미백캡슐선크림,주식회사브랜드501,2025-06-30 00:00:00
2025047975,에바끌레르내추럴선크림,(주)미도화장품,2025-06-30 00:00:00
2025048244,데일리워터풀선크림,(주)리코리스,2025-07-01 00:00:00
2025048296,데일리아쿠아톤업선크림,(주)리코리스,2025-07-01 00:00:00
2025048357,모델로엑스퍼트톤업선크림,(주)모델로,2025-07-01 00:00:00
2025048657,포어수센시티브스킨31퓨어스피어선크림,주식회사한스코스,2025-07-02 00:00:00
2025048897,클리브멀티히아루로닉하이드레이팅선크림,(주)아미코스메틱,2025-07-02 00:00:00
2025049019,몽디에스선크림,(주)360퍼스펙티브,2025-07-03 00:00:00
2025049189,아페리레비프로즌워터핏선크림,(주)수아내추럴,2025-07-03 00:00:00
2025049495,네바앤누니크딥씨스노우휩선크림,주식회사레크로토스튜디오,2025-07-04 00:00:00
2025049855,라입아쿠아모이스처선크림,주식회사비에스코스텍,2025-07-07 00:00:00
2025050544,아이멜리블루마린에너지톤업선크림,주식회사소셜라우더,2025-07-08 00:00:00
2025050555,릿빗핑크톤업선크림,(주)글로우더스킨,2025-07-08 00:00:00
2025050651,리프랩카밍톤업선크림,(주)결고은사람들,2025-07-08 00:00:00
2025050858,보닌알엑스모이스처선크림,(주)엘지생활건강,2025-07-09 00:00:00
2025050875,올브유브이선케어톤업선크림,주식회사바이오트리컴퍼니,2025-07-09 00:00:00
2025051059,스탠다드서울콜라겐퍼밍글로우선크림,(주)세이션,2025-07-09 00:00:00
2025051519,메디포셀콜라겐톤업선크림,주식회사머큐리랩스,2025-07-15 00:00:00
2025051647,더블유랩더블유워터핏라이트케어모이스처선크림,주식회사아이비티코리아,2025-07-16 00:00:00
2025051700,르프리엘인텐시브리페어선크림SPF50+PA++++,주식회사젠퓨어,2025-07-16 00:00:00
2025051704,시크릿파리톤업선크림SPF50+PA++++,씨앤오코스메틱,2025-07-16 00:00:00
2025052129,에코르체네이쳐스킨유브이톤업선크림,(주)이노보떼,2025-07-21 00:00:00
2025052130,에코르체네이쳐스킨시카카밍톤업선크림,(주)이노보떼,2025-07-21 00:00:00
2025052162,바바코올인원물광선크림,주식회사블렌디크,2025-07-21 00:00:00
2025052168,에코르체네이쳐스킨브라이트닝유브이프로텍션멀티선크림,(주)이노보떼,2025-07-21 00:00:00
2025052338,디오프러스유브이디펜스딥모이스처스쿠알란선크림,(주)오브이코스(OVCOS),2025-07-21 00:00:00
2025052383,엠오앤씨데일리마일드선크림SPF50+PA++++,(주)위니치에스앤디,2025-07-21 00:00:00
2025052478,딸로청자몽글로우톤업선크림,주식회사브라이즈,2025-07-22 00:00:00
2025052978,리바이포유컨트롤센서티브선크림,주식회사에이치유지,2025-07-23 00:00:00
2025053398,지케이스킨네이처선크림,(주)이노보떼,2025-07-24 00:00:00
2025053557,킴스워터선크림,(주)킴스코스메틱스,2025-07-24 00:00:00
2025054048,코슬로우고운쑥수분선크림,(주)위메이크코스메틱스,2025-07-25 00:00:00
2025054115,포더페이스핑크선크림,주식회사포커스뷰티코리아,2025-07-25 00:00:00
2025054475,메트리젠톤업리퀴드선크림,(주)메조팜,2025-07-28 00:00:00
2025054479,에스오디톤업선크림,(주)에스오디랩,2025-07-28 00:00:00
2025054997,아티보티트리수딩선크림,(주)코스메카코리아,2025-07-28 00:00:00
2025055415,라라레서피말차시카선크림,주식회사라라레서피,2025-07-29 00:00:00
2025055435,아이레놀쌩얼보정선크림퍼플,주식회사와이즈플래닛컴퍼니,2025-07-29 00:00:00
2025056465,청미정기미잡티톤업선크림크랜베리랩,일성 유한책임회사,2025-07-31 00:00:00
2025056775,코씨드바이오팜테스트선크림,(주)코씨드바이오팜,2025-08-01 00:00:00
2025057455,엘뤼프미라클선크림에스피에프50+피에이++++,주식회사엘웨이메이커,2025-08-05 00:00:00
2025057482,에버렐듀얼베리어수딩선크림,주시회사 듀오그린,2025-08-05 00:00:00
2025058475,리누젠비타민씨선크림,(주)바이오시엠,2025-08-08 00:00:00
2025058498,에슈올인원선크림,주식회사바이미나,2025-08-08 00:00:00
2025059318,라라레서피구아바콜라겐선크림,주식회사라라레서피,2025-08-12 00:00:00
2025059336,알로네츄라알로에베라모이스처리얼수딩선크림,(주)웰코스,2025-08-12 00:00:00
2025059477,셀베인피디알엔데일리선크림,주식회사 제론셀베인,2025-08-12 00:00:00
2025059541,아르네엑셀리뉴피디알엔리쥬비네이팅선크림,주식회사 제이케이알팜,2025-08-13 00:00:00
2025059875,이즈앤트리어니언블레미쉬퍼플라이트톤업선크림,(주)이즈앤트리,2025-08-13 00:00:00
2025059998,진정톤업잘잤선크림,옴니버스센트럴주식회사,2025-08-14 00:00:00
2025060036,진정발랐선크림,옴니버스센트럴주식회사,2025-08-14 00:00:00
2025060253,닥터리본엑소좀더마유브이퍼펙트장벽무기자차촉촉선크림,주식회사닥터발란스뷰티,2025-08-16 00:00:00
2025060596,쎄노라더마릴리프선크림,주식회사에스지에프앤비,2025-08-18 00:00:00
2025060916,아이소이모이스춰닥터선크림,(주)자연인,2025-08-19 00:00:00
2025060917,브이티라이스선크림,(주)브이티코스메틱,2025-08-19 00:00:00
2025061016,비브리즈서울선크림,주식회사마리벨로,2025-08-19 00:00:00
2025061320,오후세시반선크림50+피에이++++,재이코리아,2025-08-20 00:00:00
2025061857,노모어오일리노세범데일리선크림,(주)위켄들리,2025-08-21 00:00:00
2025062083,톤핏선비건톤코렉팅선크림,한국화장품(주),2025-08-22 00:00:00
2025062316,아이민트헤이써니시카비타선크림,(주)스플래쉬민,2025-08-22 00:00:00
2025062421,바하르하이드로스킨핏선크림,주식회사 네이처인랩,2025-08-22 00:00:00
2025062657,주다안올데이올세이프선크림,주식회사이안글로벌,2025-08-25 00:00:00
2025062717,메디포셀울트라히알루론산모이스처선크림,주식회사머큐리랩스,2025-08-25 00:00:00
2025062832,공스킨나이아신아마이드선크림,㈜연제,2025-08-25 00:00:00
2025063371,닥터알파울트라5쉴드선크림,대한피부과학연구소주식회사,2025-08-27 00:00:00
2025063515,푸드어홀릭알로하와이유브이쉴드모이스처선크림,주식회사베로베코스메틱,2025-08-26 00:00:00
2025063699,프로텍션피직스서울퍼펙트수분선크림,한국콜마(주),2025-08-27 00:00:00
2025065036,리비힐엑소좀선크림,주식회사리비바이오,2025-08-29 00:00:00
2025065056,선크림앰플,주식회사코테온,2025-08-29 00:00:00
2025065083,와이즐리아쿠아에센스선크림,주식회사와이즐리컴퍼니,2025-08-29 00:00:00
2025065276,수페보태니컬릴리프선크림,에스케이임업주식회사,2025-08-29 00:00:00
2025065755,피오투프레쉬워터에센스선크림,피오투코스메틱,2025-09-01 00:00:00
2025066576,닥터노바메디리쥬브네이팅하이드로소프트톤업선크림,주식회사노바메디코리아,2025-09-02 00:00:00
2025066595,아이소이브라이트닝선크림,(주)자연인,2025-09-02 00:00:00
2025066719,데이셀메디랩더마프로바이탈화이트닝선크림커버,데이셀코스메틱(주),2025-09-02 00:00:00
2025067396,엘테라이지에프앤피디알엔톤업선크림,강남코퍼레이션주식회사,2025-09-03 00:00:00
2025067915,바바코글로우화이트톤업선크림,주식회사블렌디크,2025-09-04 00:00:00
2025068109,루디오스브라이트닝톤업선크림,에이미스킨,2025-09-04 00:00:00
2025068413,코리아나루바체비3글로우픽싱톤업선크림,(주)코리아나화장품,2025-09-05 00:00:00
2025069615,헤아림카밍시카선크림,주식회사헤아림코스메틱,2025-09-09 00:00:00
2025069616,헤아림피디알엔톤업선크림,주식회사헤아림코스메틱,2025-09-09 00:00:00
2025069621,데이엘매일의습관퍼플콘코어선크림,주식회사소윌로,2025-09-09 00:00:00
2025069786,포썸머오션프루프무기자차선크림02선블러쉬드,오션차일드,2025-09-09 00:00:00
2025069835,포썸머오션프루프무기자차선크림01선키스드,오션차일드,2025-09-09 00:00:00
2025069895,티엠티엠어시티진정민감성지속선크림,티엠티엠주식회사,2025-09-10 00:00:00
2025070441,플루메비쓰리브라이트선크림,(주)뉴겐코스메틱,2025-09-11 00:00:00
2025070516,시스켈리피디알엔콜라겐리제너톤업선크림,퀸즈컴퍼니주식회사,2025-09-11 00:00:00
2025071119,미스필플러스선크림에스피에프50+피에이++++,주식회사미스필플러스,2025-09-12 00:00:00
2025071197,듀이슬하이듀톤업선크림,주식회사바운드리스,2025-09-12 00:00:00
2025071215,리프랩어성초카밍톤업선크림,(주)결고은사람들,2025-09-12 00:00:00
2025071241,뮤엘토토니크알바라톤업선크림,주식회사넥스트릭,2025-09-12 00:00:00
2025071516,오클리앙베리어드에센스선크림,케이민그룹주식회사,2025-09-15 00:00:00
2025071995,루마리슈퍼비프로텍션선크림,(주)뉴겐코스메틱,2025-09-16 00:00:00
2025072000,로메르프라임트러플브라이트닝선크림,(주)글로릭스,2025-09-16 00:00:00
2025072078,15데이즈선크림,(주)툴러,2025-09-16 00:00:00
2025072097,토일럽듀얼온3인1선크림,토일럽,2025-09-16 00:00:00
2025072135,오브제맥스워터풀선크림,주식회사어댑트,2025-09-16 00:00:00
2025072140,시카좀카밍선크림,(주)제이디코리아홀딩스,2025-09-17 00:00:00
2025072148,와이즐리지성복합성피부용선크림,주식회사와이즐리컴퍼니,2025-09-17 00:00:00
2025072155,스킨어블마일드선크림,주식회사미라,2025-09-17 00:00:00
2025072180,디오프러스유브이디펜스피디알엔선크림,(주)오브이코스(OVCOS),2025-09-17 00:00:00
2025072242,하예진라이스필라티엠수분선크림SPF50+PA++++,씨아이에스인터내셔날서비스(주),2025-09-17 00:00:00
2025072636,무하이다래시카워터리선크림,주식회사단색,2025-09-18 00:00:00
2025072878,빈느유브이퍼펙션워터풀선크림,주식회사브이엔엘,2025-09-18 00:00:00
2025072917,하나무기선크림,(주)하나코스,2025-09-19 00:00:00
2025072972,토일럽듀얼올인원3인1선크림,토일럽,2025-09-19 00:00:00
2025072994,리멜라시카30카밍선크림,주식회사리멜라,2025-09-19 00:00:00
2025073000,스포뉴바피디알엔액티브선크림프로,넥스트팬지아(주),2025-09-22 00:00:00
2025073076,마사키톤업선크림화이트닝,(주)해피엘앤비,2025-09-21 00:00:00
2025073098,따사로움루미너스진주빛톤업선크림,주식회사위진유통,2025-09-22 00:00:00
2025073105,제노시스멀티선크림,(주)디티에스엠지,2025-09-22 00:00:00
2025073196,서와니글루타치온선크림,주식회사나온코리아,2025-09-22 00:00:00
2025073213,끌루이프로텍트톤업선크림모이스쳐,주식회사이노기획,2025-09-23 00:00:00
2025073215,끌루이프로텍트톤업선크림안티폴,주식회사이노기획,2025-09-23 00:00:00
2025073244,영러브딥카밍선크림,엔제이피(NJP),2025-09-23 00:00:00
2025073518,셀로키즈마일드선크림,주식회사셀로맥스사이언스,2025-09-25 00:00:00
2025073522,엠디스픽테카테카카밍아쿠아선크림,주식회사딥런,2025-09-25 00:00:00
2025073556,화이트더마선더마뉴선크림,(주)웰메이드생활건강,2025-09-25 00:00:00
2025073557,티엑스코스메틱스티엑스실리카선크림,(주)웰메이드생활건강,2025-09-25 00:00:00
2025073558,마이해린내추럴톤업선크림,(주)웰메이드생활건강,2025-09-25 00:00:00
2025073559,이든링클케어마린선크림,(주)웰메이드생활건강,2025-09-25 00:00:00
2025073582,토일럽듀얼올인원온3인1선크림,토일럽,2025-09-25 00:00:00
2025073631,셀리진씨워터바이옴데일리선크림,피엠더블유글로벌 주식회사,2025-09-25 00:00:00
2025073788,썸머홀릭울트라스포츠선크림,주식회사썸머유니버스,2025-09-26 00:00:00
2025074016,더페이스샵탠저린비타씨브라이트닝톤업선크림,(주)엘지생활건강,2025-09-30 00:00:00
2025074225,아른파라솔에어리선크림,주식회사아른,2025-09-30 00:00:00
2025074475,몰리큘스퀘어저분자콜라겐피디알엔탄력윤광엑스투톤업선크림,(주)생그린,2025-10-01 00:00:00
2025074595,메디큐브콜라겐글로우선크림,주식회사에이피알,2025-10-01 00:00:00
2025074787,에피티크바이덤히알루수분핏선크림,(주)제테마,2025-10-02 00:00:00
2025074982,무신사스탠다드뷰티퍼펙트실드밸런싱선크림,주식회사무신사,2025-10-13 00:00:00
2025075067,브이티시카브라이트닝선크림,(주)브이티코스메틱,2025-10-13 00:00:00
2025075140,닥터리프엘유브이프로텍터선크림,주식회사스노우코스메틱,2025-10-13 00:00:00
2025075357,수별알선크림,(주)문코퍼레이션,2025-10-14 00:00:00
2025075684,아이요르퓨어래디언스선크림,주식회사아요르,2025-10-16 00:00:00
2025075819,퐁당퓨어캄데일리선크림,(주)피플스,2025-10-16 00:00:00
2025076138,물랩유브이디펜더선크림,(주)에스테르,2025-10-17 00:00:00
2025076243,엘앤브이블룸톤업선크림,(주)해피엘앤비,2025-10-20 00:00:00
2025076310,오로로루미너스워터풀비타민선크림,(주)아이씨에이치앤비,2025-10-20 00:00:00
2025076319,메타선크림,(주)파이온텍,2025-10-20 00:00:00
2025076428,매스티나화이트매스틱글로우톤업선크림,주식회사프롬바이오코스메틱,2025-10-21 00:00:00
2025076455,휴스킨더마셀유브이프로텍터선크림,주식회사멜로즈코리아,2025-10-21 00:00:00
2025076549,야수미톤업선크림,에스에이치코스메틱그룹,2025-10-22 00:00:00
2025076717,예쁘다로즈피디알엔선크림,주식회사오유인터내셔널,2025-10-23 00:00:00
2025077155,센텔리안24마데카더마쉴드바이탈듀이선크림,동국제약주식회사,2025-10-24 00:00:00
2025077316,인비저블핏선크림,주식회사프로소(Proso Inc.),2025-10-24 00:00:00
2025077704,디오프러스유브이디펜스마일드선크림포키즈,(주)오브이코스(OVCOS),2025-10-27 00:00:00
2025078039,닥터모스레시피밀크엑소좀데일리선크림,(주)바이오에프디엔씨,2025-10-28 00:00:00
2025078060,라운드랩소나무진정시카프라이머선크림,서린컴퍼니(주),2025-10-28 00:00:00
2025078061,프로랑스알로에카밍워터프루프선크림,(주)프로랑스화장품,2025-10-28 00:00:00
2025078065,라일락퍼플글로우수분톤업선크림,쏘즈,2025-10-28 00:00:00
2025078118,니다인비저블핏선크림,주식회사프로소(Proso Inc.),2025-10-28 00:00:00
2025078144,쁘띠라77나이아신아마이드유브이쉴드선크림,㈜연제,2025-10-28 00:00:00
2025078167,아말다엔트리8.14선크림,마랭코스,2025-10-28 00:00:00
2025078296,세라퓸콜라겐수분선크림,㈜연제,2025-10-29 00:00:00
2025078318,세라퓸나이아신아마이드선크림,㈜연제,2025-10-29 00:00:00
2025078455,포리덤톡스선크림,주식회사호체,2025-10-30 00:00:00
2025078577,르베떼보타닉엑소좀선크림,르베떼(LUVETE),2025-10-30 00:00:00
2025078605,환한브라이트닝업선크림,(주)유에스티,2025-10-30 00:00:00
2025078642,모두안쌀피디알엔데일리선크림,(주)우아즈랩,2025-10-31 00:00:00
2025078984,나고인카밍5필터톤업선크림,(주)해피엘앤비,2025-11-03 00:00:00
2025079037,매스티나화이트매스틱모이스처앰플선크림,주식회사프롬바이오코스메틱,2025-11-04 00:00:00
2025079102,코스놀로지슈퍼워터프루프에어리핏시카선크림,베스타주식회사,2025-11-04 00:00:00
2025079160,케어놀로지쓰리액티브디펜스선크림,(주)닥터아임,2025-11-04 00:00:00
2025079217,프롬더스킨모이스처에어리선크림,바이오모아메디칼주식회사,2025-11-05 00:00:00
2025079355,프랜더마유브이프로텍티브아쿠아선크림,주식회사 프랜더마,2025-11-05 00:00:00
2025079625,밀리맘이지워시마일드선크림,(주)엠케이유니버셜,2025-11-06 00:00:00
2025079803,피노웰솔아래포레스트쉴드선크림,(주)필로스씨엔에프,2025-11-07 00:00:00
2025079975,에스쁘아워터스플래쉬선크림시카톤업,(주)에스쁘아,2025-11-07 00:00:00
2025080280,미모바이마몽드로지-히알론수분선크림,(주)아모레퍼시픽,2025-11-10 00:00:00
2025080399,어토브베리어선크림,구띵몰,2025-11-10 00:00:00
2025080582,퓨어그라운드글루타치온톤업선크림,(주)인스코리아,2025-11-11 00:00:00
2025080584,퓨어그라운드콜라겐핑크톤업선크림,(주)인스코리아,2025-11-11 00:00:00
2025080898,라에힐글로우어글로우톤업선크림,라에힐코리아주식회사,2025-11-12 00:00:00
2025080907,애플씨씨비타민선크림SPF50+PA+++,씨앤오코스메틱,2025-11-12 00:00:00
2025081116,디럭스킨스킨글로우톤업유브이선크림,(주)제이엘인터내셔널,2025-11-12 00:00:00
2025081209,트레베너티앤바스유브이보타니선크림,(주)미도화장품,2025-11-12 00:00:00
2025081256,글램핑크시카플러스톤업선크림,(주)더헤리티,2025-11-13 00:00:00
2025081475,풀리비타민비12브라이트닝톤업선크림,주식회사어댑트,2025-11-13 00:00:00
2025081495,풀리엑소좀퍼밍톤업선크림,주식회사어댑트,2025-11-13 00:00:00
2025081535,풀리포어펩타이드타이트닝톤업선크림,주식회사어댑트,2025-11-13 00:00:00
2025081595,에뛰드피지쏙무기자차선크림,(주)에뛰드,2025-11-13 00:00:00
2025081629,에뛰드순정디렉터톤업핑크선크림,(주)에뛰드,2025-11-13 00:00:00
2025081855,세라퀸즈피디알엔나이아신아마이드글로우선크림,주식회사에스엠피인터내셔널,2025-11-13 00:00:00
2025081875,아이레놀쌩얼보정선크림1.5,주식회사와이즈플래닛컴퍼니,2025-11-14 00:00:00
2025082099,솔리데이스킨디펜스파워쉴드유브이선크림,주식회사놉씨,2025-11-14 00:00:00
2025083277,레이시올로지12시간하이드로쉴드선크림,주식회사인티그리타스,2025-11-19 00:00:00
2025083348,바이리얼베리어세라베이스모이스처라이징카밍선크림,(주)네오팜,2025-11-20 00:00:00
2025083906,끌레오비아리포피디알앤포엑스브라이트닝유브이선크림,주식회사코스랩스,2025-11-21 00:00:00
2025083995,시카내추럴선크림,(주)코레아트,2025-11-21 00:00:00
2025084335,메디포셀히알루론산모이스처선크림,주식회사머큐리랩스,2025-11-24 00:00:00
2025084356,뽀얀쌀생기톤업커버선크림,씨제이올리브영(주),2025-11-24 00:00:00
2025084819,미모바이마몽드피어니-티놀톤업선크림,(주)아모레퍼시픽,2025-11-26 00:00:00
2025084917,업체제공용선크림,(주)디케이코스메틱,2025-11-25 00:00:00
2025084959,닥터제이에스케이피디알엔마일드선크림,㈜제이에스케이,2025-11-26 00:00:00
2025085155,바일라스킨아우라글로우선크림,원바이원 코스메틱,2025-11-26 00:00:00
2025085332,조선미녀스테이프레쉬톤업선크림퍼플,주식회사구다이글로벌,2025-11-27 00:00:00
2025085415,조선미녀스테이프레쉬톤업선크림그린,주식회사구다이글로벌,2025-11-27 00:00:00
2025085461,톡스앤필더마엑소워터쉴드징크365선크림,주식회사비비지네트웍스,2025-11-27 00:00:00
2025085462,엘가닉캔선크림,(주)결고은사람들,2025-11-27 00:00:00
2025085615,하랑선선크림,주식회사 인디셀바이오,2025-11-27 00:00:00
2025085828,그린코스클리어모이스처선크림SPF50+PA++++,(주)오브이코스(OVCOS),2025-11-28 00:00:00
2025086675,셀메이징핑크베이지톤업선크림,(주)토리든,2025-12-02 00:00:00
2025086835,어네이브워터프루프선크림,(주)쁘띠엘린,2025-12-02 00:00:00
2025087275,더말란스컴피선크림,(주)양스코스메틱,2025-12-03 00:00:00
2025087355,부케가르니나드쌀겨에센스브라이트닝선크림,(주)브리드비인터내셔널,2025-12-03 00:00:00
2025087420,라리미움워터리라이트웨이트트리플프로텍션선크림,테르주식회사,2025-12-04 00:00:00
2025087556,피에이치하비피디알엔프로텍션부스터선크림,피에이치하비주식회사,2025-12-04 00:00:00
2025088016,시기소프트글로우톤업선크림,맥스아로마주식회사,2025-12-05 00:00:00
2025088022,연화연꽃브라이트닝선크림,주식회사연화컴퍼니,2025-12-05 00:00:00
2025088055,스틸맨파워액티비티톤업유브이쉴드선크림,주식회사제일코리아인터내셔널,2025-12-05 00:00:00
2025088275,넘버즈인청초진정맑은물막선크림,주식회사비나우,2025-12-08 00:00:00
2025088277,하우스오브허말차라이트선크림,주식회사하우스오브허코리아,2025-12-08 00:00:00
2025088293,에프씨엠엠선셋선크림,주식회사휘게라이프,2025-12-08 00:00:00
2025088424,닥터플러스셀앱솔루트선크림,이스터너생명과학(주),2025-12-10 00:00:00
2025088425,아임프롬씨위드워터리선크림,랩앤컴퍼니(주),2025-12-10 00:00:00
2025088512,식물나라페이스앤바디저자극선크림,씨제이올리브영(주),2025-12-11 00:00:00
2025088570,그린메디신닥터칸나랩선크림,주식회사 그린메디신,2025-12-11 00:00:00
2025088581,네이처리퍼블릭캘리포니아알로에진정수분선크림,(주)네이처리퍼블릭,2025-12-12 00:00:00
2025088585,이니스프리데일리유브이톤업노세범선크림라벤더,(주)이니스프리,2025-12-12 00:00:00
2025088586,이니스프리데일리유브이톤업노세범선크림베이지,(주)이니스프리,2025-12-12 00:00:00
2025088588,이니스프리데일리유브이톤업노세범선크림핑크,(주)이니스프리,2025-12-12 00:00:00
2025088737,디티랩래디언트화이트닝선크림,(주)해피엘앤비,2025-12-15 00:00:00
2025088797,비디비치얼티밋워터리에센셜선크림,(주)신세계인터내셔날,2025-12-16 00:00:00
2025088806,프로랑스데일리커버선크림,(주)프로랑스화장품,2025-12-16 00:00:00
2025088976,오브제액티브스웨트프루프선크림,주식회사어댑트,2025-12-18 00:00:00
2025089009,히스토랩365플러스선크림,(주)메디안스,2025-12-18 00:00:00
2025089056,달바워터풀톤업선크림내추럴커버베이지21호,주식회사달바글로벌,2025-12-18 00:00:00
2025089058,달바워터풀톤업선크림내추럴커버베이지23호,주식회사달바글로벌,2025-12-18 00:00:00
2025089231,웅혜엑소시카선크림,(주)유유엘앤피,2025-12-22 00:00:00
2025089240,닥터에스지엔클린대전선크림,주식회사에스지엔바이오,2025-12-22 00:00:00
2025089328,히이즈아쿠아젠선크림,주식회사아워앤드,2025-12-22 00:00:00
2025089480,블랑클리어엑소좀시카릴리프선크림,씨에이치에스아이엔씨(주),2025-12-23 00:00:00
2025089549,뷰자작나무워터풀선크림,(주)지에스리테일,2025-12-24 00:00:00
2025089641,아하선크림,주식회사유한코스메틱,2025-12-24 00:00:00
2025089655,랑데자뷰라비앙카멜리아선크림,(주)아이엠랑데자뷰,2025-12-26 00:00:00
2025089661,넘버즈인나드나인펩타이드듀이선크림,주식회사비나우,2025-12-26 00:00:00
2025089691,어스봄내추럴커버무기자차톤업선크림,어스봄,2025-12-26 00:00:00
2025089782,너스피어글로우톤업선크림SPF50+PA++++,아에레,2025-12-29 00:00:00
2025089804,랩노비건워터스킨톤업선크림,주식회사라르츠엑스,2025-12-29 00:00:00
2025089832,랩노비건워터수분선크림,주식회사라르츠엑스,2025-12-29 00:00:00
2025089877,에딧비베어버니톤필터선크림01핑크,(주)삐아,2025-12-30 00:00:00
2025089899,에딧비베어버니톤필터선크림02퍼플,(주)삐아,2025-12-30 00:00:00
2025089929,마리아꾸르끼선크림,(주)빌리브아이앤씨,2025-12-31 00:00:00
2026000093,티트리시카에센스선크림,이레코스텍주식회사,2026-01-02 00:00:00
2026000224,쓰리액티브디펜스선크림,(주)닥터아임,2026-01-02 00:00:00
2026000309,엑토마이드아쿠아부스팅선크림,에이치투오랩주식회사,2026-01-05 00:00:00
2026000451,엑토퓨어엑토인2퍼센트판테놀수분선크림,주식회사뉴마인드랩,2026-01-06 00:00:00
2026000628,에딧비베어버니톤필터선크림04누디비비,(주)삐아,2026-01-06 00:00:00
2026000967,퓨어린블루쉴드선크림,주식회사퓨어오션랩,2026-01-07 00:00:00
2026001004,김소형헤밀레본초순백도자기수분선크림,본초테라피김소형헤밀레(주),2026-01-07 00:00:00
2026001105,신데렐라스킨쉴드선크림,(주)에스겔코스메틱,2026-01-08 00:00:00
2026001119,구본초프리미엄골드아쿠아듀얼선크림화이트,(주)이케이코스메틱,2026-01-08 00:00:00
2026001137,로에르네퓨어톤업선크림,(주)에스겔코스메틱,2026-01-08 00:00:00
2026001161,구본초프리미엄골드아쿠아듀얼선크림블루,(주)이케이코스메틱,2026-01-08 00:00:00
2026001171,제이엠솔루션에델바이스빙하수알프스선크림,(주)지피클럽,2026-01-09 00:00:00
2026001217,베리홉유브이프로텍트워터풀선크림,주식회사라이트하우스코스메틱,2026-01-09 00:00:00
2026001315,다카포마일드가드선크림,닥터하스킨(주),2026-01-09 00:00:00
2026001316,비긴스바이정샘물블루캐모마일히알루론산수분톤업선크림,(주)정샘물뷰티,2026-01-09 00:00:00
2026001329,블랑큐라베타365톤업선크림,주식회사 블랑큐라,2026-01-09 00:00:00
2026001334,블랑큐라베타2021톤업선크림,주식회사 블랑큐라,2026-01-09 00:00:00
2026001341,다카포톤업선크림,닥터하스킨(주),2026-01-09 00:00:00
2026001380,제이엠솔루션콜라겐피디알엔퍼밍톤업선크림,(주)지피클럽,2026-01-09 00:00:00
2026001409,제이엠솔루션멀티히아워터풀톤업선크림,(주)지피클럽,2026-01-09 00:00:00
2026001430,제이엠솔루션시카마데카밍톤업선크림,(주)지피클럽,2026-01-09 00:00:00
2026001474,쉬본밤부릴리프선크림,(주)비엔코스,2026-01-12 00:00:00
2026001578,썸머홀릭데일리모이스처선크림,주식회사썸머유니버스,2026-01-12 00:00:00
2026001595,보다빈데일리선크림,주식회사 케이엔칸,2026-01-12 00:00:00
2026001890,비긴스바이정샘물블루캐모마일히알루론산퍼플톤업선크림,(주)정샘물뷰티,2026-01-13 00:00:00
2026001946,와티포스킨피디알엔멜라토닌보르프로샷밀키톤업선크림에스피에프50+피에이++++,주식회사정인,2026-01-14 00:00:00
2026001961,와티포스킨피디알엔엔엠엔엑소좀마일드선크림에스피에프50+피에이++++,주식회사정인,2026-01-14 00:00:00
2026001963,에딧비베어버니톤필터선크림03밀크화이트,(주)삐아,2026-01-14 00:00:00
2026001978,티지도미나스안티피그먼트유브이프로텍터브라이트톤업선크림이엑스,태극제약(주),2026-01-14 00:00:00
2026002013,나인틴포티세븐멀티케어선크림,투에스플러스주식회사,2026-01-14 00:00:00
2026002015,푼바키수딩실키톤업베이스선크림,주식회사푼바키,2026-01-14 00:00:00
2026002100,로제아크리스탈실버톤업선크림,메이커스코스메틱주식회사,2026-01-14 00:00:00
2026002119,보더리순두부크리미톤업선크림,주식회사데이즈(DAYZ),2026-01-15 00:00:00
2026002134,요거트루유청프로틴선크림,주식회사뷰티풀스마일,2026-01-15 00:00:00
2026002144,트윈웨일비타비3글로우선크림,주식회사케이큐씨,2026-01-15 00:00:00
2026002166,뉴라덤딥카밍인텐시브선크림,(주)메디톡스,2026-01-27 00:00:00
2026002167,뉴라덤딥카밍인텐시브선크림,(주)메디톡스,2026-01-15 00:00:00
2026002208,넘버즈인도자기결톤업베이지선크림02글로우,주식회사비나우,2026-01-15 00:00:00
2026002265,식물나라온가족이지워시선크림,씨제이올리브영(주),2026-01-15 00:00:00
2026002303,래빗스킨고화이트선크림,끼리앤컴퍼니주식회사,2026-01-16 00:00:00
2026002368,키세라씨큐어파인리페어워터핏선크림,키세라씨,2026-01-16 00:00:00
2026002411,벨도라브이나인글로우선크림,주식회사브이플랫폼,2026-01-16 00:00:00
2026002423,미라클뮤즈스티바에이수분톤업선크림,케이지미라클,2026-01-16 00:00:00
2026002484,순차올고운선크림,풀무원건강생활(주),2026-01-19 00:00:00
2026002559,아누아비타씨브라이트닝톤업선크림,주식회사더파운더즈,2026-01-19 00:00:00
2026002580,동안하루촉촉선크림,주식회사라이피스,2026-01-20 00:00:00
2026002610,케어놀로지토닝라이트업리페어선크림,(주)닥터아임,2026-01-20 00:00:00
2026002698,벨라그린톤선크림,주식회사벨라씨앤씨,2026-01-21 00:00:00
2026002702,포마다이아텐선크림,(주)스킨애플,2026-01-20 00:00:00
2026002706,한스킨핑크비타잡티토닝선크림,(주)셀트리온스킨큐어,2026-01-20 00:00:00
2026002709,루블리스블루카밍모이스처선크림,주식회사루토닉스,2026-01-20 00:00:00
2026002747,하늘수365맑은톤업선크림,(주)가시,2026-01-21 00:00:00
2026002771,미니멀니즈나이티선크림,비카인드랩,2026-01-21 00:00:00
2026002772,미니멀니즈써치선크림,비카인드랩,2026-01-21 00:00:00
2026002847,김소형헤밀레본초순백비단쌀안색선크림,본초테라피김소형헤밀레(주),2026-01-22 00:00:00
2026002866,넘버즈인도자기결톤업베이지선크림01블러,주식회사비나우,2026-01-22 00:00:00
2026002922,오리엔제로필름오일컨트롤선크림,주식회사페네트레,2026-01-22 00:00:00
2026002942,후시덤베리어리페어선크림,동화약품(주),2026-01-22 00:00:00
2026002999,에이지투웨니스멜라디펜스기미톤업에센스선크림,애경산업(주),2026-01-23 00:00:00
2026003100,비플레인선뮤즈톤업앤코렉팅선크림스킨베이지,주식회사모먼츠컴퍼니,2026-01-26 00:00:00
2026003163,메디리턴농낭릴리프진정톤업선크림,글로벌(주),2026-01-26 00:00:00
2026003190,디어로렌리얼이선크림,빌리코 주식회사,2026-01-26 00:00:00
2026003196,토니모리그린티수분선크림,(주)토니모리,2026-01-27 00:00:00
2026003198,달바워터풀톤업선크림내추럴커버베이지22호,주식회사달바글로벌,2026-01-27 00:00:00
2026003207,토니모리기미야미백톤업선크림,(주)토니모리,2026-01-27 00:00:00
2026003270,디어오늘비비선크림,(주)우앤주,2026-01-27 00:00:00
2026003280,붐디아다징크하이브리드데일리선크림,(주)준목인터내셔널,2026-01-27 00:00:00
2026003285,하레니데일리마일드선크림,주식회사우빅,2026-01-27 00:00:00
2026003286,붐디아다징크하이브리드톤업선크림,(주)준목인터내셔널,2026-01-27 00:00:00
2026003376,닥터스네일플러스유브이에센스선크림125,자연같이사회적협동조합,2026-01-28 00:00:00
2026003385,토니모리더촉촉그린티수분선크림,(주)토니모리,2026-01-28 00:00:00
2026003394,비프루브마린수분쿨링선크림,(주)코스모코스,2026-01-28 00:00:00
2026003420,헤즈나씨엑스모이스처코케이선크림,주식회사 큐롬바이오사이언스,2026-01-28 00:00:00
2026003431,니얼지에어터치톤업선크림,바이플레이주식회사,2026-01-28 00:00:00
2026003437,메디리턴농낭릴리프진정톤업선크림미니쿠션,글로벌(주),2026-01-29 00:00:00
2026003518,비디비치얼티밋워터리프레시수딩선크림,(주)신세계인터내셔날,2026-01-29 00:00:00
2026003519,레노마브라이트닝에센스선크림,더라미주식회사,2026-01-29 00:00:00
2026003528,레노마워터풀에센스선크림,더라미주식회사,2026-01-29 00:00:00
2026003529,싸이닉엔조이데일리세이프티무기자차선크림,십일번가주식회사,2026-01-29 00:00:00
2026003549,에픽테토스허워터리페어선크림,국제피부연구센터(ISRC),2026-01-30 00:00:00
2026003653,닥터아토모이스처프레쉬더마선크림,메디앙스(주),2026-01-30 00:00:00
2026003746,딘시더글로우오로라엔엠엔피디알엔퍼플톤업선크림,(주)유한양행,2026-02-02 00:00:00
2026003882,티암유브이쉴드톤업선크림,주식회사파이어웍스,2026-02-03 00:00:00
2026004027,비오진알부민멜라리셋톤업선크림,(주)지니씨앤씨,2026-02-04 00:00:00
2026004034,폴라탐서프라이즈유브이선크림,(주)폴라탐,2026-02-04 00:00:00
2026004080,아유쉬센텔라시카글로우선크림,라이프클린주식회사,2026-02-05 00:00:00
2026004093,메이크프렘유브이디펜스미노세범선크림플러스,(주)매그니프,2026-02-05 00:00:00
2026004098,라니쥬리텐셜선크림,주식회사티엠컴퍼니,2026-02-05 00:00:00
2026004099,3더블유클리닉로즈톤업선크림,(주)한국자이화장품,2026-02-05 00:00:00
2026004103,바닐라코에센스스킨하이드레이팅듀선크림,㈜에프앤코,2026-02-05 00:00:00
2026004108,투투데이시카선크림,인타글리오(주),2026-02-05 00:00:00
2026004139,무신사스탠다드뷰티퍼펙트실드마일드선크림,주식회사무신사,2026-02-05 00:00:00
2026004140,무신사스탠다드뷰티퍼펙트실드톤업선크림,주식회사무신사,2026-02-05 00:00:00
2026004212,싸이닉엔조이파데스킵보송톤업선크림,십일번가주식회사,2026-02-05 00:00:00
2026004262,루이본프레쉬시카선크림,주식회사더필,2026-02-06 00:00:00
2026004314,볼타씬시아올리브밸런싱선크림,주식회사데벨로,2026-02-06 00:00:00
2026004322,뷰티지아나이미선선크림,(주)박랩글로벌,2026-02-06 00:00:00
2026004371,리더스코스메틱데일리모이스처선크림,(주)리더스코스메틱,2026-02-09 00:00:00
2026004410,수려한발효효윤콜라겐기미커버선크림,(주)엘지생활건강,2026-02-09 00:00:00
2026004415,큐어알파알로에워터리선크림,(주)김정문알로에,2026-02-09 00:00:00
2026004431,티암유브이쉴드노세범선크림,주식회사파이어웍스,2026-02-09 00:00:00
2026004443,비플랫마일드유브이컨트롤선크림,윤지양행(주),2026-02-09 00:00:00
2026004447,영하다선크림,주식회사나다코스메틱,2026-02-09 00:00:00
2026004471,에라포어소프트베일선크림,(주)씨앤씨엘티디,2026-02-09 00:00:00
2026004480,슈링크홈리커버리수딩선크림,(주)클래시스,2026-02-10 00:00:00
2026004484,그레인베이스선크림,(주)파머스그레인,2026-02-10 00:00:00
2026004490,바세린모이스처워터프루프선크림,애경산업(주),2026-02-10 00:00:00
2026004524,에라포어소프트베일선크림,(주)씨앤씨엘티디,2026-02-11 00:00:00
2026004619,자주쌀수분진정톤업선크림SPF50+PA++++,(주)신세계까사,2026-02-10 00:00:00
2026004625,자주쌀수분진정선크림SPF50+PA++++,(주)신세계까사,2026-02-10 00:00:00
2026004634,아브카백탁눈시림적은선크림,주식회사에이치피씨앤컴퍼니,2026-02-10 00:00:00
2026004662,팜스테이오일프리유브이디펜스선크림,(주)명인화장품,2026-02-11 00:00:00
2026004674,오름톤업선크림,골든클리프,2026-02-11 00:00:00
2026004687,휩드머그트리비건쿨링수분선크림,주식회사세모컴퍼니,2026-02-11 00:00:00
2026004823,심플글로우워터풀베이스선크림,뷰티젤,2026-02-11 00:00:00
2026004917,포레스트서울귤타민나이아신잡티톤업선크림,유한킴벌리(주),2026-02-12 00:00:00
2026004943,포레스트서울비건에센스수분선크림,유한킴벌리(주),2026-02-12 00:00:00
2026004950,포레스트서울비건파데프리선크림,유한킴벌리(주),2026-02-12 00:00:00
2026004971,노브랜드스무드톤업선크림,(주)이마트,2026-02-12 00:00:00
2026004977,노브랜드프레쉬데일리선크림,(주)이마트,2026-02-12 00:00:00
2026004981,팜스테이콜라겐워터풀모이스트선크림,(주)명인화장품,2026-02-12 00:00:00
2026004996,모나쥬올데이라멜선크림,(주)라이프센셜,2026-02-12 00:00:00
2026005010,팜스테이시카팜네이쳐솔루션선크림,(주)명인화장품,2026-02-12 00:00:00
2026005056,마데카21테카솔루션수딩선크림,동국제약주식회사,2026-02-13 00:00:00
2026005096,애퓌시카모이스처베리어선크림,(주)꼬레아티에스,2026-02-13 00:00:00
2026005101,리더스데일리모이스처선크림,(주)리더스코스메틱,2026-02-13 00:00:00
2026005109,위아핑크글로우핏선크림,(주)코리아나화장품,2026-02-13 00:00:00
2026005265,공후하결프레스티지올케어선크림,공후하코스메틱(주),2026-02-19 00:00:00
2026005293,바닐라코에센스스킨톤업씨씨선크림,㈜에프앤코,2026-02-20 00:00:00
2026005302,몽클로스피디알엔수분선크림,주식회사베릭,2026-02-19 00:00:00
2026005304,휩드피치페어비건톤업캡슐선크림,주식회사세모컴퍼니,2026-02-19 00:00:00
2026005305,오브제내추럴톤업선크림,주식회사어댑트,2026-02-19 00:00:00
2026005338,선글로스글로우업무기자차선크림쿨,주식회사디마프,2026-02-20 00:00:00
2026005353,에인에이선크림,에인에이 주식회사,2026-02-20 00:00:00
2026005381,델브모이스처톤업선크림,디아트랩주식회사,2026-02-20 00:00:00
2026005397,와이즐리소프트마일드선크림,주식회사와이즐리컴퍼니,2026-02-20 00:00:00
2026005455,아토오겔베이비선크림,닥터드마겔(주),2026-02-23 00:00:00
2026005496,3더블유클리닉글루타티온앤콜라겐톤업선크림,(주)한국자이화장품,2026-02-23 00:00:00
2026005511,시카진정페이셜키트6스텝시카수분선크림,(주)죠이라이프,2026-02-23 00:00:00
2026005536,그라센워터프루프파운데이션프리선크림,(주)스킨애플,2026-02-23 00:00:00
2026005548,그라센모이스처유브이아쿠아핏선크림,(주)스킨애플,2026-02-23 00:00:00
2026005562,그라센알로에시카그린톤업선크림,(주)스킨애플,2026-02-23 00:00:00
2026005626,에스엔피프렙아쿠아선크림,(주)에스디생명공학,2026-02-24 00:00:00
2026005636,라비오뜨콜라겐피디알엔마일드선크림,(주)라비오뜨,2026-02-24 00:00:00
2026005660,팜스테이피디알엔앤비타민어드밴스드선크림,(주)명인화장품,2026-02-24 00:00:00
2026005662,블랑드비선크림,주식회사블랑드비,2026-02-24 00:00:00
2026005687,에어무드핑크톤업물결선크림,주식회사어센트무드,2026-02-24 00:00:00
2026005709,닥터바르고피디알엔리페어톤업선크림이엑스,주식회사한미생활건강,2026-02-24 00:00:00
2026005751,투비건컬러푸드시리즈블루워터핏데일리선크림,주식회사토브,2026-02-24 00:00:00
2026005820,델브모이스처로션선크림,디아트랩주식회사,2026-02-25 00:00:00
2026005874,차앤맘피토세린이지워시마일드선크림,(주)차바이오에프앤씨,2026-02-25 00:00:00
2026005880,스킨투엠투쉴드365에이지리스자생캡슐선크림,(주)일진코스메틱,2026-02-26 00:00:00
2026005883,칼미아유브이디펜스선크림,(주)미도화장품,2026-02-25 00:00:00
2026005935,하루휴가소프트쉐이드선크림,주식회사타이거퀀텀,2026-02-26 00:00:00
2026005936,나도미카카두플럼에브리데이선크림,송죽화장품,2026-02-26 00:00:00
2026005937,시카포스트케어선크림,(주)로쥬네스,2026-02-26 00:00:00
2026005978,유이크바이옴레미디워터프루프선크림SPF50+PA++++,주식회사지놈앤컴퍼니,2026-02-26 00:00:00
2026006082,달글로우인서울흰목이버섯시카수분스킨핏선크림,에끌라서울코스메틱스,2026-02-27 00:00:00
2026006085,닥터랄라페이셜선크림,주식회사닥터메이,2026-02-27 00:00:00
2026006088,레비온알엑스피디알엔이지에프오리진리쥬비네이팅수분선크림,씨에이치디제약주식회사,2026-02-27 00:00:00
2026006091,그레이즈포인트에어오브메모리핸드선크림,주식회사에이오티코퍼레이션,2026-02-27 00:00:00
2026006111,미니멀니즈선크림,비카인드랩,2026-02-27 00:00:00
2026006234,휘트리고움투인원비비선크림21호라이트베이지,주식회사파마누코,2026-03-03 00:00:00
2026006311,투비건컬러푸드시리즈퍼플스킨핏마일드선크림,주식회사토브,2026-03-03 00:00:00
2026006320,닥터문프리미엄알로에베라워터프루프선크림,주식회사에이앤에스,2026-03-03 00:00:00
2026006393,이즈앤트리히알루론산에어리바디선크림,(주)이즈앤트리,2026-03-04 00:00:00
2026006576,유브이스킨톤업선크림,(주)에이치케이코스메틱,2026-03-05 00:00:00
2026006625,오쎄소이베베베이비선크림,(주)오쎄,2026-03-05 00:00:00
2026006649,더페이스샵유브이스킨플러스수분밸런스선크림,(주)엘지생활건강,2026-03-05 00:00:00
2026006660,미닉노세범블루캐모마일수분선크림,주식회사세이지그로우,2026-03-05 00:00:00
2026006782,더페이스샵유브이스킨플러스워터프루프선크림,(주)엘지생활건강,2026-03-06 00:00:00
2026006889,브이티피디알엔이씨엠에어클라우드멜라케어선크림,(주)브이티코스메틱,2026-03-06 00:00:00
2026006907,오닝바이브파인샷엑소좀모이스처수딩선크림,원더박스랩 주식회사,2026-03-09 00:00:00
2026006909,마일드랩에어베리어무기자차선크림,주식회사밀리밀,2026-03-09 00:00:00
2026007008,피부농부쌀글로우선크림,(주)동방코스메틱,2026-03-09 00:00:00
2026007010,그린베리어카밍선크림,나니조아,2026-03-09 00:00:00
2026007011,싸이닉엔조이워터프루프수분선크림,십일번가주식회사,2026-03-09 00:00:00
2026007013,라이스브란마일드수분선크림,주식회사엔아이씨,2026-03-09 00:00:00
2026007015,쎄노라유브이프로텍션글로우선크림,주식회사에스지에프앤비,2026-03-09 00:00:00
2026007120,웨즈페론터치더선데일리선크림,웨즈페론,2026-03-10 00:00:00
2026007267,히어유아토닝선크림,(주)웰빙헬스팜,2026-03-11 00:00:00
2026007274,르시모히알루론산수딩아쿠아선크림,주식회사에비에코리아,2026-03-11 00:00:00
2026007284,오파메스유브이데일리톤업선크림위드스킨수딩케어,주식회사동양에스앤씨,2026-03-11 00:00:00
2026007287,미니멀니즈라벤더톤업선크림,비카인드랩,2026-03-11 00:00:00
2026007288,오파메스유브이밸런스쉴드어드밴스드선크림,주식회사동양에스앤씨,2026-03-11 00:00:00
2026007322,바른채움무기자차채움선크림,주식회사인포그린,2026-03-11 00:00:00
2026007361,멜리지1826핑크비타민율무톤업선크림,주식회사셀레스트,2026-03-11 00:00:00
2026007410,솔바이브에브리씽미네랄알파인보드선크림,(주)에스피아이,2026-03-12 00:00:00
2026007438,솔바이브에브리씽미네랄오션서프선크림,(주)에스피아이,2026-03-12 00:00:00
2026007477,셀라보워터다이브선크림퍼펙트스킨케어,주식회사블루존와이드,2026-03-13 00:00:00
2026007495,지베르니워터글로우선크림,(주)비앤에이치코스메틱,2026-03-13 00:00:00
2026007518,블링썸핑크한방울톤업선크림,(주)야보스,2026-03-13 00:00:00
2026007527,노일리스킨에어리물빛선크림,주식회사쿠즈코퍼레이션,2026-03-13 00:00:00
2026007543,팜스테이히아루로닉아쿠아선크림,제이엘투,2026-03-13 00:00:00
2026007590,원데이즈유콜라겐글로우선크림,주식회사오유인터내셔널,2026-03-13 00:00:00
2026007604,조선미녀데이스크린틴티드선크림21더블유,주식회사구다이글로벌,2026-03-16 00:00:00
2026007605,조선미녀데이스크린틴티드선크림25더블유,주식회사구다이글로벌,2026-03-16 00:00:00
2026007611,톤핏선티엑스에이수분토닝비건선크림,한국화장품(주),2026-03-16 00:00:00
2026007622,조선미녀데이스크린틴티드선크림15씨,주식회사구다이글로벌,2026-03-16 00:00:00
2026007623,조선미녀데이스크린틴티드선크림17엔,주식회사구다이글로벌,2026-03-16 00:00:00
2026007624,조선미녀데이스크린틴티드선크림23엔,주식회사구다이글로벌,2026-03-16 00:00:00
2026007625,조선미녀데이스크린틴티드선크림29엔,주식회사구다이글로벌,2026-03-16 00:00:00
2026007684,닥터문프리미엄알로에베라울트라선크림,주식회사에이앤에스,2026-03-16 00:00:00
2026007692,에스쁘아워터스플래쉬선크림세라마이드에스피에프50+피에이++++,(주)에스쁘아,2026-03-16 00:00:00
2026007697,더마팩토리시카66퍼센트선크림,주식회사 비앤씨글로벌,2026-03-16 00:00:00
2026007735,셀라벨데일리리페어선크림,주식회사스킨클루,2026-03-17 00:00:00
2026007756,마일드랩에어베리어비타수분선크림,주식회사밀리밀,2026-03-17 00:00:00
2026007761,라라비치에코배리어무기자차선크림,주식회사라라비치,2026-03-17 00:00:00
2026007779,아요델멜라즈노톤업선크림,비엔케이코스텍,2026-03-17 00:00:00
2026007801,이브스러브데일리내추럴선크림콜라겐앤비타민비파이브,(주)이노보떼,2026-03-17 00:00:00
2026007804,맥스웬비타민씨유브이프로텍트선크림,(주)이노보떼,2026-03-17 00:00:00
2026007855,록시톡스프로텍션선크림,(주)아로마라이프,2026-03-18 00:00:00
2026007869,쏘큐감자선크림,주식회사지원바이오,2026-03-18 00:00:00
2026007935,라비오뜨콜라겐피디알엔톤업선크림,(주)라비오뜨,2026-03-18 00:00:00
2026007968,솔바이브에브리씽액티브런선크림,(주)에스피아이,2026-03-18 00:00:00
2026007987,네이처뷰티멀티프로텍션톤업선크림,주식회사유어레이블,2026-03-18 00:00:00
2026007992,솔바이브에브리씽포레스트하이크선크림,(주)에스피아이,2026-03-18 00:00:00
2026008029,라네즈워터뱅크블루톤업선크림,(주)아모레퍼시픽,2026-03-19 00:00:00
2026008050,아이엔브이유콜라젠톤업선크림,제닉코스메틱,2026-03-19 00:00:00
2026008092,해가림선크림,윤슬글로벌주식회사,2026-03-19 00:00:00
2026008137,위아소프트핏선크림,주식회사더블유홀딩스,2026-03-19 00:00:00
2026008143,위아프로핏선크림,주식회사더블유홀딩스,2026-03-19 00:00:00
2026008148,아비샤피디알엔스마트올인원리페어에센스선크림SPF50PA++++,(주)유알지,2026-03-19 00:00:00
2026008222,리브코이스트롱쉴드선크림,제이인터네셔널(J International),2026-03-20 00:00:00
2026008229,엔이브울트라모이스처라이징선크림,비케이인터내셔널주식회사,2026-03-20 00:00:00
2026008255,뷰진주알글로우톤업선크림,(주)지에스리테일,2026-03-20 00:00:00
2026008257,에필로우내추럴글로우누드톤업파데프리선크림,주식회사리바이탈랩,2026-03-20 00:00:00
2026008293,보떼덤엘리시어선크림,주식회사브이피엔,2026-03-23 00:00:00
2026008294,엘리메르글로우멜라피디알엔리페어선크림,주식회사뷰티에어포트,2026-03-23 00:00:00
2026008296,엘리메르글로우멜라비타톤업선크림,주식회사뷰티에어포트,2026-03-23 00:00:00
2026008297,수분랩서울에어리모이스쳐선크림,주식회사홀블렌딩,2026-03-23 00:00:00
2026008423,포뷰트보송선크림,주식회사딥포인트,2026-03-24 00:00:00
2026008481,네리티아세럼선크림,더젊음마켓,2026-03-24 00:00:00
2026008522,마리틀베일픽싱선크림,주식회사케이엠비,2026-03-25 00:00:00
2026008649,마메드러윤기선크림,마메드러,2026-03-26 00:00:00
2026008668,에스쁘아워터스플래쉬선크림탠글로우,(주)에스쁘아,2026-03-26 00:00:00
2026008676,샤젠소양미선크림,주식회사 코아셀텍,2026-03-26 00:00:00
2026008678,샤젠소음미선크림,주식회사 코아셀텍,2026-03-26 00:00:00
2026008686,샤젠태양미선크림,주식회사 코아셀텍,2026-03-26 00:00:00
2026008688,샤젠태음미선크림,주식회사 코아셀텍,2026-03-26 00:00:00
2026008709,3더블유클리닉콜라겐파데프리선크림,(주)한국자이화장품,2026-03-26 00:00:00
2026008749,라비오라워터베리어하이드로선크림,주식회사비온코스,2026-03-26 00:00:00
2026008808,낫씨백케이프알로에진정수분선크림,(주)코씨드바이오팜,2026-03-27 00:00:00
2026008825,바이오믹유브이엠멀티액티브선크림,주식회사코스마이징,2026-03-27 00:00:00
2026008872,위아이지핏맨선크림,주식회사더블유홀딩스,2026-03-27 00:00:00
2026008873,위아스킨핏선크림,주식회사더블유홀딩스,2026-03-27 00:00:00
2026008893,더페이스샵유브이스킨플러스퍼플톤업선크림,(주)엘지생활건강,2026-03-30 00:00:00
2026008904,네오젠더마로지데이라이트프로텍션수분선크림,(주)아우딘퓨쳐스,2026-03-30 00:00:00
2026008911,라시뎀스킨시브포스트페어퍼펙트커버선크림,스킨힐사이언스(Skin Hill Science),2026-03-30 00:00:00
2026008965,리포데이듀얼피디알엔바이탈선크림,(주)와우바이오텍,2026-03-30 00:00:00
2026009002,더페이스샵유브이스킨플러스블루톤업선크림,(주)엘지생활건강,2026-03-30 00:00:00
2026009019,넥스코데일리선크림,(주)해피엘앤비,2026-03-31 00:00:00
2026009022,이지화이트닝선크림,(주)해피엘앤비,2026-03-31 00:00:00
2026009040,오르진하이드레이팅피디알엔선크림,주식회사올글로우코스메틱(Or Glow Cosmetics Corp.),2026-03-31 00:00:00
2026009056,바비유프로텍션콜라겐컴플렉스톤업선크림,주식회사코스랩스,2026-03-31 00:00:00
2026009115,에이치케이퍼펙트선크림,한국콜마(주),2026-03-31 00:00:00
2026009117,나나비콜라겐톤업선크림,주식회사정인,2026-03-31 00:00:00
2026009131,나나비비타민톤업선크림,주식회사정인,2026-03-31 00:00:00
2026009133,나나비히알루론산톤업선크림,주식회사정인,2026-03-31 00:00:00
2026009134,나나비판테놀톤업선크림,주식회사정인,2026-03-31 00:00:00
2026009137,주올알로에프레쉬선크림,주식회사정인,2026-03-31 00:00:00
2026009138,주올스네일모이스트선크림,주식회사정인,2026-03-31 00:00:00
2026009140,주올콜라겐프로텍터선크림,주식회사정인,2026-03-31 00:00:00
2026009143,주올비타민밸런스선크림,주식회사정인,2026-03-31 00:00:00
2026009191,오비오드세라나드데일리모이스처미네랄선크림,주식회사크래프테라,2026-03-31 00:00:00
2026009198,솔럭스스네일선크림,주식회사정인,2026-04-01 00:00:00
2026009218,김폭삭유브이디펜스선크림,주식회사피엘코리아무역,2026-04-01 00:00:00
2026009240,솜브리야선클립데일리선크림,"주식회사 소울메이커스(Soul Makers Co.,Ltd.)",2026-04-01 00:00:00
2026009247,마이해린엑소좀톤업선크림플러스,(주)웰메이드생활건강,2026-04-01 00:00:00
2026009290,성분에디터실크펩타이드이지에프데일리선크림,주식회사올리브인터내셔널,2026-04-01 00:00:00
2026009303,트릿시카프리미엄선크림,(주)세바바이오텍,2026-04-02 00:00:00
2026009361,키스링아쿠아쉴드톤업선크림,에이한에브리웨어주식회사,2026-04-02 00:00:00
2026009395,퍼펙트수분선크림,한국콜마(주),2026-04-02 00:00:00
2026009404,퍼펙트시카선크림,한국콜마(주),2026-04-02 00:00:00
2026009458,뉴시아로얄시그니처멀티프로텍터선크림,뉴시아코리아(주),2026-04-03 00:00:00
2026009464,더마쉴드선크림,주식회사클림컴퍼니,2026-04-03 00:00:00
2026009465,파파레서피리얼센텔라시카워터풀밸런스선크림,주식회사에이비티아시아,2026-04-03 00:00:00
2026009490,3더블유클리닉시카톤업선크림,(주)한국자이화장품,2026-04-03 00:00:00
2026009547,닥터리본엑소좀앰플리페어선크림,주식회사닥터발란스뷰티,2026-04-06 00:00:00
2026009550,닥터랩올데이디펜스선크림에스피에프50+피에이+++,(주)이트리얼,2026-04-06 00:00:00
2026009556,에스쁘아워터스플래쉬선크림퀵수딩,(주)에스쁘아,2026-04-06 00:00:00
2026009578,커버퀸워터풀톤업선크림,(주)오퍼스컴퍼니,2026-04-06 00:00:00
2026009586,더레이디포어토닝핑크톡스톤업선크림,라온커머스주식회사,2026-04-06 00:00:00
2026009704,쏘네뮤실키선크림,㈜바름메디,2026-04-07 00:00:00
2026009723,밀드플레르글로잉로제톤업선크림,주식회사밀드플레르,2026-04-07 00:00:00
2026009766,달바워터풀톤업선크림블루,주식회사달바글로벌,2026-04-07 00:00:00
2026009807,세타보우스브라이트닝선크림,(주)에스테르,2026-04-08 00:00:00
2026009813,앤서나인틴올데이쿨링선크림,에이치제이퓨쳐스(HJ퓨쳐스),2026-04-08 00:00:00
2026009825,크니브유브이글로우업선크림,주식회사위미에르,2026-04-08 00:00:00
2026009838,비타터닝유브이쉴드선크림,주식회사엠앤코스,2026-04-08 00:00:00
2026009840,비노트글로우피디알엔핑크톤업선크림,(주)이스트엔드비노트,2026-04-08 00:00:00
2026009933,달빛아쿠아퓨어카밍선크림,호은인터네셔널,2026-04-09 00:00:00
2026009937,달빛매트톤업카밍선크림,호은인터네셔널,2026-04-09 00:00:00
2026009952,닥터멜락신티엑스아스타잔틴기미미백캡슐선크림2.0,주식회사브랜드501,2026-04-09 00:00:00
2026009975,프레티글로우핏톤업선크림,씨앤텍 주식회사,2026-04-09 00:00:00
2026010047,텐제로피디알엔콜라겐선크림,(주)아트페이스,2026-04-09 00:00:00
2026010079,로벡틴카밍연꽃수피디알엔선크림,알엘에이피(주),2026-04-10 00:00:00
2026010099,퓨어그램워터풀에센스선크림SPF50+PA++++,주식회사중원,2026-04-10 00:00:00
2026010188,허브에이드멜라메딕선크림,주식회사쥬니템,2026-04-10 00:00:00
2026010192,이노앙유기농인증무기자차선크림,(주)메이블,2026-04-10 00:00:00
2026010338,피디알엔톤업선크림,일양약품(주),2026-04-13 00:00:00
2026010339,에끌라두톤업커버선크림,주식회사 에끌라두,2026-04-13 00:00:00
2026010348,케이비에이리버스화이트선크림,이스터너생명과학(주),2026-04-13 00:00:00
2026010353,데이셀닥터비타피디알엔판테솔선크림,데이셀코스메틱(주),2026-04-13 00:00:00
2026010354,솜브리야선클립아웃도어선크림,"주식회사 소울메이커스(Soul Makers Co.,Ltd.)",2026-04-13 00:00:00
2026010360,피디알엔바이오에볼루션센시티브선크림,(주)스와니코코,2026-04-13 00:00:00
2026010377,오레아더마글로우톤업선크림,비코빅,2026-04-13 00:00:00
2026010422,타임멜로디보톡실크스킨핏선크림,(주)스킨애플,2026-04-13 00:00:00
2026010450,리안유브이퍼펙트히알루로닉선크림,(주)오브이코스(OVCOS),2026-04-14 00:00:00
2026010493,넘버즈인엔엠엔나인펩타이드듀이선크림,주식회사비나우,2026-04-14 00:00:00
2026010559,더미아랩리페어톤업선크림,(주)에스테르,2026-04-14 00:00:00
2026010587,큐씨원비타민선크림,이스터너생명과학(주),2026-04-15 00:00:00
2026010629,히스토어네츄어렌멀티디펜스톤업선크림,주식회사에이치엔컴퍼니,2026-04-15 00:00:00
2026010667,힙스센텔라리페어선크림,(주)팜스메틱,2026-04-15 00:00:00
2026010669,아토비무기자선크림,(주)더원코스메틱,2026-04-15 00:00:00
2026010697,달빛내츄럴톤업글로시선크림,호은인터네셔널,2026-04-15 00:00:00
2026010699,닥터에프파이브에어베일수딩선크림SPF50+PA++++,주식회사오엠에스인터내셔날,2026-04-15 00:00:00
2026010810,리블룸히아루로닉앤세라마이드선크림,(주)명인화장품,2026-04-16 00:00:00
2026010823,버드데이트패밀리러브마일드선크림SPF50+PA++++,(주)버드데이트,2026-04-16 00:00:00
2026010865,브이앤에이뷰티안티옥시던트모이스처선크림,힐러비주식회사,2026-04-17 00:00:00
2026010907,제니셀피디알엔톤업선크림,주식회사나래씨앤에스,2026-04-17 00:00:00
2026010944,키스링아쿠아쉴드모이스트선크림,에이한에브리웨어주식회사,2026-04-17 00:00:00
2026010962,스레드톤업선크림,(주)블랑코퍼레이션,2026-04-19 00:00:00
2026010968,프로랑스쌀눈피디알엔선크림,(주)프로랑스화장품,2026-04-20 00:00:00
2026011010,에이블스킨하이드라글로우선크림SPF50+PA++++,주식회사에이블뷰티랩,2026-04-20 00:00:00
2026011021,썬전스포츠쿨링수분선크림SPF50+PA++++,주식회사썬전,2026-04-20 00:00:00
2026011050,마미케어바다포도포어블러링톤업선크림,주식회사올리브인터내셔널,2026-04-20 00:00:00
2026011078,더마비스카노틱스실키선크림,주식회사더클라세움,2026-04-20 00:00:00
2026011162,미미나무보타니카수딩선크림,주식회사더화인터비즈,2026-04-21 00:00:00
2026011195,미소에르센서티브선크림,(주)박랩글로벌,2026-04-21 00:00:00
2026011280,셀온미아텔로콜라겐이지에프선크림,진진진컴퍼니,2026-04-21 00:00:00
2026011307,몰바니아티초크아쿠아쿨링선크림,주식회사올디브,2026-04-22 00:00:00
2026011312,셀린온센텔라에어리카밍선크림,(주)셀트리온스킨큐어,2026-04-22 00:00:00
2026011469,아르밍시그니처히알루로닉시카선크림,(주)엔베코코스메틱,2026-04-23 00:00:00
2026011490,닥터마미모이스처선크림,(주)스킨애플,2026-04-23 00:00:00
2026011498,베로베네유브이쉴드톤업선크림,(주)해피엘앤비,2026-04-23 00:00:00
2026011554,더블유스킨피디알엔나이아신아마이드티엑스에이3화이트톤업선크림,(주)해피엘앤비,2026-04-23 00:00:00
2026011556,코스메클리어필터알부틴톤업선크림,(주)해피엘앤비,2026-04-23 00:00:00
2026011614,오하이오후누띵크선크림,주식회사아르코스,2026-04-24 00:00:00
2026011750,리베일핑크베일톤업선크림,주식회사코스모코퍼레이션,2026-04-27 00:00:00
2026011772,숌쿨핑글로우톤업선크림,주식회사케르티,2026-04-27 00:00:00
2026011819,카밍시카선크림,(주)지피클럽,2026-04-27 00:00:00
2026011858,울릉어성초진정톤업선크림,주식회사아몬드,2026-04-27 00:00:00
2026011938,시아베리어바이오리페어선크림,(주)제닉,2026-04-28 00:00:00
2026011965,비바스그린카밍밸런스피디알엔선크림,(주)해든화장품,2026-04-28 00:00:00
2026011977,켈바세븐티투배리어선크림SPF50+PA++++,(주)네오메틱,2026-04-28 00:00:00
2026011978,정직한실험실코튼올인원선크림위드패밀리,(주)아이코스코리아,2026-04-28 00:00:00
2026011981,스킨79그린판테놀마일드선크림,스킨79(주),2026-04-28 00:00:00
2026012036,비피블랑쉬마이크로바이옴선크림,(주)세모,2026-04-28 00:00:00
2026012061,프리메이비건무기자차선크림,(주)뷰티리더,2026-04-28 00:00:00
2026012159,데이셀닥터비타스포츠유브이프로텍션선크림,데이셀코스메틱(주),2026-04-29 00:00:00
2026012180,스킨79워터래핑모이스트쿨선크림에스피에프50+피에이++++,스킨79(주),2026-04-29 00:00:00
2026012497,리코셀글로우드롭피디알엔에어리선크림,아이준주식회사,2026-04-30 00:00:00
2026012498,리코셀글로우드롭톤업베이스선크림,아이준주식회사,2026-04-30 00:00:00
2026012537,루미스킨플러스하이프로텍션선크림,대한민국항통국제(주),2026-04-30 00:00:00
2026013097,민트라온퓨어선크림,(주)리즈코퍼레이션,2026-05-06 00:00:00
2026013112,알렌앤퀴나피디알엔아쿠아데일리선크림,주식회사셀리언스,2026-05-06 00:00:00
2026013195,스팀107내추럴톤업선크림,주식회사갯뉴스킨코리아,2026-05-07 00:00:00
2026013243,메디포레나데일리선크림,주식회사루루스,2026-05-06 00:00:00
2026013368,노노트톤핏톤업선크림,에이치엘엘중앙주식회사,2026-05-07 00:00:00
2026013415,에드뷰프레스티지프로텍트선크림,주식회사에버그룹,2026-05-07 00:00:00
2026013559,뮤라브스노우글로우부스팅선크림,주식회사뷰라브,2026-05-08 00:00:00
2026013579,휘트리고움마일드선크림,주식회사파마누코,2026-05-08 00:00:00
2026013695,앙쥬프로페셔날365선크림,(주)이노보떼,2026-05-11 00:00:00
2026013831,나하루톤업선크림SPF50+PA+++,씨앤오코스메틱,2026-05-12 00:00:00
2026013910,키오스킨디판테놀스킨커버선크림라이트,주식회사키오스킨,2026-05-13 00:00:00
2026013912,키오스킨디판테놀스킨커버선크림미디엄,주식회사키오스킨,2026-05-13 00:00:00
2026013978,홍워터선크림,미앤코스메틱,2026-05-13 00:00:00
2026014001,해가림톤핏선크림투,(주)코리아나화장품,2026-05-13 00:00:00
2026014432,밀리밀리500달톤프로틴선크림,(주)밀리어스,2026-05-15 00:00:00
2026014550,선디프제로존유브이배리어에센셜선크림,주식회사케이엘컴퍼니,2026-05-18 00:00:00
2026014551,골든덤지엔알듀얼블록선크림,주식회사 골든크로우,2026-05-18 00:00:00
2026014556,유리프노세범톤업선크림,주식회사피엘스토리,2026-05-18 00:00:00
2026014573,엠비유브이선크림,(주)엘유케이,2026-05-18 00:00:00
2026014622,발란스스킨핏세라캡슐선크림,(주)릴리커버,2026-05-18 00:00:00
2026014811,비브다온시카온선크림,주식회사세어그루,2026-05-19 00:00:00
2026014820,더하이에어핏선크림,(주)오브이코스(OVCOS),2026-05-19 00:00:00
2026014944,와이즐리에어리톤업선크림,주식회사와이즐리컴퍼니,2026-05-20 00:00:00
2026014953,위자드조선누룩톤업선크림,(주)비버글로벌,2026-05-20 00:00:00
2026015071,베이비까멜리아미네랄선크림,주식회사닥터더마퍼트,2026-05-21 00:00:00
2026015085,캐리비안비치울트라선크림,(주)터치미코리아,2026-05-21 00:00:00
2026015179,닥터홈톡스프로바이옴플로라선크림,주식회사유어레이블,2026-05-22 00:00:00
2026015199,프랍모이스처글로우선크림,(주)티인비,2026-05-22 00:00:00
2026015322,투엔티영마일드수분선크림SPF50+PA++++,주식회사투피앤케이,2026-05-25 00:00:00
2026015383,뽀로로선크림,모린주식회사,2026-05-26 00:00:00
2026015414,퍼셀픽셀바이옴하이드로배리어선크림,주식회사퍼셀,2026-05-26 00:00:00
2026015491,저스트포선크림,(주)미도화장품,2026-05-26 00:00:00
2026015495,릴릴파데프리톤업선크림,주식회사리와인드랩,2026-05-26 00:00:00
2026015503,아슬레틱제로아쿠아카밍선크림,우컴퍼니주식회사,2026-05-26 00:00:00
2026015548,엑소아리엘프리미엄안티링클엑소좀선크림,(주)해피엘앤비,2026-05-27 00:00:00
2026015578,플레이셀판테놀클레어선크림,파미셀(주),2026-05-27 00:00:00
2026015600,터치미키즈데일리선크림,(주)터치미코리아,2026-05-27 00:00:00
2026015704,오푸리스데일리페어링톤업선크림,(주)드림씨앤씨,2026-05-27 00:00:00
2026015722,오푸리스데일리핑크톤업선크림,(주)드림씨앤씨,2026-05-27 00:00:00
2026015742,더샘골든베리씨톤업선크림,(주)더샘인터내셔날,2026-05-27 00:00:00
2026015743,후시다인8베리어워터리무기자차선크림,동화약품(주),2026-05-27 00:00:00
2026015793,로즈드서울핑크톤업선크림,(주)해피엘앤비,2026-05-28 00:00:00
2026015821,바세린모이스처선크림페이스앤바디,애경산업(주),2026-05-28 00:00:00
2026015861,쥬스투클렌즈수분선크림,주식회사바이얼스,2026-05-28 00:00:00
2026015963,아크핏비상베타지락토선크림SPF50+PA+++,제이제이코스메틱,2026-05-28 00:00:00
2026016199,솔루아랩트루릴리프365프라이밍선크림,솔루아랩,2026-06-01 00:00:00
2026016342,풀리코직애씨드나이아신씨브라이트닝선크림,주식회사어댑트,2026-06-02 00:00:00
2026016369,노노트워터핏쿨링수분선크림,에이치엘엘중앙주식회사,2026-06-02 00:00:00
2026016447,디어진투명조공오곡선크림,(주)프로덕트온라인,2026-06-02 00:00:00
2026016462,살림백서제로히알테카워터풀수분선크림,주식회사뉴온,2026-06-04 00:00:00
2026016484,닥터이뽀플러스로열퓨어선크림,주식회사멜로즈코리아,2026-06-04 00:00:00
2026016708,에센셜스바이에스더글로우워터풀선크림,에스더포뮬러주식회사,2026-06-05 00:00:00
2026016785,라베니선데이선크림,주식회사인터오리진아이엔씨,2026-06-05 00:00:00
2026016823,아보르베일룩스글로우톤업선크림,주식회사백희,2026-06-08 00:00:00
2026017133,리엔장유브이쉴드에어핏리페어선크림,주식회사액티브비에이치,2026-06-10 00:00:00
2026017169,셀인랩스엠피디알앤퍼펙트쉴드선크림,딜리전시주식회사,2026-06-10 00:00:00
2026017170,셀인랩스엠피디알앤퍼펙트쉴드톤업선크림,딜리전시주식회사,2026-06-10 00:00:00
2026017213,트윈웨일비타비3프레쉬선크림,(주)클린뷰티,2026-06-10 00:00:00
2026017260,서리내저자극수분무기자차선크림,서스티랩,2026-06-10 00:00:00
2026017271,한강서울화이트티에어리워터선크림,한강코스메틱,2026-06-10 00:00:00
2026017303,글로우업리즈화이트더선크림,리즈인터내셔널주식회사,2026-06-10 00:00:00
2026017455,피부미파데프리모공블러톤업선크림,주식회사피비엠,2026-06-11 00:00:00
2026017590,천리수분선크림,천리,2026-06-12 00:00:00
2026017641,라뮤르피디알엔펩콜라겐내추럴톤업선크림,라온커머스주식회사,2026-06-12 00:00:00
2026017701,이다야리플렉터톤업선크림,쿨닥,2026-06-12 00:00:00
2026017703,라운드랩1025독도톤업선크림,서린컴퍼니(주),2026-06-12 00:00:00
2026017782,셀디안하이화이트내추럴글로우톤업선크림,주식회사 더마에스틱,2026-06-14 00:00:00
2026017801,에스씨셀멜라파지퓨어래디언스톤업선크림,주식회사 더마에스틱,2026-06-14 00:00:00
2026017829,이브랜드화이트닝선크림,주식회사엠에이치글로발,2026-06-15 00:00:00
2026017842,프리스카더마진정선크림,주식회사 본코리아,2026-06-15 00:00:00
2026017961,투닷세븐유브이디펜스톤업선크림,주식회사인플기업,2026-06-16 00:00:00
2026017962,투닷세븐유브이디펜스데일리선크림,주식회사인플기업,2026-06-16 00:00:00
2026017983,닥터홈톡스시카엑소피디알엔릴리프선크림,주식회사유어레이블,2026-06-16 00:00:00
2026017995,닥터코리앱솔루트선크림,이스터너생명과학(주),2026-06-16 00:00:00
2026018000,오릭스올데이핏선크림,(주)엘시시,2026-06-16 00:00:00
2026018254,더마홀모이스처선크림,주식회사빅반,2026-06-18 00:00:00
2026018303,글로우톡스라이스선크림,(주)비알코스,2026-06-18 00:00:00
2026018350,더페이스샵파워롱래스팅실키핏콜라겐선크림,(주)엘지생활건강,2026-06-18 00:00:00
2026018367,아제논징크온리이지워시선크림에스피에프35피에이++++,써나틱스(SUNATIX),2026-06-18 00:00:00
2026018389,토니모리스네일피디알엔리커버리선크림,(주)토니모리,2026-06-18 00:00:00
2026018524,원씽시카비5선크림,애경산업(주),2026-06-19 00:00:00
2026018582,애플씨씨데일리유브이선크림SPF50+PA++++,씨앤오코스메틱,2026-06-19 00:00:00
2026018601,연지선크림,주식회사비행,2026-06-19 00:00:00
2026018890,알로엔더화이트래디언스선크림,(주)유니베라,2026-06-22 00:00:00
2026019284,진세노사이드선크림,스킨큐어(주),2026-06-23 00:00:00
2026019311,부쉬맨프로액티브리페어선크림,주식회사부쉬맨,2026-06-23 00:00:00
2026019381,페탈버디리틀블로썸즈모이스쳐선크림,주식회사팽표티하,2026-06-23 00:00:00
2026019608,청하고려인삼시그니처선크림,청하고려인삼(주),2026-06-25 00:00:00
2026019787,오아시스옐로베일선크림,주식회사메디밴스글로벌,2026-06-24 00:00:00
2026019821,아르비엔무기자차톤업선크림,(주)공감비즈,2026-06-24 00:00:00
2026019823,올라라스템셀프리미엄데일리선크림,송죽화장품,2026-06-24 00:00:00
2026019883,무무키허니바나나비디알엔선크림,주식회사크레르,2026-06-25 00:00:00
2026019884,키즈앤베이비이지워시선크림,주식회사편강한방피부과학연구소,2026-06-25 00:00:00
2026019922,버블앤코무화과글로우핏선크림,(주)디어유,2026-06-25 00:00:00
2026020434,썬엑스바이아미어스토어톤업선크림,(주)이노보떼,2026-06-26 00:00:00
2026020546,아이오페포맨퍼펙트솔루션선크림,(주)아모레퍼시픽,2026-06-29 00:00:00
2026020582,포뮬로지퓨어스킨톤업선크림,주식회사이아이피,2026-06-29 00:00:00
2026020648,블레미쉬썬선크림,(주)비타민사이언스,2026-06-29 00:00:00
2026020654,리베일비타글로우톤업선크림,주식회사코스모코퍼레이션,2026-06-30 00:00:00
2026020694,픽셀퓨어글로우핑크톤업선크림,주식회사고스트스튜디오(영업소),2026-06-30 00:00:00
2026020697,노웨이칼라민진정핑크톤업선크림,주식회사유케이,2026-06-30 00:00:00
2026020702,블리브유콜라겐바운싱피디알엔선크림,서린컴퍼니(주),2026-06-30 00:00:00
2026020743,픽셀퓨어글로우핑크톤업선크림,주식회사고스트스튜디오(영업소),2026-06-30 00:00:00
2026020983,랩코스선티에이징파데프리톤업선크림,주식회사제이씨패밀리,2026-06-30 00:00:00
2026021046,바이오드랩플러스엑소시카글로우선크림,원바이원 코스메틱,2026-07-01 00:00:00
2026021070,엔젤선크림유브이프로텍션,주식회사 본코리아,2026-07-01 00:00:00
2026021122,해가림톤핏선크림,윤슬글로벌주식회사,2026-07-01 00:00:00
2026021423,오파메스프라임티유피선크림,주식회사동양에스앤씨,2026-07-02 00:00:00
2026021622,글로우캐비어선크림,폰드그룹주식회사,2026-07-03 00:00:00
2026021721,캐슬린메리퀸란바이이피리얼스킨톤업선크림,주식회사바이미나,2026-07-03 00:00:00
2026021888,프리티스킨피디알엔티엑스원퍼펙트핏핑크톤업선크림,(유)프리티스킨인터내셔널,2026-07-06 00:00:00
2026021980,수노아시카플러스비5카밍베리어선크림SPF50+PA++++,(주)인듀어,2026-07-06 00:00:00
2026022202,더네이처북에브리데이퍼펙트선크림에스피에프50+피에이++++,(주)파머스그레인,2026-07-07 00:00:00
2026022207,유브이배리어더마선크림,인솔주식회사,2026-07-07 00:00:00
2026022701,데쥬벤트유브이디펜스에어선크림,주식회사 데쥬벤트,2026-07-08 00:00:00
2026022868,무아릿메리말차수분워터락선크림,(주)아이비코,2026-07-08 00:00:00
2026022869,히디프퓨어카밍드롭선크림,주식회사메디테라피,2026-07-08 00:00:00
2026023141,콜마수분선크림,한국콜마(주),2026-07-09 00:00:00
2026023160,마녀공장아줄렌히알루로닉2엑스수딩선크림,(주)마녀공장,2026-07-10 00:00:00
2026023187,레이시올로지릴리프듀얼쉴드선크림,주식회사인티그리타스,2026-07-10 00:00:00
2026023191,3더블유클리닉한국미인맑은결선크림,(주)한국자이화장품,2026-07-10 00:00:00
2026023242,골든덤지엔알듀얼블록선크림,주식회사 골든크로우,2026-07-10 00:00:00
2026023249,턴어라운드선크림,턴어라운드,2026-07-11 00:00:00
2026023293,프롬에떼피디알엔엑티베이터선크림SPF50+PA++++,(주)이너프,2026-07-13 00:00:00
2026023319,아우라바이네시픽유자트라넥삼산토닝선크림,주식회사더스킨팩토리,2026-07-13 00:00:00
2026023357,메디랩파이토산하이브리드스킨필터선크림,데이셀코스메틱(주),2026-07-13 00:00:00
2026023372,셀루언스카밍아쿠아선크림,㈜케이에이치,2026-07-14 00:00:00
2026023373,누본셀글로우비비선크림,주식회사블랑두부,2026-07-13 00:00:00
2026023382,복코발효쌀매끈결선크림,(주)파머스그레인,2026-07-13 00:00:00
2026023393,비브다온시카온그린선크림,주식회사세어그루,2026-07-13 00:00:00
2026023398,돌배수분배리어선크림,유한책임회사 배스타일코리아,2026-07-14 00:00:00
2026023419,고운아씨로지글로우선크림,주식회사엠앤코스,2026-07-14 00:00:00
2026023427,씨엔씨피디알엔톤업선크림,(주)천호엔케어,2026-07-14 00:00:00
2026023525,앤소드에쎄라래디언트쉴드선크림SPF50+PA++++,주식회사노을코스메틱,2026-07-14 00:00:00
2026023528,제니픽스징코클리어톤업선크림에스피에프50+피에이++++,주식회사노을코스메틱,2026-07-14 00:00:00
2026023533,제니픽스노니브라이트닝톤업선크림에스피에프50+피에이++++,주식회사노을코스메틱,2026-07-14 00:00:00
2026023534,리즈아라글로우스킨베리어유자선크림에스피에프50+피에이++++,주식회사노을코스메틱,2026-07-14 00:00:00
2026023549,벼리뤼미에르워터리선크림,(주)우신화장품,2026-07-15 00:00:00
2026023557,에이제나더블에스톤업선크림,(주)투에버,2026-07-15 00:00:00
2026023561,에이지디펜스리페어선크림,주식회사가영코스메틱,2026-07-15 00:00:00
2026023577,히디프퓨어블러선크림,주식회사메디테라피,2026-07-15 00:00:00
2026023598,아리랑윤슬담은하양선크림,코드랩,2026-07-15 00:00:00
2026023613,바이오레시피라이스모이스처선크림,(주)웃는생각컴퍼니,2026-07-15 00:00:00
2026023686,유리프글로우톤업선크림,주식회사피엘스토리,2026-07-16 00:00:00
2026023704,벨로라글로우톤업선크림,(주)동방코스메틱,2026-07-16 00:00:00
2026023847,닥터에버스데일리선크림,주식회사동안메디코스,2026-07-20 00:00:00
2026023882,땡큐파머선프로젝트워터선크림SPF50+PA++++,(주)땡큐파머,2026-07-21 00:00:00
2026023970,다비다피디알엔펩타이드선크림,(주)코스리움,2026-07-21 00:00:00
2026024015,큐브마린탈라소선크림,태담바이오주식회사,2026-07-22 00:00:00
2026024067,험피범피어닝360선크림,킴앤서메탈우드,2026-07-22 00:00:00
2026024109,닥터노바메디옥토퍼스유브이가디언무기자차선크림,주식회사노바메디코리아,2026-07-22 00:00:00
2026024126,모아제에이아이글로우리페어틴티드선크림,주식회사무드랩스,2026-07-22 00:00:00
2026024190,미로베리플렉트카밍선크림,주식회사셀프리마,2026-07-23 00:00:00
2026024409,아레이브카밍선크림,엘룩스코리아,2026-07-24 00:00:00
2026024447,루시데라브라이트닝선크림SPF50+PA++++,에이치웍스,2026-07-24 00:00:00
2026024541,세렉소엑소시카울트라에이치에이선크림,(주)에이바이오머티리얼즈,2026-07-27 00:00:00
2026024565,쉬어시카판테놀릴리프선크림,주식회사쉬어,2026-07-27 00:00:00
2026024584,더마팩토리프레쉬수분선크림,(주)제이엘벤처스,2026-07-27 00:00:00
2026024586,더마팩토리워터풀톤업선크림,(주)제이엘벤처스,2026-07-27 00:00:00
2026024628,네이처리퍼블릭캘리포니아알로에톤업선크림,(주)네이처리퍼블릭,2026-07-28 00:00:00
2026024675,리르멜라케어유브이선크림,(주)아이더블유컴퍼니,2026-07-28 00:00:00
2026024710,더마펌엔에이디플러스판테놀포스트케어무기자차선크림,(주)더마펌,2026-07-28 00:00:00
2026024714,수디워터리리커버리톤업선크림,수다이바이오테크놀로지주식회사,2026-07-28 00:00:00
2026024728,셀레시아바이오쉴드선크림,스킨솔루션,2026-07-28 00:00:00
2026024813,넥스트리피디알엔글로우톤업선크림,소유뷰티SOYUBeauty,2026-07-29 00:00:00
2026024864,시카선크림,(주)오브이코스(OVCOS),2026-07-29 00:00:00
2026024971,벨라센올인원선크림에스피에프50+피에이++++,에프앤씨코스메틱,2026-07-30 00:00:00
2026025011,여티여티엑토케어마일드선크림,주식회사와이에스메디,2026-07-30 00:00:00
2026025042,에스폴리오블루플라워선크림SPF50+PA++++,주식회사뷰티인사이드,2026-07-31 00:00:00
2026025058,마법여신피디알엔유브이프로텍터아쿠아선크림,주식회사아우라뷰티랩,2026-07-31 00:00:00
2026025059,마법여신핑크글로우톤업선크림,주식회사아우라뷰티랩,2026-07-31 00:00:00
2026025090,미리피부톤업선크림,(주)에스겔코스메틱,2026-08-03 00:00:00
2026025181,리글램에임선크림,(주)리게더,2026-08-04 00:00:00
2026025191,라멜렉스리쥬멀티라멜라피디알엔선크림,주식회사라멜린,2026-08-04 00:00:00
2026025215,다인스퍼펙트배리어선크림,나드리화장품(주),2026-08-05 00:00:00
2026025222,리엔케이핑크톤업래디언스선크림,힐러비주식회사,2026-08-05 00:00:00
2026025339,테르시아멀티그레인선크림,주식회사 태인월드,2026-08-06 00:00:00
2026025340,뽀나미슈메디데일리선크림,주식회사디앤티홀딩스,2026-08-06 00:00:00
2026025373,미미미히노라이스선크림,주식회사디프라게,2026-08-06 00:00:00
2026025375,센트오브무해선크림울창한숲,무림피앤피주식회사,2026-08-06 00:00:00
2026025382,미라블룸내츄럴톤업선크림SPF50+PA++++,(주)한국미라클피플사,2026-08-06 00:00:00
2026025454,인어스바나나화이트톤업선크림,(주)코스모코스,2026-08-07 00:00:00
2026025479,셀레베글로우캐비어선크림,폰드그룹주식회사,2026-08-07 00:00:00
2026025503,아츄시카피디알엔데일리선크림,주식회사비스타릿,2026-08-07 00:00:00
2026025548,코에벨선크림,(주)미도화장품,2026-08-10 00:00:00
2026025602,로지앤엘933자톤업앤글로우선크림,주식회사로지앤엘(Rosee & EL),2026-08-10 00:00:00
2026025625,안탈라엑토인톤업선크림,주식회사 제이민인터내셔널,2026-08-10 00:00:00
2026025657,데이셀디아트셀오로라진주에센셜화이트선크림,데이셀코스메틱(주),2026-08-11 00:00:00
2026025671,나어릴때에어핏히알루론산선크림,주식회사디엠코스메틱스,2026-08-11 00:00:00
2026025710,아브카백탁적은더블마일드선크림,주식회사에이치피씨앤컴퍼니,2026-08-11 00:00:00
2026025794,부스터바이글로우라이스피디알엔선크림,주식회사 티엘글로벌,2026-08-12 00:00:00
2026025952,닥터엘가나이지에프선크림,시온메드,2026-08-14 00:00:00
2026025992,아츄로즈피디알엔톤업선크림,주식회사비스타릿,2026-08-14 00:00:00
2026026000,쥬베룩피디엘엘에이어드밴스드멜라프로텍팅선크림,"주식회사바임(VAIM Co.,Ltd)",2026-08-14 00:00:00
2026026009,솔잎페이스더와일드선크림,주식회사알고비탈코리아,2026-08-14 00:00:00
2026026032,오니브데일리피디알엔선크림,(주)데이올린,2026-08-14 00:00:00
2026026049,나어릴때에어핏히알루론산퍼프온선크림,주식회사디엠코스메틱스,2026-08-18 00:00:00
2026026142,엠큐엔와이유브이데일리선크림내추럴베이스,(주)웃는생각컴퍼니,2026-08-19 00:00:00
2026026171,엠큐엔와이유브이데일리선크림매트피니쉬,(주)웃는생각컴퍼니,2026-08-19 00:00:00
2026026324,벨레노라화이트컬러체인지캡슐선크림,주식회사 브랜드엘,2026-08-20 00:00:00
